gfx	anim	xmin	ymin	largeur	hauteur	images	ips	fin
0	scene	-19	-46	38	58	1	40	arret
1	scene	-28	-62	55	72	1	40	arret
2	scene	-22	-57	45	67	1	40	arret
3	scene	-21	-36	45	50	1	40	arret
4	scene	-19	-50	38	62	1	40	arret
5	scene	-19	-46	38	58	1	40	arret
10	anim0L	-30	-37	52	41	15	20	static
10	anim0R	-15	-38	32	41	17	20	static
10	anim10L	-18	-42	46	47	20	20	static
10	anim10R	-20	-45	47	49	20	20	static
10	anim11L	-31	-47	70	53	20	20	static
10	anim11R	-19	-47	49	55	18	20	static
10	anim12L	-31	-47	70	53	20	20	static
10	anim12R	-19	-47	49	55	18	20	static
10	anim13L	-31	-47	61	53	20	20	static
10	anim13R	-19	-41	49	49	18	20	static
10	anim14L	-31	-47	61	53	20	20	static
10	anim14R	-19	-41	49	49	18	20	static
10	anim15L	-31	-47	61	53	20	20	static
10	anim15R	-19	-41	49	49	18	20	static
10	anim16L	-31	-47	61	53	20	20	static
10	anim16R	-19	-41	49	49	18	20	static
10	anim17L	-24	-37	52	43	15	20	static
10	anim17R	-19	-38	48	45	15	20	static
10	anim18L	-96	-83	149	86	39	20	static
10	anim18R	-50	-70	144	73	41	20	static
10	anim1L	-24	-73	47	77	28	20	boucle
10	anim1R	-26	-84	54	89	28	20	boucle
10	anim2L	-24	-73	47	77	28	20	boucle
10	anim2R	-26	-84	54	89	28	20	boucle
10	anim3L	-14	-39	26	44	30	20	static
10	anim3R	-11	-38	26	41	27	20	static
10	dieL	-31	-38	54	47	53	40	arret
10	dieR	-13	-37	55	48	79	40	arret
10	hitL	-23	-53	63	57	24	40	static
10	hitR	-33	-55	57	58	24	40	static
10	runB	-12	-37	25	41	20	40	boucle
10	runF	-12	-38	23	43	20	40	boucle
10	runL	-14	-35	31	41	20	40	boucle
10	runR	-12	-33	30	38	20	40	boucle
10	runS	-18	-37	34	40	20	40	boucle
10	staticB	-8	-39	17	42	1	40	arret
10	staticF	-9	-39	17	42	1	40	arret
10	staticL	-8	-38	16	42	1	40	arret
10	staticR	-8	-39	16	42	1	40	arret
10	staticS	-8	-39	16	42	1	40	arret
10	walkB	-8	-39	16	43	28	40	boucle
10	walkF	-8	-38	16	43	28	40	boucle
10	walkL	-11	-39	21	43	28	40	boucle
10	walkR	-8	-37	21	43	30	40	boucle
10	walkS	-12	-38	27	41	28	40	boucle
11	anim0L	-17	-38	30	41	16	20	static
11	anim0R	-10	-39	33	42	19	20	static
11	anim10L	-18	-43	46	48	20	20	static
11	anim10R	-25	-45	52	49	20	20	static
11	anim11L	-31	-47	70	53	20	20	static
11	anim11R	-19	-47	49	55	18	20	static
11	anim12L	-31	-47	70	53	20	20	static
11	anim12R	-19	-47	49	55	18	20	static
11	anim13L	-31	-47	61	53	20	20	static
11	anim13R	-19	-41	49	49	18	20	static
11	anim14L	-31	-47	61	53	20	20	static
11	anim14R	-19	-41	49	49	18	20	static
11	anim15L	-31	-47	61	53	20	20	static
11	anim15R	-19	-41	49	49	18	20	static
11	anim16L	-31	-47	61	53	20	20	static
11	anim16R	-19	-41	49	49	18	20	static
11	anim17L	-24	-37	52	43	15	20	static
11	anim17R	-19	-39	48	46	15	20	static
11	anim18L	-96	-83	149	86	39	20	static
11	anim18R	-50	-70	144	73	41	20	static
11	anim1L	-24	-73	47	77	28	20	boucle
11	anim1R	-25	-84	53	89	28	20	boucle
11	anim2L	-24	-73	47	77	28	20	boucle
11	anim2R	-25	-84	53	89	28	20	boucle
11	anim3L	-14	-39	26	44	30	20	static
11	anim3R	-11	-38	26	41	27	20	static
11	dieL	-31	-38	54	47	53	40	arret
11	dieR	-13	-37	55	49	79	40	arret
11	hitL	-23	-49	63	53	24	40	static
11	hitR	-32	-62	56	65	24	40	static
11	runB	-13	-39	27	43	20	40	boucle
11	runF	-12	-45	24	50	20	40	boucle
11	runL	-16	-38	32	42	20	40	boucle
11	runR	-14	-41	31	45	20	40	boucle
11	runS	-19	-39	36	43	20	40	boucle
11	staticB	-8	-39	17	42	1	40	arret
11	staticF	-9	-39	17	42	1	40	arret
11	staticL	-8	-38	16	42	1	40	arret
11	staticR	-8	-38	16	41	1	40	arret
11	staticS	-8	-39	16	42	1	40	arret
11	walkB	-8	-40	16	44	28	40	boucle
11	walkF	-8	-38	18	43	28	40	boucle
11	walkL	-11	-39	24	43	28	40	boucle
11	walkR	-9	-37	22	43	26	40	boucle
11	walkS	-12	-40	28	44	28	40	boucle
12	staticB	-13	-21	25	24	1	40	arret
12	staticF	-11	-25	22	28	1	40	arret
12	staticL	-7	-22	19	25	1	40	arret
12	staticR	-10	-21	19	24	1	40	arret
12	staticS	-9	-23	21	26	1	40	arret
13	scene	-15	-43	28	48	1	40	arret
20	anim0L	-30	-38	52	42	22	20	static
20	anim0R	-15	-39	33	42	16	20	static
20	anim10L	-18	-42	46	47	20	20	static
20	anim10R	-20	-45	47	49	20	20	static
20	anim11L	-31	-47	70	54	20	20	static
20	anim11R	-19	-47	49	55	18	20	static
20	anim12L	-31	-47	70	54	20	20	static
20	anim12R	-19	-47	49	55	18	20	static
20	anim13L	-31	-47	61	54	21	20	static
20	anim13R	-19	-41	49	49	18	20	static
20	anim14L	-31	-47	61	54	21	20	static
20	anim14R	-19	-41	49	49	18	20	static
20	anim15L	-31	-47	61	54	20	20	static
20	anim15R	-19	-41	49	49	18	20	static
20	anim16L	-31	-47	61	54	21	20	static
20	anim16R	-19	-41	49	49	18	20	static
20	anim17L	-24	-37	52	44	15	20	static
20	anim17R	-19	-39	48	46	15	20	static
20	anim18L	-96	-83	149	86	39	20	static
20	anim18R	-50	-70	144	73	41	20	static
20	anim1L	-23	-81	46	91	28	20	boucle
20	anim1R	-20	-74	59	88	28	20	boucle
20	anim2L	-23	-81	46	91	28	20	boucle
20	anim2R	-20	-74	59	88	28	20	boucle
20	anim3L	-14	-39	26	45	30	20	static
20	anim3R	-12	-39	28	42	27	20	static
20	dieL	-31	-38	54	47	55	40	arret
20	dieR	-13	-37	55	48	67	40	arret
20	hitL	-25	-54	69	58	24	40	static
20	hitR	-36	-68	62	72	24	40	static
20	runB	-12	-37	25	41	20	40	boucle
20	runF	-12	-34	23	39	20	40	boucle
20	runL	-16	-38	34	42	20	40	boucle
20	runR	-14	-36	31	39	20	40	boucle
20	runS	-18	-38	34	42	20	40	boucle
20	staticB	-11	-39	21	42	1	40	arret
20	staticF	-10	-39	19	42	1	40	arret
20	staticL	-9	-39	19	42	1	40	arret
20	staticR	-9	-40	18	43	1	40	arret
20	staticS	-9	-39	17	42	1	40	arret
20	walkB	-8	-39	16	43	28	40	boucle
20	walkF	-8	-38	16	43	28	40	boucle
20	walkL	-11	-40	23	44	28	40	boucle
20	walkR	-8	-38	22	44	26	40	boucle
20	walkS	-12	-39	27	42	28	40	boucle
21	anim0L	-18	-39	33	42	16	20	static
21	anim0R	-11	-39	31	42	19	20	static
21	anim10L	-18	-42	46	47	20	20	static
21	anim10R	-20	-45	47	49	20	20	static
21	anim11L	-31	-47	70	54	20	20	static
21	anim11R	-32	-47	71	53	20	20	static
21	anim12L	-31	-47	70	54	20	20	static
21	anim12R	-19	-47	49	55	18	20	static
21	anim13L	-31	-47	61	54	20	20	static
21	anim13R	-19	-41	49	49	19	20	static
21	anim14L	-31	-47	61	54	20	20	static
21	anim14R	-19	-41	49	49	19	20	static
21	anim15L	-31	-47	61	54	20	20	static
21	anim15R	-19	-41	49	49	18	20	static
21	anim16L	-32	-48	63	55	20	20	static
21	anim16R	-19	-41	49	49	19	20	static
21	anim17L	-24	-37	52	44	15	20	static
21	anim17R	-19	-39	48	46	15	20	static
21	anim18L	-96	-83	149	86	39	20	static
21	anim18R	-50	-70	144	73	41	20	static
21	anim1L	-23	-81	46	91	28	20	boucle
21	anim1R	-20	-74	59	88	28	20	boucle
21	anim2L	-23	-81	46	91	28	20	boucle
21	anim2R	-20	-74	59	88	28	20	boucle
21	anim3L	-14	-39	27	45	30	20	static
21	anim3R	-15	-38	32	41	27	20	static
21	dieL	-31	-38	55	47	55	40	arret
21	dieR	-13	-36	55	47	67	40	arret
21	hitL	-23	-49	63	53	24	40	static
21	hitR	-32	-62	56	65	24	40	static
21	runB	-13	-39	26	44	20	40	boucle
21	runF	-12	-37	23	42	20	40	boucle
21	runL	-17	-42	35	46	20	40	boucle
21	runR	-16	-39	33	43	20	40	boucle
21	runS	-18	-38	34	42	20	40	boucle
21	staticB	-11	-40	21	43	1	40	arret
21	staticF	-10	-39	19	42	1	40	arret
21	staticL	-9	-39	19	42	1	40	arret
21	staticR	-9	-39	18	42	1	40	arret
21	staticS	-9	-39	17	42	1	40	arret
21	walkB	-8	-40	16	44	28	40	boucle
21	walkF	-8	-38	16	43	28	40	boucle
21	walkL	-11	-40	22	44	28	40	boucle
21	walkR	-8	-37	22	43	26	40	boucle
21	walkS	-13	-40	28	44	28	40	boucle
22	staticB	-7	-34	14	37	1	40	arret
22	staticF	-8	-36	15	39	1	40	arret
22	staticL	-7	-33	15	36	1	40	arret
22	staticR	-8	-36	15	40	1	40	arret
22	staticS	-9	-35	16	38	1	40	arret
23	scene	-13	-27	28	36	1	40	arret
30	anim0L	-37	-45	59	48	16	20	static
30	anim0R	-15	-50	52	60	20	20	static
30	anim10L	-16	-33	38	37	20	20	static
30	anim10R	-21	-28	33	32	23	20	static
30	anim11L	-32	-36	72	41	22	20	static
30	anim11R	-17	-41	44	48	18	20	static
30	anim12L	-32	-36	72	41	22	20	static
30	anim12R	-17	-41	44	48	18	20	static
30	anim13L	-32	-30	66	35	22	20	static
30	anim13R	-13	-31	32	37	20	20	static
30	anim14L	-32	-30	66	35	22	20	static
30	anim14R	-13	-31	32	37	20	20	static
30	anim15L	-32	-30	66	35	22	20	static
30	anim15R	-13	-31	32	37	20	20	static
30	anim16L	-32	-30	66	35	22	20	static
30	anim16R	-13	-31	32	37	20	20	static
30	anim17L	-22	-31	49	39	16	20	static
30	anim17R	-20	-31	45	34	15	20	static
30	anim18L	-103	-83	162	86	37	20	static
30	anim18R	-55	-78	159	81	40	20	static
30	anim1L	-43	-48	60	55	20	20	static
30	anim1R	-16	-41	59	52	28	20	boucle
30	anim2L	-43	-48	60	55	20	20	static
30	anim2R	-16	-41	59	52	28	20	boucle
30	anim3L	-15	-29	27	35	30	20	static
30	anim3R	-11	-30	26	33	25	20	static
30	dieL	-11	-30	34	41	31	40	arret
30	dieR	-26	-36	35	44	35	40	arret
30	hitL	-23	-57	62	64	24	40	static
30	hitR	-29	-48	51	51	24	40	static
30	runB	-13	-33	26	38	20	40	boucle
30	runF	-14	-32	31	37	24	40	boucle
30	runL	-19	-33	31	36	24	40	boucle
30	runR	-12	-35	30	38	20	40	boucle
30	runS	-15	-35	36	38	24	40	boucle
30	staticB	-11	-28	24	31	1	40	arret
30	staticF	-11	-30	21	33	1	40	arret
30	staticL	-13	-30	25	33	1	40	arret
30	staticR	-12	-28	23	31	1	40	arret
30	staticS	-13	-29	26	32	1	40	arret
30	walkB	-13	-32	26	38	32	40	boucle
30	walkF	-12	-32	25	37	32	40	boucle
30	walkL	-15	-32	26	36	32	40	boucle
30	walkR	-9	-28	23	33	32	40	boucle
30	walkS	-14	-30	30	33	32	40	boucle
31	anim0L	-28	-51	37	53	22	20	static
31	anim0R	-11	-49	40	58	22	20	static
31	anim10L	-12	-25	29	28	17	20	static
31	anim10R	-24	-28	31	31	17	20	static
31	anim11L	-14	-26	40	31	19	20	static
31	anim11R	-14	-31	34	36	23	20	static
31	anim12L	-14	-26	40	31	19	20	static
31	anim12R	-14	-31	34	36	23	20	static
31	anim13L	-14	-26	36	31	20	20	static
31	anim13R	-14	-28	34	33	23	20	static
31	anim14L	-14	-26	36	31	20	20	static
31	anim14R	-14	-28	34	33	23	20	static
31	anim15L	-14	-26	36	31	20	20	static
31	anim15R	-14	-28	34	33	23	20	static
31	anim16L	-14	-26	36	31	20	20	static
31	anim16R	-14	-28	34	33	23	20	static
31	anim17L	-24	-30	49	34	20	20	static
31	anim17R	-21	-24	48	27	21	20	static
31	anim18L	-102	-78	157	84	39	20	static
31	anim18R	-33	-47	94	50	40	20	static
31	anim1L	-19	-38	30	40	28	20	boucle
31	anim1R	-13	-49	40	61	33	20	static
31	anim2L	-19	-38	30	40	28	20	boucle
31	anim2R	-13	-49	40	61	33	20	static
31	anim3L	-14	-30	23	33	43	20	static
31	anim3R	-11	-30	23	35	46	20	static
31	dieL	-25	-44	43	49	25	40	arret
31	dieR	-19	-47	35	52	25	40	arret
31	hitL	-14	-37	38	39	24	40	static
31	hitR	-25	-40	35	43	28	40	static
31	runB	-11	-29	23	31	20	40	boucle
31	runF	-11	-31	22	33	20	40	boucle
31	runL	-14	-32	23	35	20	40	boucle
31	runR	-12	-33	25	37	20	40	boucle
31	runS	-12	-30	21	32	20	40	boucle
31	staticB	-8	-24	17	26	1	40	arret
31	staticF	-9	-26	18	28	1	40	arret
31	staticL	-10	-25	19	27	1	40	arret
31	staticR	-10	-27	17	30	1	40	arret
31	staticS	-11	-26	18	28	1	40	arret
31	walkB	-11	-27	23	32	28	40	boucle
31	walkF	-9	-28	20	32	28	40	boucle
31	walkL	-11	-26	23	29	32	40	boucle
31	walkR	-9	-27	22	34	34	40	boucle
31	walkS	-13	-27	21	29	28	40	boucle
32	staticB	-10	-16	19	19	1	40	arret
32	staticF	-11	-21	21	24	1	40	arret
32	staticL	-8	-18	19	22	1	40	arret
32	staticR	-11	-17	20	21	1	40	arret
32	staticS	-10	-17	18	20	1	40	arret
33	scene	-10	-32	23	40	1	40	arret
40	anim0L	-30	-37	52	41	22	20	static
40	anim0R	-15	-38	32	41	19	20	static
40	anim10L	-19	-44	48	50	20	20	static
40	anim10R	-20	-44	47	48	20	20	static
40	anim11L	-32	-49	73	55	20	20	static
40	anim11R	-31	-47	69	53	20	20	static
40	anim12L	-32	-49	73	55	20	20	static
40	anim12R	-19	-47	49	55	18	20	static
40	anim13L	-32	-49	63	55	20	20	static
40	anim13R	-19	-41	49	49	18	20	static
40	anim14L	-32	-49	63	55	20	20	static
40	anim14R	-19	-41	49	49	18	20	static
40	anim15L	-32	-49	63	55	20	20	static
40	anim15R	-19	-41	49	49	18	20	static
40	anim16L	-31	-47	61	53	20	20	static
40	anim16R	-19	-41	49	49	18	20	static
40	anim17L	-25	-37	54	43	15	20	static
40	anim17R	-18	-39	47	46	15	20	static
40	anim18L	-96	-83	149	86	39	20	static
40	anim18R	-50	-70	144	73	41	20	static
40	anim1L	-25	-75	59	85	19	20	static
40	anim1R	-25	-82	59	92	19	20	static
40	anim2L	-25	-75	59	85	19	20	static
40	anim2R	-25	-82	59	92	19	20	static
40	anim3L	-14	-38	26	43	30	20	static
40	anim3R	-11	-38	26	41	27	20	static
40	dieL	-31	-37	39	43	37	40	arret
40	dieR	-12	-34	38	43	45	40	arret
40	hitL	-23	-53	61	57	24	40	static
40	hitR	-32	-57	56	60	24	40	static
40	runB	-14	-40	28	44	20	40	boucle
40	runF	-13	-39	25	44	20	40	boucle
40	runL	-17	-40	35	44	20	40	boucle
40	runR	-14	-37	31	41	20	40	boucle
40	runS	-19	-37	36	41	20	40	boucle
40	staticB	-9	-38	18	41	1	40	arret
40	staticF	-10	-38	18	41	1	40	arret
40	staticL	-8	-38	16	41	1	40	arret
40	staticR	-8	-38	16	41	1	40	arret
40	staticS	-8	-38	16	41	1	40	arret
40	walkB	-8	-40	16	44	28	40	boucle
40	walkF	-8	-38	16	43	28	40	boucle
40	walkL	-11	-39	21	43	28	40	boucle
40	walkR	-7	-36	20	42	26	40	boucle
40	walkS	-12	-38	27	42	28	40	boucle
41	anim0L	-17	-42	38	46	15	20	static
41	anim0R	-16	-43	38	47	15	20	static
41	anim10L	-20	-47	53	53	20	20	static
41	anim10R	-24	-49	54	53	20	20	static
41	anim11L	-35	-53	79	60	20	20	static
41	anim11R	-21	-53	54	62	18	20	static
41	anim12L	-35	-53	79	60	20	20	static
41	anim12R	-21	-53	54	62	18	20	static
41	anim13L	-35	-53	63	60	21	20	static
41	anim13R	-23	-46	55	55	18	20	static
41	anim14L	-35	-53	63	60	21	20	static
41	anim14R	-23	-46	55	55	18	20	static
41	anim15L	-35	-53	68	60	20	20	static
41	anim15R	-21	-46	54	55	18	20	static
41	anim16L	-35	-53	63	60	21	20	static
41	anim16R	-23	-46	55	55	18	20	static
41	anim17L	-27	-41	58	48	15	20	static
41	anim17R	-20	-43	52	51	15	20	static
41	anim18L	-106	-92	165	96	39	20	static
41	anim18R	-55	-78	159	82	41	20	static
41	anim1L	-27	-64	51	69	28	20	boucle
41	anim1R	-27	-64	51	69	28	20	boucle
41	anim2L	-27	-64	51	69	28	20	boucle
41	anim2R	-27	-64	51	69	28	20	boucle
41	anim3L	-15	-43	33	51	31	20	static
41	anim3R	-13	-42	27	46	27	20	static
41	dieL	-34	-39	44	46	27	40	arret
41	dieR	-14	-40	42	49	47	40	arret
41	hitL	-25	-58	66	62	24	40	static
41	hitR	-32	-65	58	69	24	40	static
41	runB	-14	-40	30	45	20	40	boucle
41	runF	-13	-38	28	43	20	40	boucle
41	runL	-18	-40	37	44	20	40	boucle
41	runR	-16	-39	35	43	20	40	boucle
41	runS	-21	-42	39	46	20	40	boucle
41	staticB	-10	-43	20	47	1	40	arret
41	staticF	-11	-43	23	47	1	40	arret
41	staticL	-9	-42	19	46	1	40	arret
41	staticR	-12	-43	21	47	1	40	arret
41	staticS	-12	-43	20	46	1	40	arret
41	walkB	-9	-43	23	48	28	40	boucle
41	walkF	-9	-42	21	47	28	40	boucle
41	walkL	-12	-43	28	47	28	40	boucle
41	walkR	-17	-41	32	48	26	40	boucle
41	walkS	-18	-43	34	47	28	40	boucle
42	staticB	-12	-17	23	20	1	40	arret
42	staticF	-12	-21	22	24	1	40	arret
42	staticL	-9	-22	19	26	1	40	arret
42	staticR	-12	-22	20	25	1	40	arret
42	staticS	-6	-21	15	24	1	40	arret
43	scene	-13	-27	28	36	1	40	arret
50	anim0L	-33	-43	50	46	18	20	static
50	anim0R	-13	-47	46	56	20	20	static
50	anim10L	-14	-31	33	35	20	20	static
50	anim10R	-21	-31	31	35	23	20	static
50	anim11L	-29	-32	64	36	22	20	static
50	anim11R	-17	-41	44	48	18	20	static
50	anim12L	-29	-32	64	36	22	20	static
50	anim12R	-17	-41	44	48	18	20	static
50	anim13L	-29	-30	59	34	22	20	static
50	anim13R	-12	-31	30	37	20	20	static
50	anim14L	-29	-30	59	34	22	20	static
50	anim14R	-12	-31	30	37	20	20	static
50	anim15L	-29	-30	59	34	22	20	static
50	anim15R	-12	-31	30	37	20	20	static
50	anim16L	-29	-30	59	34	22	20	static
50	anim16R	-12	-31	30	37	20	20	static
50	anim17L	-19	-30	41	36	16	20	static
50	anim17R	-17	-31	40	34	15	20	static
50	anim18L	-83	-71	131	74	39	20	static
50	anim18R	-44	-60	126	63	40	20	static
50	anim1L	-38	-42	53	49	19	20	static
50	anim1R	-13	-38	54	49	28	20	boucle
50	anim2L	-26	-45	41	48	38	20	static
50	anim2R	-16	-48	40	51	36	20	static
50	anim3L	-14	-30	25	35	27	20	static
50	anim3R	-10	-30	25	33	24	20	static
50	dieL	-9	-29	32	35	31	40	arret
50	dieR	-26	-33	34	42	35	40	arret
50	hitL	-20	-43	54	49	24	40	static
50	hitR	-29	-48	50	51	24	40	static
50	runB	-12	-35	24	39	20	40	boucle
50	runF	-11	-31	23	35	24	40	boucle
50	runL	-17	-31	28	34	24	40	boucle
50	runR	-10	-32	26	35	20	40	boucle
50	runS	-12	-32	29	35	24	40	boucle
50	staticB	-7	-31	15	34	1	40	arret
50	staticF	-7	-31	15	34	1	40	arret
50	staticL	-7	-30	14	34	1	40	arret
50	staticR	-7	-31	15	34	1	40	arret
50	staticS	-7	-30	15	33	1	40	arret
50	walkB	-8	-33	16	38	32	40	boucle
50	walkF	-7	-34	16	38	32	40	boucle
50	walkL	-10	-32	19	35	32	40	boucle
50	walkR	-7	-31	20	37	32	40	boucle
50	walkS	-10	-32	23	35	32	40	boucle
51	anim0L	-33	-41	54	44	18	20	static
51	anim0R	-13	-47	45	56	17	20	static
51	anim10L	-14	-30	33	34	20	20	static
51	anim10R	-21	-29	31	33	23	20	static
51	anim11L	-29	-32	64	36	22	20	static
51	anim11R	-17	-41	44	48	18	20	static
51	anim12L	-29	-32	64	36	22	20	static
51	anim12R	-17	-41	44	48	18	20	static
51	anim13L	-29	-28	59	32	22	20	static
51	anim13R	-14	-30	32	36	20	20	static
51	anim14L	-29	-28	59	32	22	20	static
51	anim14R	-14	-30	32	36	20	20	static
51	anim15L	-29	-28	59	32	22	20	static
51	anim15R	-14	-30	32	36	20	20	static
51	anim16L	-29	-28	59	32	22	20	static
51	anim16R	-14	-30	32	36	20	20	static
51	anim17L	-19	-28	42	34	16	20	static
51	anim17R	-17	-29	40	32	15	20	static
51	anim18L	-83	-74	131	77	41	20	static
51	anim18R	-44	-60	126	63	40	20	static
51	anim1L	-38	-42	53	49	20	20	static
51	anim1R	-13	-38	54	49	28	20	boucle
51	anim2L	-29	-28	59	32	22	20	static
51	anim2R	-14	-30	32	36	20	20	static
51	anim3L	-12	-28	23	33	31	20	static
51	anim3R	-10	-29	22	32	27	20	static
51	dieL	-9	-28	30	37	31	40	arret
51	dieR	-25	-34	33	41	35	40	arret
51	hitL	-20	-49	52	55	24	40	static
51	hitR	-28	-46	49	49	24	40	static
51	runB	-12	-32	24	36	20	40	boucle
51	runF	-10	-36	22	40	24	40	boucle
51	runL	-17	-30	28	33	24	40	boucle
51	runR	-10	-31	25	34	20	40	boucle
51	runS	-12	-33	29	36	24	40	boucle
51	staticB	-7	-28	15	31	1	40	arret
51	staticF	-7	-29	15	32	1	40	arret
51	staticL	-7	-28	14	31	1	40	arret
51	staticR	-7	-29	14	32	1	40	arret
51	staticS	-7	-29	14	32	1	40	arret
51	walkB	-9	-30	18	35	32	40	boucle
51	walkF	-7	-32	17	36	32	40	boucle
51	walkL	-10	-30	20	33	32	40	boucle
51	walkR	-8	-28	21	34	32	40	boucle
51	walkS	-11	-30	24	33	32	40	boucle
52	staticB	-11	-26	22	29	1	40	arret
52	staticF	-12	-35	23	38	1	40	arret
52	staticL	-9	-27	22	31	1	40	arret
52	staticR	-13	-26	23	30	1	40	arret
52	staticS	-11	-27	21	30	1	40	arret
53	scene	-10	-32	23	40	1	40	arret
60	anim0L	-33	-43	58	47	16	20	static
60	anim0R	-19	-43	39	47	21	20	static
60	anim10L	-20	-47	52	53	20	20	static
60	anim10R	-23	-50	53	54	20	20	static
60	anim11L	-35	-53	79	60	20	20	static
60	anim11R	-21	-53	54	62	18	20	static
60	anim12L	-35	-53	79	60	20	20	static
60	anim12R	-21	-53	54	62	18	20	static
60	anim13L	-35	-53	68	60	21	20	static
60	anim13R	-21	-46	54	55	18	20	static
60	anim14L	-35	-53	68	60	21	20	static
60	anim14R	-21	-46	54	55	18	20	static
60	anim15L	-35	-53	68	60	20	20	static
60	anim15R	-21	-46	54	55	18	20	static
60	anim16L	-35	-53	68	60	21	20	static
60	anim16R	-21	-46	54	55	18	20	static
60	anim17L	-27	-41	58	48	15	20	static
60	anim17R	-21	-43	53	51	15	20	static
60	anim18L	-106	-92	165	96	39	20	static
60	anim18R	-55	-78	159	82	41	20	static
60	anim1L	-32	-85	64	89	28	20	boucle
60	anim1R	-31	-81	65	85	20	20	static
60	anim2L	-32	-85	64	89	28	20	boucle
60	anim2R	-31	-81	65	85	20	20	static
60	anim3L	-16	-44	34	52	31	20	static
60	anim3R	-13	-43	29	47	27	20	static
60	dieL	-21	-48	58	52	51	40	arret
60	dieR	-38	-55	61	59	112	40	boucle
60	hitL	-28	-64	73	68	24	40	static
60	hitR	-35	-72	64	76	24	40	static
60	runB	-14	-42	30	47	20	40	boucle
60	runF	-13	-39	28	45	20	40	boucle
60	runL	-18	-42	37	46	20	40	boucle
60	runR	-15	-40	34	44	20	40	boucle
60	runS	-21	-44	39	48	20	40	boucle
60	staticB	-9	-45	18	49	1	40	arret
60	staticF	-10	-45	19	49	1	40	arret
60	staticL	-9	-43	19	47	1	40	arret
60	staticR	-11	-44	20	48	1	40	arret
60	staticS	-12	-44	20	48	1	40	arret
60	walkB	-9	-45	23	50	28	40	boucle
60	walkF	-9	-44	21	49	28	40	boucle
60	walkL	-12	-45	29	48	28	40	boucle
60	walkR	-16	-43	31	49	26	40	boucle
60	walkS	-18	-44	35	48	28	40	boucle
61	anim0L	-16	-43	36	47	15	20	static
61	anim0R	-16	-43	38	47	15	20	static
61	anim10L	-21	-48	54	54	20	20	static
61	anim10R	-23	-48	53	52	20	20	static
61	anim11L	-35	-54	80	61	20	20	static
61	anim11R	-21	-51	53	59	18	20	static
61	anim12L	-35	-54	80	61	20	20	static
61	anim12R	-21	-51	53	59	18	20	static
61	anim13L	-35	-54	69	61	21	20	static
61	anim13R	-21	-45	53	53	18	20	static
61	anim14L	-35	-54	69	61	21	20	static
61	anim14R	-21	-45	53	53	18	20	static
61	anim15L	-35	-54	69	61	20	20	static
61	anim15R	-21	-45	53	53	18	20	static
61	anim16L	-35	-54	69	61	21	20	static
61	anim16R	-21	-45	53	53	18	20	static
61	anim17L	-27	-42	59	49	15	20	static
61	anim17R	-20	-42	51	50	15	20	static
61	anim18L	-106	-92	165	96	39	20	static
61	anim18R	-55	-78	159	82	41	20	static
61	anim1L	-32	-85	64	89	28	20	boucle
61	anim1R	-31	-81	65	85	20	20	static
61	anim2L	-32	-85	64	89	28	20	boucle
61	anim2R	-31	-81	65	85	20	20	static
61	anim3L	-15	-43	33	51	31	20	static
61	anim3R	-13	-43	27	47	27	20	static
61	dieL	-21	-48	58	52	51	40	arret
61	dieR	-38	-55	61	59	112	40	boucle
61	hitL	-28	-64	73	69	24	40	static
61	hitR	-35	-72	64	76	24	40	static
61	runB	-14	-40	30	45	20	40	boucle
61	runF	-13	-38	28	43	20	40	boucle
61	runL	-18	-41	37	45	20	40	boucle
61	runR	-15	-40	33	44	20	40	boucle
61	runS	-20	-41	37	45	20	40	boucle
61	staticB	-10	-41	20	45	1	40	arret
61	staticF	-10	-42	21	46	1	40	arret
61	staticL	-9	-43	19	47	1	40	arret
61	staticR	-11	-42	20	46	1	40	arret
61	staticS	-10	-42	18	45	1	40	arret
61	walkB	-9	-41	22	46	28	40	boucle
61	walkF	-9	-41	20	46	28	40	boucle
61	walkL	-12	-42	28	46	28	40	boucle
61	walkR	-15	-41	29	47	26	40	boucle
61	walkS	-17	-42	33	46	28	40	boucle
62	staticB	-12	-20	23	23	1	40	arret
62	staticF	-11	-31	20	34	1	40	arret
62	staticL	-14	-28	23	32	1	40	arret
62	staticR	-12	-27	24	31	1	40	arret
62	staticS	-7	-27	19	30	1	40	arret
63	scene	-10	-32	23	40	1	40	arret
70	anim0L	-34	-56	62	59	19	20	static
70	anim0R	-28	-75	54	78	23	20	static
70	anim10L	-14	-34	41	38	20	20	static
70	anim10R	-30	-38	40	42	23	20	static
70	anim11L	-29	-38	64	42	22	20	static
70	anim11R	-25	-41	55	48	21	20	static
70	anim12L	-29	-38	64	42	22	20	static
70	anim12R	-25	-41	55	48	21	20	static
70	anim13L	-29	-38	61	42	22	20	static
70	anim13R	-25	-38	55	44	20	20	static
70	anim14L	-29	-38	61	42	22	20	static
70	anim14R	-25	-38	55	44	20	20	static
70	anim15L	-29	-38	61	42	22	20	static
70	anim15R	-25	-38	55	44	20	20	static
70	anim16L	-29	-38	61	42	22	20	static
70	anim16R	-25	-38	55	44	20	20	static
70	anim17L	-19	-36	52	42	16	20	static
70	anim17R	-21	-38	44	41	15	20	static
70	anim18L	-83	-68	131	72	41	20	static
70	anim18R	-44	-60	126	63	40	20	static
70	anim1L	-23	-80	52	84	18	20	static
70	anim1R	-33	-77	69	82	17	20	static
70	anim2L	-23	-80	52	84	18	20	static
70	anim2R	-33	-77	69	82	17	20	static
70	anim3L	-13	-37	33	42	29	20	static
70	anim3R	-21	-39	39	42	25	20	static
70	dieL	-9	-34	38	45	33	40	arret
70	dieR	-30	-40	42	49	31	40	arret
70	hitL	-20	-51	55	57	24	40	static
70	hitR	-28	-46	49	49	24	40	static
70	runB	-19	-33	37	37	20	40	boucle
70	runF	-23	-42	48	45	24	40	boucle
70	runL	-15	-39	28	44	24	40	boucle
70	runR	-14	-41	32	46	20	40	boucle
70	runS	-12	-36	29	39	24	40	boucle
70	staticB	-15	-32	31	35	1	40	arret
70	staticF	-18	-34	33	37	1	40	arret
70	staticL	-7	-32	27	35	1	40	arret
70	staticR	-21	-34	28	37	1	40	arret
70	staticS	-22	-33	29	36	1	40	arret
70	walkB	-18	-34	36	39	32	40	boucle
70	walkF	-18	-36	39	40	32	40	boucle
70	walkL	-9	-32	23	36	32	40	boucle
70	walkR	-18	-34	31	40	32	40	boucle
70	walkS	-22	-30	35	33	32	40	boucle
71	anim0L	-42	-58	69	61	19	20	static
71	anim0R	-26	-66	48	69	23	20	static
71	anim10L	-14	-37	42	42	20	20	static
71	anim10R	-29	-40	39	44	23	20	static
71	anim11L	-29	-39	64	43	22	20	static
71	anim11R	-23	-41	51	48	18	20	static
71	anim12L	-29	-39	64	43	22	20	static
71	anim12R	-23	-41	51	48	18	20	static
71	anim13L	-29	-39	59	43	22	20	static
71	anim13R	-23	-40	51	46	20	20	static
71	anim14L	-29	-39	59	43	22	20	static
71	anim14R	-23	-40	51	46	20	20	static
71	anim15L	-29	-39	59	43	22	20	static
71	anim15R	-23	-40	51	46	20	20	static
71	anim16L	-29	-39	59	43	22	20	static
71	anim16R	-23	-40	51	46	20	20	static
71	anim17L	-19	-37	50	43	16	20	static
71	anim17R	-20	-40	43	43	15	20	static
71	anim18L	-83	-68	131	72	41	20	static
71	anim18R	-44	-60	126	66	40	20	static
71	anim1L	-23	-80	52	84	18	20	static
71	anim1R	-28	-68	60	72	17	20	static
71	anim2L	-23	-80	52	84	18	20	static
71	anim2R	-28	-68	60	72	17	20	static
71	anim3L	-13	-38	30	42	29	20	static
71	anim3R	-18	-39	35	42	25	20	static
71	dieL	-14	-34	44	43	33	40	arret
71	dieR	-31	-37	50	46	31	40	arret
71	hitL	-20	-51	55	57	24	40	static
71	hitR	-28	-46	49	49	24	40	static
71	runB	-16	-38	31	42	20	40	boucle
71	runF	-20	-44	42	47	24	40	boucle
71	runL	-17	-42	30	47	24	40	boucle
71	runR	-12	-44	27	47	20	40	boucle
71	runS	-15	-38	32	41	24	40	boucle
71	staticB	-13	-35	26	38	1	40	arret
71	staticF	-15	-36	27	39	1	40	arret
71	staticL	-7	-35	24	38	1	40	arret
71	staticR	-17	-36	24	39	1	40	arret
71	staticS	-18	-35	25	38	1	40	arret
71	walkB	-14	-37	29	46	32	40	boucle
71	walkF	-15	-38	32	42	32	40	boucle
71	walkL	-9	-37	20	40	32	40	boucle
71	walkR	-15	-36	27	41	32	40	boucle
71	walkS	-18	-37	31	40	32	40	boucle
72	staticB	-14	-19	26	22	1	40	arret
72	staticF	-12	-21	23	24	1	40	arret
72	staticL	-7	-20	21	24	1	40	arret
72	staticR	-14	-20	22	24	1	40	arret
72	staticS	-14	-21	22	24	1	40	arret
73	scene	-15	-43	28	48	1	40	arret
80	anim0L	-33	-47	58	52	15	20	static
80	anim0R	-17	-49	38	53	17	20	static
80	anim10L	-20	-47	51	53	20	20	static
80	anim10R	-22	-51	52	55	20	20	static
80	anim11L	-35	-53	79	60	20	20	static
80	anim11R	-21	-53	54	62	18	20	static
80	anim12L	-35	-53	79	60	20	20	static
80	anim12R	-21	-53	54	62	18	20	static
80	anim13L	-35	-53	68	60	20	20	static
80	anim13R	-21	-50	54	59	18	20	static
80	anim14L	-35	-53	68	60	20	20	static
80	anim14R	-21	-50	54	59	18	20	static
80	anim15L	-35	-53	68	60	20	20	static
80	anim15R	-21	-50	54	59	18	20	static
80	anim16L	-35	-53	68	60	20	20	static
80	anim16R	-21	-50	54	59	18	20	static
80	anim17L	-27	-46	58	53	15	20	static
80	anim17R	-20	-50	52	58	15	20	static
80	anim18L	-106	-92	165	96	39	20	static
80	anim18R	-55	-78	159	82	41	20	static
80	anim1L	-29	-91	46	95	19	20	static
80	anim1R	-20	-93	46	97	19	20	static
80	anim2L	-35	-53	85	60	20	20	static
80	anim2R	-37	-51	70	60	18	20	static
80	anim3L	-16	-49	29	55	30	20	static
80	anim3R	-12	-49	31	53	27	20	static
80	dieL	-42	-81	98	86	37	40	arret
80	dieR	-45	-78	99	85	39	40	arret
80	hitL	-28	-60	77	65	24	40	static
80	hitR	-39	-75	68	79	24	40	static
80	runB	-14	-50	28	55	20	40	boucle
80	runF	-13	-44	25	49	20	40	boucle
80	runL	-17	-46	35	50	20	40	boucle
80	runR	-15	-46	33	50	20	40	boucle
80	runS	-20	-48	38	52	20	40	boucle
80	staticB	-11	-50	23	54	1	40	arret
80	staticF	-14	-50	25	54	1	40	arret
80	staticL	-9	-48	19	52	1	40	arret
80	staticR	-11	-50	20	54	1	40	arret
80	staticS	-9	-50	18	54	1	40	arret
80	walkB	-11	-51	23	55	28	40	boucle
80	walkF	-12	-49	23	54	28	40	boucle
80	walkL	-12	-49	23	53	28	40	boucle
80	walkR	-11	-48	26	54	26	40	boucle
80	walkS	-13	-50	30	54	28	40	boucle
81	anim0L	-15	-38	28	41	16	20	static
81	anim0R	-10	-38	33	41	19	20	static
81	anim10L	-18	-43	46	48	20	20	static
81	anim10R	-25	-45	52	49	20	20	static
81	anim11L	-31	-47	70	53	20	20	static
81	anim11R	-19	-47	49	55	18	20	static
81	anim12L	-31	-47	70	53	20	20	static
81	anim12R	-19	-47	49	55	18	20	static
81	anim13L	-31	-47	61	53	21	20	static
81	anim13R	-19	-41	49	49	18	20	static
81	anim14L	-31	-47	61	53	21	20	static
81	anim14R	-19	-41	49	49	18	20	static
81	anim15L	-31	-47	61	53	20	20	static
81	anim15R	-19	-41	49	49	18	20	static
81	anim16L	-31	-47	61	53	21	20	static
81	anim16R	-19	-41	49	49	18	20	static
81	anim17L	-24	-36	52	42	15	20	static
81	anim17R	-19	-39	48	46	15	20	static
81	anim18L	-96	-83	150	86	39	20	static
81	anim18R	-50	-70	144	73	41	20	static
81	anim1L	-26	-79	38	82	19	20	static
81	anim1R	-18	-82	41	85	19	20	static
81	anim2L	-31	-47	76	53	21	20	static
81	anim2R	-33	-46	63	54	18	20	static
81	anim3L	-14	-38	27	43	30	20	static
81	anim3R	-11	-37	23	40	27	20	static
81	dieL	-42	-81	98	86	37	40	arret
81	dieR	-45	-77	99	82	39	40	arret
81	hitL	-23	-49	63	53	24	40	static
81	hitR	-32	-62	56	65	24	40	static
81	runB	-14	-41	28	45	20	40	boucle
81	runF	-13	-45	25	50	20	40	boucle
81	runL	-17	-39	34	43	20	40	boucle
81	runR	-14	-38	29	41	20	40	boucle
81	runS	-18	-39	34	43	20	40	boucle
81	staticB	-10	-38	20	41	1	40	arret
81	staticF	-12	-38	21	41	1	40	arret
81	staticL	-8	-38	16	42	1	40	arret
81	staticR	-9	-37	17	40	1	40	arret
81	staticS	-8	-38	16	41	1	40	arret
81	walkB	-8	-40	17	44	28	40	boucle
81	walkF	-8	-38	18	43	28	40	boucle
81	walkL	-12	-39	25	43	28	40	boucle
81	walkR	-8	-36	21	42	26	40	boucle
81	walkS	-12	-40	27	44	28	40	boucle
82	staticB	-7	-23	13	26	1	40	arret
82	staticF	-8	-30	14	33	1	40	arret
82	staticL	-6	-29	14	33	1	40	arret
82	staticR	-8	-28	15	32	1	40	arret
82	staticS	-9	-27	18	30	1	40	arret
83	scene	-15	-43	28	48	1	40	arret
90	anim0L	-19	-38	32	41	16	20	static
90	anim0R	-11	-39	31	42	19	20	static
90	anim10L	-18	-42	46	47	20	20	static
90	anim10R	-21	-44	48	48	22	20	static
90	anim11L	-31	-48	70	54	20	20	static
90	anim11R	-19	-47	49	55	18	20	static
90	anim12L	-31	-47	70	53	20	20	static
90	anim12R	-19	-47	49	55	18	20	static
90	anim13L	-31	-47	61	53	20	20	static
90	anim13R	-19	-41	49	49	18	20	static
90	anim14L	-31	-47	61	53	20	20	static
90	anim14R	-19	-41	49	49	18	20	static
90	anim15L	-31	-47	61	53	20	20	static
90	anim15R	-19	-41	49	49	18	20	static
90	anim16L	-32	-47	62	53	20	20	static
90	anim16R	-19	-41	49	49	18	20	static
90	anim17L	-24	-36	52	42	15	20	static
90	anim17R	-18	-39	47	46	15	20	static
90	anim18L	-96	-83	149	86	39	20	static
90	anim18R	-50	-70	144	73	41	20	static
90	anim1L	-33	-39	47	42	28	20	boucle
90	anim1R	-12	-39	45	42	28	20	boucle
90	anim2L	-18	-46	46	51	20	20	static
90	anim2R	-21	-51	48	55	20	20	static
90	anim3L	-14	-39	26	44	30	20	static
90	anim3R	-11	-38	27	41	27	20	static
90	dieL	-31	-37	39	46	37	40	arret
90	dieR	-12	-35	38	46	41	40	arret
90	hitL	-25	-54	69	58	26	40	static
90	hitR	-36	-68	62	72	26	40	static
90	runB	-13	-40	26	44	20	40	boucle
90	runF	-12	-37	23	42	20	40	boucle
90	runL	-17	-40	33	44	20	40	boucle
90	runR	-13	-36	28	39	20	40	boucle
90	runS	-19	-40	35	44	20	40	boucle
90	staticB	-9	-38	19	41	1	40	arret
90	staticF	-10	-39	19	42	1	40	arret
90	staticL	-8	-39	17	42	1	40	arret
90	staticR	-9	-39	17	42	1	40	arret
90	staticS	-8	-39	16	42	1	40	arret
90	walkB	-8	-40	17	44	28	40	boucle
90	walkF	-9	-38	18	43	28	40	boucle
90	walkL	-11	-39	21	43	28	40	boucle
90	walkR	-8	-38	22	44	26	40	boucle
90	walkS	-12	-39	27	42	28	40	boucle
91	anim0L	-16	-38	29	41	16	20	static
91	anim0R	-10	-39	30	42	19	20	static
91	anim10L	-18	-43	46	48	22	20	static
91	anim10R	-20	-45	47	49	20	20	static
91	anim11L	-31	-48	70	54	20	20	static
91	anim11R	-19	-47	49	55	18	20	static
91	anim12L	-31	-47	70	53	20	20	static
91	anim12R	-19	-47	49	55	18	20	static
91	anim13L	-31	-47	61	53	20	20	static
91	anim13R	-19	-41	49	49	18	20	static
91	anim14L	-31	-47	61	53	20	20	static
91	anim14R	-19	-41	49	49	18	20	static
91	anim15L	-31	-47	61	53	20	20	static
91	anim15R	-19	-41	49	49	18	20	static
91	anim16L	-31	-47	61	53	20	20	static
91	anim16R	-19	-41	49	49	18	20	static
91	anim17L	-24	-37	52	43	15	20	static
91	anim17R	-18	-39	47	46	15	20	static
91	anim18L	-96	-83	149	86	39	20	static
91	anim18R	-50	-70	144	73	41	20	static
91	anim1L	-24	-73	47	77	28	20	boucle
91	anim1R	-25	-84	53	89	28	20	boucle
91	anim2L	-18	-46	46	51	20	20	static
91	anim2R	-20	-51	47	55	20	20	static
91	anim3L	-14	-39	26	44	30	20	static
91	anim3R	-11	-38	26	41	27	20	static
91	dieL	-31	-38	39	47	53	40	arret
91	dieR	-13	-37	38	48	79	40	arret
91	hitL	-25	-54	69	58	24	40	static
91	hitR	-36	-68	62	72	24	40	static
91	runB	-12	-36	25	40	20	40	boucle
91	runF	-12	-34	23	39	20	40	boucle
91	runL	-17	-40	34	44	20	40	boucle
91	runR	-15	-40	32	44	20	40	boucle
91	runS	-19	-37	34	40	20	40	boucle
91	staticB	-9	-39	18	42	1	40	arret
91	staticF	-10	-39	18	42	1	40	arret
91	staticL	-8	-38	16	42	1	40	arret
91	staticR	-8	-38	16	41	1	40	arret
91	staticS	-8	-39	16	42	1	40	arret
91	walkB	-8	-39	16	43	28	40	boucle
91	walkF	-8	-38	16	43	28	40	boucle
91	walkL	-11	-40	21	44	28	40	boucle
91	walkR	-7	-37	21	44	26	40	boucle
91	walkS	-12	-39	27	42	28	40	boucle
92	staticB	-22	-32	30	35	1	40	arret
92	staticF	-8	-31	29	34	1	40	arret
92	staticL	-11	-37	21	41	1	40	arret
92	staticR	-8	-36	20	40	1	40	arret
92	staticS	-17	-30	23	33	1	40	arret
93	scene	-10	-32	23	40	1	40	arret
100	anim0L	-30	-50	56	55	28	20	static
100	anim0R	-25	-51	48	61	34	20	static
100	anim10L	-20	-51	54	57	20	20	static
100	anim10R	-32	-53	62	57	20	20	static
100	anim11L	-35	-53	79	60	21	20	static
100	anim11R	-21	-53	54	62	18	20	static
100	anim12L	-35	-53	79	60	21	20	static
100	anim12R	-21	-53	54	62	18	20	static
100	anim13L	-35	-53	68	60	21	20	static
100	anim13R	-21	-50	54	59	18	20	static
100	anim14L	-35	-53	68	60	21	20	static
100	anim14R	-21	-50	54	59	18	20	static
100	anim15L	-35	-53	68	60	20	20	static
100	anim15R	-21	-50	54	59	18	20	static
100	anim16L	-35	-53	68	60	21	20	static
100	anim16R	-21	-50	54	59	18	20	static
100	anim17L	-27	-48	58	55	15	20	static
100	anim17R	-22	-50	54	58	15	20	static
100	anim18L	-106	-92	165	96	39	20	static
100	anim18R	-55	-78	159	82	41	20	static
100	anim1L	-27	-67	41	72	28	20	static
100	anim1R	-12	-62	44	74	30	20	static
100	anim2L	-27	-67	41	72	28	20	static
100	anim2R	-12	-62	44	74	30	20	static
100	anim3L	-21	-50	35	57	31	20	static
100	anim3R	-13	-49	33	53	27	20	static
100	dieL	-9	-47	42	59	33	40	arret
100	dieR	-28	-49	37	53	29	40	arret
100	hitL	-25	-66	62	70	24	40	static
100	hitR	-33	-67	59	71	24	40	static
100	runB	-16	-52	33	59	20	40	boucle
100	runF	-14	-51	31	57	24	40	boucle
100	runL	-28	-48	44	52	24	40	boucle
100	runR	-16	-46	38	50	20	40	boucle
100	runS	-17	-52	40	56	24	40	boucle
100	staticB	-11	-50	23	54	1	40	arret
100	staticF	-11	-50	23	54	1	40	arret
100	staticL	-9	-50	20	54	1	40	arret
100	staticR	-10	-50	20	54	1	40	arret
100	staticS	-10	-50	20	54	1	40	arret
100	walkB	-15	-52	29	58	30	40	boucle
100	walkF	-12	-52	26	58	30	40	boucle
100	walkL	-16	-51	27	55	30	40	boucle
100	walkR	-12	-50	27	57	32	40	boucle
100	walkS	-15	-53	33	57	30	40	boucle
101	anim0L	-21	-46	36	50	15	20	static
101	anim0R	-12	-47	38	51	15	20	static
101	anim10L	-20	-47	51	53	20	20	static
101	anim10R	-25	-48	55	52	20	20	static
101	anim11L	-35	-53	79	60	20	20	static
101	anim11R	-21	-51	53	59	18	20	static
101	anim12L	-35	-53	79	60	20	20	static
101	anim12R	-21	-51	53	59	18	20	static
101	anim13L	-35	-53	68	60	21	20	static
101	anim13R	-21	-45	53	53	18	20	static
101	anim14L	-35	-53	68	60	21	20	static
101	anim14R	-21	-45	53	53	18	20	static
101	anim15L	-35	-53	68	60	20	20	static
101	anim15R	-21	-45	53	53	18	20	static
101	anim16L	-35	-53	68	60	21	20	static
101	anim16R	-21	-45	53	53	18	20	static
101	anim17L	-27	-44	58	51	15	20	static
101	anim17R	-20	-45	51	53	15	20	static
101	anim18L	-106	-92	165	96	39	20	static
101	anim18R	-55	-78	159	82	41	20	static
101	anim1L	-27	-65	52	70	28	20	boucle
101	anim1R	-26	-64	51	69	28	20	boucle
101	anim2L	-27	-65	52	70	28	20	boucle
101	anim2R	-26	-64	51	69	28	20	boucle
101	anim3L	-16	-46	29	52	31	20	static
101	anim3R	-12	-46	30	50	27	20	static
101	dieL	-37	-43	46	50	27	40	arret
101	dieR	-14	-46	44	58	47	40	arret
101	hitL	-28	-64	73	69	24	40	static
101	hitR	-35	-72	64	76	24	40	static
101	runB	-15	-46	31	51	20	40	boucle
101	runF	-13	-51	25	56	20	40	boucle
101	runL	-18	-43	36	47	20	40	boucle
101	runR	-15	-46	34	50	20	40	boucle
101	runS	-22	-45	40	49	20	40	boucle
101	staticB	-9	-46	20	50	1	40	arret
101	staticF	-11	-46	22	50	1	40	arret
101	staticL	-9	-46	19	50	1	40	arret
101	staticR	-9	-46	18	50	1	40	arret
101	staticS	-10	-47	18	51	1	40	arret
101	walkB	-9	-48	19	52	28	40	boucle
101	walkF	-9	-46	21	51	28	40	boucle
101	walkL	-12	-47	23	51	28	40	boucle
101	walkR	-11	-44	25	50	26	40	boucle
101	walkS	-13	-47	30	51	28	40	boucle
102	staticB	-13	-30	24	33	1	40	arret
102	staticF	-13	-37	23	40	1	40	arret
102	staticL	-9	-36	22	40	1	40	arret
102	staticR	-12	-36	23	40	1	40	arret
102	staticS	-12	-32	21	35	1	40	arret
103	scene	-13	-27	28	36	1	40	arret
110	anim0L	-20	-37	39	42	22	20	static
110	anim0R	-23	-38	41	42	21	20	static
110	anim10L	-18	-42	46	47	20	20	static
110	anim10R	-20	-44	47	48	20	20	static
110	anim11L	-31	-47	70	54	20	20	static
110	anim11R	-19	-47	49	55	18	20	static
110	anim12L	-31	-47	70	54	20	20	static
110	anim12R	-19	-47	49	55	18	20	static
110	anim13L	-31	-47	61	54	21	20	static
110	anim13R	-19	-41	49	49	18	20	static
110	anim14L	-31	-47	61	54	21	20	static
110	anim14R	-19	-41	49	49	18	20	static
110	anim15L	-31	-47	61	54	20	20	static
110	anim15R	-19	-41	49	49	18	20	static
110	anim16L	-31	-47	61	54	21	20	static
110	anim16R	-19	-41	49	49	18	20	static
110	anim17L	-24	-36	52	43	15	20	static
110	anim17R	-19	-38	48	45	15	20	static
110	anim18L	-93	-83	146	86	39	20	static
110	anim18R	-50	-70	144	73	41	20	static
110	anim1L	-38	-71	80	80	27	20	static
110	anim1R	-38	-71	80	80	30	20	static
110	anim2L	-21	-38	39	42	28	20	boucle
110	anim2R	-12	-37	40	40	29	20	static
110	anim3L	-13	-38	26	44	17	20	static
110	anim3R	-12	-37	27	40	32	20	static
110	dieL	-21	-69	42	74	53	40	arret
110	dieR	-29	-77	51	85	55	40	arret
110	hitL	-23	-60	50	65	24	40	static
110	hitR	-34	-61	58	64	24	40	static
110	runB	-12	-36	25	40	20	40	boucle
110	runF	-12	-35	23	40	20	40	boucle
110	runL	-16	-36	33	40	20	40	boucle
110	runR	-14	-35	30	38	20	40	boucle
110	runS	-18	-37	35	41	20	40	boucle
110	staticB	-10	-39	19	42	1	40	arret
110	staticF	-10	-38	18	41	1	40	arret
110	staticL	-8	-38	16	42	1	40	arret
110	staticR	-8	-38	16	41	1	40	arret
110	staticS	-8	-38	16	41	1	40	arret
110	walkB	-8	-39	16	43	28	40	boucle
110	walkF	-8	-37	16	42	28	40	boucle
110	walkL	-11	-38	21	43	28	40	boucle
110	walkR	-9	-37	23	43	26	40	boucle
110	walkS	-12	-38	27	41	28	40	boucle
111	anim0L	-20	-37	39	42	22	20	static
111	anim0R	-23	-37	41	40	21	20	static
111	anim10L	-18	-42	46	47	20	20	static
111	anim10R	-24	-44	51	48	20	20	static
111	anim11L	-31	-47	70	54	20	20	static
111	anim11R	-19	-47	49	55	18	20	static
111	anim12L	-31	-47	70	54	20	20	static
111	anim12R	-19	-47	49	55	18	20	static
111	anim13L	-31	-47	61	54	21	20	static
111	anim13R	-19	-41	49	49	18	20	static
111	anim14L	-31	-47	61	54	21	20	static
111	anim14R	-19	-41	49	49	18	20	static
111	anim15L	-31	-47	61	54	20	20	static
111	anim15R	-19	-41	49	49	18	20	static
111	anim16L	-31	-47	61	54	21	20	static
111	anim16R	-19	-41	49	49	18	20	static
111	anim17L	-24	-36	52	43	15	20	static
111	anim17R	-19	-37	48	44	15	20	static
111	anim18L	-96	-83	149	86	39	20	static
111	anim18R	-50	-70	144	73	41	20	static
111	anim1L	-38	-71	80	80	27	20	static
111	anim1R	-38	-71	79	80	30	20	static
111	anim2L	-21	-38	39	42	28	20	boucle
111	anim2R	-14	-37	42	40	29	20	static
111	anim3L	-13	-38	26	44	26	20	static
111	anim3R	-12	-37	26	40	32	20	static
111	dieL	-21	-73	42	78	53	40	arret
111	dieR	-29	-77	51	85	43	40	arret
111	hitL	-23	-57	62	61	24	40	static
111	hitR	-38	-62	62	65	24	40	static
111	runB	-13	-39	26	45	20	40	boucle
111	runF	-11	-46	25	52	24	40	boucle
111	runL	-21	-40	36	43	24	40	boucle
111	runR	-14	-41	32	45	20	40	boucle
111	runS	-15	-45	35	48	24	40	boucle
111	staticB	-10	-39	20	42	1	40	arret
111	staticF	-10	-38	19	41	1	40	arret
111	staticL	-8	-37	16	41	1	40	arret
111	staticR	-8	-38	16	41	1	40	arret
111	staticS	-8	-38	16	41	1	40	arret
111	walkB	-10	-39	19	44	32	40	boucle
111	walkF	-10	-38	21	45	32	40	boucle
111	walkL	-12	-39	25	44	32	40	boucle
111	walkR	-10	-37	23	43	32	40	boucle
111	walkS	-13	-39	28	42	32	40	boucle
112	staticB	-8	-16	15	19	1	40	arret
112	staticF	-9	-18	15	21	1	40	arret
112	staticL	-6	-17	16	21	1	40	arret
112	staticR	-8	-16	17	20	1	40	arret
112	staticS	-6	-16	15	19	1	40	arret
113	scene	-14	-35	33	40	1	40	arret
120	anim0L	-22	-42	45	47	22	20	static
120	anim0R	-25	-42	45	46	21	20	static
120	anim10L	-20	-47	51	53	20	20	static
120	anim10R	-22	-50	52	54	20	20	static
120	anim11L	-35	-53	79	60	20	20	static
120	anim11R	-21	-53	54	62	18	20	static
120	anim12L	-35	-53	79	60	20	20	static
120	anim12R	-21	-53	54	62	18	20	static
120	anim13L	-35	-53	68	60	21	20	static
120	anim13R	-21	-46	54	55	18	20	static
120	anim14L	-35	-53	68	60	21	20	static
120	anim14R	-21	-46	54	55	18	20	static
120	anim15L	-35	-53	68	60	20	20	static
120	anim15R	-21	-46	54	55	18	20	static
120	anim16L	-35	-53	68	60	21	20	static
120	anim16R	-21	-46	54	55	18	20	static
120	anim17L	-27	-40	58	47	15	20	static
120	anim17R	-21	-42	53	50	15	20	static
120	anim18L	-103	-92	162	96	39	20	static
120	anim18R	-55	-78	159	82	41	20	static
120	anim1L	-23	-42	43	47	28	20	boucle
120	anim1R	-14	-41	46	45	29	20	static
120	anim2L	-23	-42	43	47	28	20	boucle
120	anim2R	-14	-41	46	45	29	20	static
120	anim3L	-13	-42	28	49	17	20	static
120	anim3R	-12	-41	28	45	32	20	static
120	dieL	-23	-75	46	80	53	40	arret
120	dieR	-33	-86	59	96	55	40	arret
120	hitL	-25	-67	55	71	24	40	static
120	hitR	-38	-67	64	71	24	40	static
120	runB	-14	-40	28	45	20	40	boucle
120	runF	-13	-39	25	45	20	40	boucle
120	runL	-17	-40	36	45	20	40	boucle
120	runR	-15	-39	32	43	20	40	boucle
120	runS	-20	-41	39	46	20	40	boucle
120	staticB	-12	-42	23	46	1	40	arret
120	staticF	-12	-42	23	46	1	40	arret
120	staticL	-9	-42	18	46	1	40	arret
120	staticR	-9	-42	18	46	1	40	arret
120	staticS	-9	-42	18	46	1	40	arret
120	walkB	-9	-43	19	48	28	40	boucle
120	walkF	-9	-41	18	46	28	40	boucle
120	walkL	-13	-42	25	48	28	40	boucle
120	walkR	-9	-41	25	48	26	40	boucle
120	walkS	-13	-42	30	46	28	40	boucle
121	anim0L	-22	-41	44	46	22	20	static
121	anim0R	-25	-41	45	45	21	20	static
121	anim10L	-20	-47	51	53	20	20	static
121	anim10R	-22	-50	52	54	20	20	static
121	anim11L	-35	-53	79	60	20	20	static
121	anim11R	-21	-53	54	62	18	20	static
121	anim12L	-35	-53	79	60	20	20	static
121	anim12R	-21	-53	54	62	18	20	static
121	anim13L	-35	-53	68	60	20	20	static
121	anim13R	-21	-46	54	55	18	20	static
121	anim14L	-35	-53	68	60	20	20	static
121	anim14R	-21	-46	54	55	18	20	static
121	anim15L	-35	-53	68	60	20	20	static
121	anim15R	-21	-46	54	55	18	20	static
121	anim16L	-35	-53	68	60	20	20	static
121	anim16R	-21	-46	54	55	18	20	static
121	anim17L	-27	-39	58	47	15	20	static
121	anim17R	-21	-42	53	50	15	20	static
121	anim18L	-103	-92	162	96	39	20	static
121	anim18R	-55	-78	159	82	41	20	static
121	anim1L	-23	-41	43	46	28	20	boucle
121	anim1R	-14	-41	46	45	29	20	static
121	anim2L	-23	-41	43	46	28	20	boucle
121	anim2R	-14	-41	46	45	29	20	static
121	anim3L	-13	-41	28	48	33	20	static
121	anim3R	-12	-41	28	45	27	20	static
121	dieL	-23	-77	46	83	53	40	arret
121	dieR	-33	-85	58	95	55	40	arret
121	hitL	-25	-65	67	69	24	40	static
121	hitR	-13	-71	59	75	24	40	static
121	runB	-14	-39	28	44	20	40	boucle
121	runF	-13	-39	25	45	20	40	boucle
121	runL	-17	-39	36	44	20	40	boucle
121	runR	-15	-39	34	43	20	40	boucle
121	runS	-20	-41	39	46	20	40	boucle
121	staticB	-11	-41	22	45	1	40	arret
121	staticF	-11	-41	22	45	1	40	arret
121	staticL	-9	-40	19	44	1	40	arret
121	staticR	-9	-42	18	46	1	40	arret
121	staticS	-9	-41	18	45	1	40	arret
121	walkB	-9	-40	19	45	32	40	boucle
121	walkF	-9	-38	18	44	32	40	boucle
121	walkL	-13	-41	25	47	32	40	boucle
121	walkR	-9	-40	25	47	30	40	boucle
121	walkS	-13	-41	29	45	32	40	boucle
122	staticB	-10	-27	19	30	1	40	arret
122	staticF	-10	-27	18	30	1	40	arret
122	staticL	-12	-29	22	33	1	40	arret
122	staticR	-8	-26	17	30	1	40	arret
122	staticS	-17	-24	26	27	1	40	arret
123	scene	-13	-27	28	36	1	40	arret
679	staticL	-21	-59	43	67	1	40	arret
679	staticR	-26	-59	43	67	1	40	arret
1001	staticB	-29	-39	58	41	1	40	arret
1001	staticF	-32	-37	65	40	1	40	arret
1001	staticL	-26	-43	42	48	1	40	arret
1001	staticR	-20	-41	39	47	1	40	arret
1001	staticS	-18	-43	36	49	1	40	arret
1002	staticL	-8	-7	15	10	1	40	arret
1002	staticR	-7	-7	15	10	1	40	arret
1003	staticB	-21	-35	38	40	1	40	arret
1003	staticF	-18	-35	36	40	1	40	arret
1003	staticL	-18	-34	34	37	1	40	arret
1003	staticR	-21	-35	40	37	1	40	arret
1003	staticS	-19	-34	32	39	1	40	arret
1004	staticL	-16	-36	41	43	1	40	arret
1004	staticR	-24	-37	43	45	1	40	arret
1005	staticL	-12	-23	25	26	1	40	arret
1005	staticR	-13	-23	25	26	1	40	arret
1006	staticL	-8	-14	16	16	1	40	arret
1006	staticR	-9	-13	17	17	1	40	arret
1007	staticL	-14	-40	27	43	1	40	arret
1007	staticR	-13	-43	26	48	1	40	arret
1008	staticL	-27	-58	53	66	1	40	arret
1008	staticR	-30	-60	62	67	1	40	arret
1009	staticL	-26	-24	38	27	1	40	arret
1009	staticR	-18	-29	45	33	1	40	arret
1010	staticB	-17	-66	35	71	1	40	arret
1010	staticF	-18	-63	37	69	1	40	arret
1010	staticL	-17	-64	31	69	1	40	arret
1010	staticR	-23	-62	38	70	1	40	arret
1010	staticS	-13	-63	28	68	1	40	arret
1011	staticL	-9	-21	20	24	1	40	arret
1011	staticR	-10	-20	20	24	1	40	arret
1012	staticL	-18	-24	30	28	1	40	arret
1012	staticR	-13	-29	32	31	1	40	arret
1013	staticL	-5	-16	10	20	1	40	arret
1013	staticR	-8	-15	14	16	1	40	arret
1014	staticL	-24	-39	34	43	1	40	arret
1014	staticR	-10	-39	37	43	1	40	arret
1015	staticL	-8	-29	18	31	1	40	arret
1015	staticR	-13	-30	20	32	1	40	arret
1016	staticL	-14	-23	23	26	1	40	arret
1016	staticR	-10	-22	21	25	1	40	arret
1017	staticL	-16	-20	27	24	1	40	arret
1017	staticR	-9	-20	27	23	1	40	arret
1018	staticL	-13	-18	25	22	1	40	arret
1018	staticR	-9	-18	22	21	1	40	arret
1019	staticL	-8	-15	17	17	1	40	arret
1019	staticR	-8	-16	16	18	1	40	arret
1020	staticL	-12	-21	24	23	1	40	arret
1020	staticR	-15	-21	28	24	1	40	arret
1021	staticL	-9	-18	17	19	1	40	arret
1021	staticR	-8	-17	18	18	1	40	arret
1022	staticB	-7	-12	14	18	1	40	arret
1022	staticF	-7	-11	14	17	1	40	arret
1022	staticL	-10	-14	18	16	1	40	arret
1022	staticR	-10	-13	19	16	1	40	arret
1022	staticS	-12	-13	23	15	1	40	arret
1023	staticB	-7	-12	14	18	1	40	arret
1023	staticF	-7	-11	14	17	1	40	arret
1023	staticL	-10	-14	18	16	1	40	arret
1023	staticR	-10	-13	19	16	1	40	arret
1023	staticS	-12	-13	23	15	1	40	arret
1024	staticB	-7	-12	14	18	1	40	arret
1024	staticF	-7	-11	14	17	1	40	arret
1024	staticL	-10	-14	18	16	1	40	arret
1024	staticR	-10	-13	19	16	1	40	arret
1024	staticS	-12	-13	23	15	1	40	arret
1025	staticL	-12	-28	25	31	1	40	arret
1025	staticR	-13	-27	26	30	1	40	arret
1026	staticL	-12	-28	25	30	1	40	arret
1026	staticR	-13	-27	26	30	1	40	arret
1027	staticL	-15	-28	32	30	1	40	arret
1027	staticR	-17	-29	32	35	1	40	arret
1028	staticL	-13	-28	26	31	1	40	arret
1028	staticR	-13	-27	25	29	1	40	arret
1029	staticL	-13	-32	33	35	1	40	arret
1029	staticR	-21	-31	34	37	1	40	arret
1030	staticL	-13	-32	33	35	1	40	arret
1030	staticR	-21	-31	34	37	1	40	arret
1031	staticL	-15	-32	35	35	1	40	arret
1031	staticR	-21	-34	37	40	1	40	arret
1032	staticL	-13	-32	33	35	1	40	arret
1032	staticR	-21	-31	34	37	1	40	arret
1033	staticL	-16	-35	34	40	1	40	arret
1033	staticR	-19	-37	34	42	1	40	arret
1034	staticL	-15	-34	33	39	1	40	arret
1034	staticR	-19	-36	33	41	1	40	arret
1035	staticL	-18	-37	36	42	1	40	arret
1035	staticR	-19	-39	35	44	1	40	arret
1036	staticL	-15	-34	33	39	1	40	arret
1036	staticR	-19	-36	33	41	1	40	arret
1037	staticL	-16	-31	33	35	1	40	arret
1037	staticR	-15	-31	29	36	1	40	arret
1038	staticL	-16	-37	33	43	1	40	arret
1038	staticR	-18	-37	37	41	1	40	arret
1039	staticL	-21	-33	48	37	1	40	arret
1039	staticR	-28	-31	46	38	1	40	arret
1040	staticL	-23	-41	40	46	1	40	arret
1040	staticR	-18	-45	38	50	1	40	arret
1041	staticL	-14	-21	32	34	1	40	arret
1041	staticR	-14	-21	26	24	1	40	arret
1042	staticL	-14	-21	32	34	1	40	arret
1042	staticR	-14	-21	26	24	1	40	arret
1043	staticL	-14	-21	32	34	1	40	arret
1043	staticR	-14	-21	26	24	1	40	arret
1044	staticL	-9	-19	20	21	1	40	arret
1044	staticR	-9	-19	20	23	1	40	arret
1045	staticL	-8	-19	18	21	1	40	arret
1045	staticR	-11	-21	22	25	1	40	arret
1046	staticL	-5	-13	11	14	1	40	arret
1046	staticR	-7	-13	11	14	1	40	arret
1047	staticL	-24	-39	34	43	1	40	arret
1047	staticR	-10	-39	37	43	1	40	arret
1048	staticL	-24	-47	35	51	1	40	arret
1048	staticR	-11	-48	38	52	1	40	arret
1049	staticL	-28	-76	60	84	1	40	arret
1049	staticR	-41	-80	73	87	1	40	arret
1050	staticL	-13	-32	22	37	1	40	arret
1050	staticR	-10	-30	22	35	1	40	arret
1051	staticL	-13	-31	25	36	1	40	arret
1051	staticR	-12	-30	24	35	1	40	arret
1052	staticL	-14	-46	31	52	1	40	arret
1052	staticR	-14	-43	34	52	1	40	arret
1053	staticL	-6	-15	13	18	1	40	arret
1053	staticR	-9	-15	15	18	1	40	arret
1054	staticL	-7	-15	18	18	1	40	arret
1054	staticR	-10	-15	16	18	1	40	arret
1055	staticL	-21	-33	28	36	1	40	arret
1055	staticR	-9	-24	28	27	1	40	arret
1056	staticL	-20	-49	36	55	1	40	arret
1056	staticR	-19	-53	36	60	1	40	arret
1057	staticL	-17	-28	27	33	1	40	arret
1057	staticR	-9	-27	28	32	1	40	arret
1058	staticL	-23	-62	52	73	1	40	arret
1058	staticR	-30	-77	54	88	1	40	arret
1059	staticL	-25	-86	46	93	1	40	arret
1059	staticR	-17	-76	38	84	1	40	arret
1060	staticL	-24	-27	39	31	1	40	arret
1060	staticR	-13	-24	32	29	1	40	arret
1061	staticL	-29	-43	57	57	1	40	arret
1061	staticR	-29	-43	57	57	1	40	arret
1062	staticL	-15	-22	29	29	1	40	arret
1062	staticR	-15	-22	29	29	1	40	arret
1063	staticL	-29	-43	57	57	1	40	arret
1063	staticR	-29	-43	57	57	1	40	arret
1064	staticL	-15	-22	29	29	1	40	arret
1064	staticR	-15	-22	29	29	1	40	arret
1065	staticL	-29	-43	57	57	1	40	arret
1065	staticR	-29	-43	57	57	1	40	arret
1066	staticL	-15	-22	29	29	1	40	arret
1066	staticR	-15	-22	29	29	1	40	arret
1067	staticL	-10	-12	34	18	1	40	arret
1067	staticR	-24	-12	34	18	1	40	arret
1068	staticL	-19	-34	34	40	1	40	arret
1068	staticR	-17	-30	36	35	1	40	arret
1069	staticL	-32	-72	63	77	1	40	arret
1069	staticR	-42	-78	63	82	1	40	arret
1070	staticL	-23	-27	38	31	1	40	arret
1070	staticR	-10	-28	36	31	1	40	arret
1071	staticL	-19	-82	48	86	1	40	arret
1071	staticR	-27	-76	50	80	1	40	arret
1072	staticL	-8	-15	16	17	1	40	arret
1072	staticR	-8	-15	16	17	1	40	arret
1073	staticL	-23	-34	37	37	1	40	arret
1073	staticR	-18	-32	37	37	1	40	arret
1074	staticL	-17	-42	29	46	1	40	arret
1074	staticR	-13	-43	22	47	1	40	arret
1075	staticL	-21	-44	37	49	1	40	arret
1075	staticR	-15	-46	40	51	1	40	arret
1076	staticB	-10	-29	20	31	1	40	arret
1076	staticF	-11	-27	19	29	1	40	arret
1076	staticL	-13	-26	21	30	1	40	arret
1076	staticR	-11	-27	22	29	1	40	arret
1076	staticS	-8	-26	17	30	1	40	arret
1077	staticL	-9	-38	22	42	1	40	arret
1077	staticR	-13	-40	23	44	1	40	arret
1078	staticL	-17	-45	47	50	1	40	arret
1078	staticR	-21	-46	37	51	1	40	arret
1079	staticL	-10	-16	19	19	1	40	arret
1079	staticR	-9	-15	17	18	1	40	arret
1080	staticL	-10	-37	21	39	1	40	arret
1080	staticR	-14	-37	23	39	1	40	arret
1081	staticL	-12	-32	26	34	1	40	arret
1081	staticR	-10	-32	24	34	1	40	arret
1082	staticL	-9	-14	17	17	1	40	arret
1082	staticR	-9	-15	16	18	1	40	arret
1083	staticL	-14	-22	28	27	1	40	arret
1083	staticR	-13	-21	28	27	1	40	arret
1084	staticL	-10	-9	19	14	1	40	arret
1084	staticR	-10	-8	19	12	1	40	arret
1085	staticL	-10	-9	19	14	1	40	arret
1085	staticR	-10	-8	19	13	1	40	arret
1086	staticL	-10	-9	19	14	1	40	arret
1086	staticR	-10	-8	19	13	1	40	arret
1087	staticL	-8	-15	17	17	1	40	arret
1087	staticR	-8	-16	16	18	1	40	arret
1088	staticL	-33	-56	54	61	1	40	arret
1088	staticR	-31	-62	52	66	1	40	arret
1089	staticL	-15	-47	33	51	1	40	arret
1089	staticR	-20	-45	37	49	1	40	arret
1090	staticL	-23	-36	52	40	1	40	arret
1090	staticR	-29	-32	55	36	1	40	arret
1091	staticL	-15	-21	34	24	1	40	arret
1091	staticR	-18	-21	34	24	1	40	arret
1092	staticL	-8	-14	20	16	1	40	arret
1092	staticR	-12	-13	21	15	1	40	arret
1093	staticL	-8	-14	20	16	1	40	arret
1093	staticR	-12	-13	21	15	1	40	arret
1095	staticL	-16	-43	26	47	1	40	arret
1095	staticR	-11	-43	20	47	1	40	arret
1096	staticL	-4	-8	9	11	1	40	arret
1096	staticR	-4	-8	9	11	1	40	arret
1097	staticL	-9	-22	22	25	1	40	arret
1097	staticR	-16	-24	27	27	1	40	arret
1098	staticL	-9	-23	26	26	1	40	arret
1098	staticR	-16	-23	27	26	1	40	arret
1099	staticL	-11	-23	24	26	1	40	arret
1099	staticR	-16	-25	27	28	1	40	arret
1100	staticL	-9	-22	22	25	1	40	arret
1100	staticR	-16	-24	27	27	1	40	arret
1101	staticL	-11	-30	24	33	1	40	arret
1101	staticR	-16	-31	27	34	1	40	arret
1102	staticL	-9	-24	25	27	1	40	arret
1102	staticR	-16	-25	27	28	1	40	arret
1103	staticL	-12	-26	27	29	1	40	arret
1103	staticR	-16	-27	27	30	1	40	arret
1104	staticL	-9	-28	22	31	1	40	arret
1104	staticR	-16	-30	27	33	1	40	arret
1105	staticL	-9	-22	22	25	1	40	arret
1105	staticR	-16	-24	27	27	1	40	arret
1106	staticL	-9	-25	22	28	1	40	arret
1106	staticR	-16	-26	27	29	1	40	arret
1107	staticL	-18	-41	36	44	1	40	arret
1107	staticR	-24	-45	36	47	1	40	arret
1108	staticL	-12	-44	31	50	1	40	arret
1108	staticR	-18	-44	31	50	1	40	arret
1109	staticB	-30	-46	48	51	1	40	arret
1109	staticF	-25	-47	46	51	1	40	arret
1109	staticL	-24	-46	46	54	1	40	arret
1109	staticR	-20	-49	40	54	1	40	arret
1109	staticS	-26	-51	43	55	1	40	arret
1110	staticL	-12	-44	31	50	1	40	arret
1110	staticR	-18	-44	31	50	1	40	arret
1111	staticB	-11	-17	22	19	1	40	arret
1111	staticF	-11	-17	22	19	1	40	arret
1111	staticL	-8	-16	16	18	1	40	arret
1111	staticR	-8	-17	16	19	1	40	arret
1111	staticS	-7	-17	15	19	1	40	arret
1112	staticB	-14	-45	38	48	1	40	arret
1112	staticF	-21	-48	34	51	1	40	arret
1112	staticL	-25	-45	39	48	1	40	arret
1112	staticR	-21	-45	37	48	1	40	arret
1112	staticS	-20	-45	32	48	1	40	arret
1113	staticL	-22	-38	36	41	1	40	arret
1113	staticR	-13	-36	30	39	1	40	arret
1114	staticL	-26	-43	40	46	1	40	arret
1114	staticR	-22	-43	38	46	1	40	arret
1115	staticL	-22	-42	32	45	1	40	arret
1115	staticR	-21	-41	39	44	1	40	arret
1116	staticL	-11	-134	46	138	1	40	arret
1116	staticR	-43	-133	52	137	1	40	arret
1117	staticB	-15	-20	30	23	1	40	arret
1117	staticF	-15	-20	30	24	1	40	arret
1117	staticL	-16	-26	26	29	1	40	arret
1117	staticR	-13	-22	24	25	1	40	arret
1117	staticS	-14	-23	25	27	1	40	arret
1118	staticL	-6	-55	25	57	1	40	arret
1118	staticR	-17	-51	25	53	1	40	arret
1119	staticL	-16	-25	32	28	1	40	arret
1119	staticR	-16	-25	32	28	1	40	arret
1120	staticL	-8	-15	16	17	1	40	arret
1120	staticR	-8	-15	16	17	1	40	arret
1121	staticL	-8	-30	20	31	1	40	arret
1121	staticR	-11	-30	20	31	1	40	arret
1122	staticL	-31	-52	66	63	1	40	arret
1122	staticR	-32	-53	66	64	1	40	arret
1123	staticL	-14	-28	35	32	1	40	arret
1123	staticR	-21	-29	38	33	1	40	arret
1124	staticL	-39	-57	56	59	1	40	arret
1124	staticR	-21	-58	38	68	1	40	arret
1125	staticL	-9	-17	20	21	1	40	arret
1125	staticR	-8	-19	17	23	1	40	arret
1126	staticL	-9	-17	20	21	1	40	arret
1126	staticR	-8	-19	17	23	1	40	arret
1127	staticL	-9	-17	20	21	1	40	arret
1127	staticR	-8	-19	17	23	1	40	arret
1128	staticL	-9	-17	20	21	1	40	arret
1128	staticR	-8	-19	17	23	1	40	arret
1129	staticL	-12	-27	23	29	1	40	arret
1129	staticR	-11	-27	26	29	1	40	arret
1130	staticL	-12	-27	23	29	1	40	arret
1130	staticR	-11	-27	26	29	1	40	arret
1131	staticL	-30	-66	61	71	1	40	arret
1131	staticR	-40	-68	67	78	1	40	arret
1132	staticL	-20	-42	27	45	1	40	arret
1132	staticR	-7	-42	34	45	1	40	arret
1133	staticL	-15	-45	22	48	1	40	arret
1133	staticR	-6	-44	20	48	1	40	arret
1134	staticL	-36	-66	64	70	1	40	arret
1134	staticR	-39	-68	61	71	1	40	arret
1135	staticL	-27	-42	54	51	1	40	arret
1135	staticR	-28	-48	52	58	1	40	arret
1136	staticL	-27	-42	54	51	1	40	arret
1136	staticR	-28	-48	52	58	1	40	arret
1137	staticL	-27	-42	54	51	1	40	arret
1137	staticR	-28	-48	52	58	1	40	arret
1138	staticL	-27	-42	54	51	1	40	arret
1138	staticR	-28	-48	52	58	1	40	arret
1139	staticL	-13	-26	25	28	1	40	arret
1139	staticR	-15	-26	30	28	1	40	arret
1140	staticL	-13	-21	24	25	1	40	arret
1140	staticR	-15	-22	30	26	1	40	arret
1143	staticL	-6	-37	18	38	1	40	arret
1143	staticR	-10	-37	15	38	1	40	arret
1144	staticL	-8	-12	20	18	1	40	arret
1144	staticR	-12	-13	20	16	1	40	arret
1145	staticL	-4	-12	9	14	1	40	arret
1145	staticR	-5	-12	9	14	1	40	arret
1146	staticL	-4	-12	9	14	1	40	arret
1146	staticR	-5	-12	9	14	1	40	arret
1147	staticL	-6	-8	11	10	1	40	arret
1147	staticR	-5	-9	10	11	1	40	arret
1148	staticL	-6	-8	11	10	1	40	arret
1148	staticR	-5	-9	10	11	1	40	arret
1149	staticL	-14	-21	32	34	1	40	arret
1149	staticR	-14	-21	26	24	1	40	arret
1150	staticL	-9	-31	23	33	1	40	arret
1150	staticR	-27	-57	48	61	1	40	arret
1151	staticL	-26	-43	63	48	1	40	arret
1151	staticR	-36	-43	56	48	1	40	arret
1152	staticL	-43	-72	79	87	1	40	arret
1152	staticR	-43	-75	83	90	1	40	arret
1153	staticL	-10	-31	24	33	1	40	arret
1153	staticR	-15	-31	25	34	1	40	arret
1154	staticL	-10	-23	21	29	1	40	arret
1154	staticR	-10	-23	21	29	1	40	arret
1155	staticL	-19	-29	38	33	1	40	arret
1155	staticR	-24	-28	40	31	1	40	arret
1156	staticL	-20	-44	40	51	1	40	arret
1156	staticR	-23	-45	47	52	1	40	arret
1157	staticL	-69	-97	154	120	1	40	arret
1157	staticR	-69	-97	155	121	1	40	arret
1158	staticB	-29	-39	58	41	1	40	arret
1158	staticF	-32	-37	65	40	1	40	arret
1158	staticL	-26	-42	42	47	1	40	arret
1158	staticR	-20	-41	39	47	1	40	arret
1158	staticS	-18	-43	36	49	1	40	arret
1159	staticL	-19	-35	39	38	1	40	arret
1159	staticR	-24	-34	40	38	1	40	arret
1160	staticL	-10	-21	21	23	1	40	arret
1160	staticR	-10	-19	22	22	1	40	arret
1161	staticL	-8	-7	15	10	1	40	arret
1161	staticR	-7	-7	15	10	1	40	arret
1162	staticL	-24	-33	45	36	1	40	arret
1162	staticR	-22	-35	41	39	1	40	arret
1163	staticL	-30	-70	59	77	1	40	arret
1163	staticR	-29	-81	67	89	1	40	arret
1164	staticL	-31	-73	48	82	1	40	arret
1164	staticR	-23	-79	43	88	1	40	arret
1165	staticL	-19	-35	39	38	1	40	arret
1165	staticR	-24	-32	41	36	1	40	arret
1166	staticB	-6	-13	12	15	1	40	arret
1166	staticF	-6	-13	12	15	1	40	arret
1166	staticL	-7	-12	13	15	1	40	arret
1166	staticR	-6	-12	12	15	1	40	arret
1166	staticS	-8	-13	17	15	1	40	arret
1167	staticB	-6	-13	12	15	1	40	arret
1167	staticF	-6	-13	12	15	1	40	arret
1167	staticL	-7	-12	13	15	1	40	arret
1167	staticR	-6	-12	12	15	1	40	arret
1167	staticS	-8	-13	17	15	1	40	arret
1168	staticB	-6	-13	12	15	1	40	arret
1168	staticF	-6	-13	12	15	1	40	arret
1168	staticL	-7	-12	13	15	1	40	arret
1168	staticR	-6	-12	12	15	1	40	arret
1168	staticS	-8	-13	17	15	1	40	arret
1169	staticB	-6	-13	12	15	1	40	arret
1169	staticF	-6	-13	12	15	1	40	arret
1169	staticL	-7	-12	13	15	1	40	arret
1169	staticR	-6	-12	12	15	1	40	arret
1169	staticS	-8	-13	17	15	1	40	arret
1170	staticL	-23	-52	51	56	1	40	arret
1170	staticR	-23	-52	51	56	1	40	arret
1171	staticL	-11	-29	23	31	1	40	arret
1171	staticR	-11	-30	23	32	1	40	arret
1172	staticL	-11	-29	23	31	1	40	arret
1172	staticR	-11	-30	23	32	1	40	arret
1173	staticL	-11	-29	23	31	1	40	arret
1173	staticR	-11	-30	23	32	1	40	arret
1174	staticL	-11	-29	23	31	1	40	arret
1174	staticR	-11	-30	23	32	1	40	arret
1175	staticL	-9	-15	17	16	1	40	arret
1175	staticR	-8	-15	17	17	1	40	arret
1176	staticL	-9	-15	17	16	1	40	arret
1176	staticR	-8	-15	17	17	1	40	arret
1177	staticL	-9	-15	17	16	1	40	arret
1177	staticR	-8	-15	17	17	1	40	arret
1178	staticL	-9	-15	17	16	1	40	arret
1178	staticR	-8	-15	17	17	1	40	arret
1179	staticL	-14	-15	24	20	1	40	arret
1179	staticR	-12	-16	22	19	1	40	arret
1180	staticL	-5	-20	12	21	1	40	arret
1180	staticR	-8	-20	13	21	1	40	arret
1181	staticL	-5	-20	15	21	1	40	arret
1181	staticR	-11	-20	16	21	1	40	arret
1182	staticL	-5	-16	13	17	1	40	arret
1182	staticR	-9	-15	16	16	1	40	arret
1183	staticL	-25	-67	50	79	1	40	arret
1183	staticR	-25	-67	50	79	1	40	arret
1184	staticL	-9	-26	17	29	1	40	arret
1184	staticR	-10	-27	17	31	1	40	arret
1185	staticL	-7	-15	15	17	1	40	arret
1185	staticR	-7	-15	16	17	1	40	arret
1186	staticL	-35	-55	59	56	1	40	arret
1186	staticR	-22	-60	58	61	1	40	arret
1187	staticL	-18	-65	33	66	1	40	arret
1187	staticR	-18	-65	33	66	1	40	arret
1188	staticB	-26	-46	43	50	1	40	arret
1188	staticF	-14	-46	41	50	1	40	arret
1188	staticL	-25	-45	41	49	1	40	arret
1188	staticR	-16	-45	41	49	1	40	arret
1188	staticS	-9	-44	29	48	1	40	arret
1189	staticL	-19	-48	33	52	1	40	arret
1189	staticR	-15	-55	36	59	1	40	arret
1190	staticL	-16	-40	42	44	1	40	arret
1190	staticR	-20	-39	37	43	1	40	arret
1191	staticL	-21	-51	29	56	1	40	arret
1191	staticR	-9	-56	32	60	1	40	arret
1192	staticB	-22	-52	34	55	1	40	arret
1192	staticF	-10	-52	31	55	1	40	arret
1192	staticL	-20	-51	28	55	1	40	arret
1192	staticR	-7	-56	30	59	1	40	arret
1192	staticS	-8	-56	25	58	1	40	arret
1193	staticL	-11	-40	25	44	1	40	arret
1193	staticR	-14	-40	27	42	1	40	arret
1194	staticL	-10	-38	24	43	1	40	arret
1194	staticR	-16	-38	27	40	1	40	arret
1195	staticL	-14	-39	28	40	1	40	arret
1195	staticR	-14	-36	30	37	1	40	arret
1196	staticL	-9	-42	20	46	1	40	arret
1196	staticR	-13	-41	24	45	1	40	arret
1197	staticL	-10	-40	22	44	1	40	arret
1197	staticR	-13	-39	21	42	1	40	arret
1198	staticL	-27	-39	46	45	1	40	arret
1198	staticR	-19	-39	49	49	1	40	arret
1199	staticL	-9	-43	20	47	1	40	arret
1199	staticR	-13	-41	24	45	1	40	arret
1200	staticL	-47	-69	81	77	1	40	arret
1200	staticR	-47	-69	81	77	1	40	arret
1201	staticL	-25	-27	39	33	1	40	arret
1201	staticR	-15	-23	35	30	1	40	arret
1202	staticB	-14	-50	28	52	1	40	arret
1202	staticF	-11	-49	24	51	1	40	arret
1202	staticL	-19	-47	33	50	1	40	arret
1202	staticR	-11	-47	34	50	1	40	arret
1202	staticS	-10	-50	20	52	1	40	arret
1203	staticB	-10	-39	20	41	1	40	arret
1203	staticF	-10	-38	19	40	1	40	arret
1203	staticL	-13	-37	21	41	1	40	arret
1203	staticR	-6	-38	27	41	1	40	arret
1203	staticS	-7	-39	16	41	1	40	arret
1204	staticB	-9	-44	19	48	1	40	arret
1204	staticF	-11	-45	21	47	1	40	arret
1204	staticL	-8	-44	21	47	1	40	arret
1204	staticR	-11	-43	23	46	1	40	arret
1204	staticS	-10	-44	19	47	1	40	arret
1205	staticB	-24	-52	35	55	1	40	arret
1205	staticF	-12	-52	36	55	1	40	arret
1205	staticL	-23	-51	33	55	1	40	arret
1205	staticR	-10	-56	35	59	1	40	arret
1205	staticS	-10	-56	29	58	1	40	arret
1206	staticL	-11	-40	23	44	1	40	arret
1206	staticR	-13	-38	22	41	1	40	arret
1207	staticL	-17	-33	28	35	1	40	arret
1207	staticR	-9	-33	23	35	1	40	arret
1208	staticB	-6	-14	12	17	1	40	arret
1208	staticF	-6	-14	12	16	1	40	arret
1208	staticL	-9	-13	16	16	1	40	arret
1208	staticR	-7	-13	15	16	1	40	arret
1208	staticS	-8	-14	16	17	1	40	arret
1209	staticL	-20	-30	33	34	1	40	arret
1209	staticR	-14	-30	44	33	1	40	arret
1210	staticB	-8	-2	16	3	1	40	arret
1210	staticF	-6	-3	13	5	1	40	arret
1210	staticL	-5	-3	11	7	1	40	arret
1210	staticR	-5	-3	12	6	1	40	arret
1210	staticS	-4	-3	10	6	1	40	arret
1211	staticL	-20	-51	29	55	1	40	arret
1211	staticR	-9	-56	32	60	1	40	arret
1212	staticL	-7	-10	12	13	1	40	arret
1212	staticR	-6	-11	12	12	1	40	arret
1213	staticL	-7	-3	14	7	1	40	arret
1213	staticR	-7	-3	14	7	1	40	arret
1214	staticL	-7	-4	14	8	1	40	arret
1214	staticR	-7	-4	14	8	1	40	arret
1215	staticR	-338	-365	567	387	1	40	arret
1216	staticR	-121	-212	175	234	1	40	arret
1217	staticR	-239	-238	290	268	1	40	arret
1218	staticB	-7	-12	14	18	1	40	arret
1218	staticF	-7	-11	14	17	1	40	arret
1218	staticL	-10	-14	18	16	1	40	arret
1218	staticR	-10	-13	19	16	1	40	arret
1218	staticS	-12	-13	23	15	1	40	arret
1219	staticL	-19	-50	38	52	1	40	arret
1219	staticR	-19	-51	38	53	1	40	arret
1220	staticL	-19	-37	36	46	1	40	arret
1220	staticR	-16	-36	35	44	1	40	arret
1221	staticL	-15	-22	29	29	1	40	arret
1221	staticR	-15	-22	29	29	1	40	arret
1222	staticL	-29	-43	57	57	1	40	arret
1222	staticR	-29	-43	57	57	1	40	arret
1223	staticL	-24	-39	43	46	1	40	arret
1223	staticR	-24	-39	44	46	1	40	arret
1224	staticL	-22	-34	44	41	1	40	arret
1224	staticR	-22	-33	44	41	1	40	arret
1225	staticL	-18	-24	35	33	1	40	arret
1225	staticR	-16	-25	34	30	1	40	arret
1226	staticL	-38	-34	55	39	1	40	arret
1226	staticR	-18	-32	51	36	1	40	arret
1227	staticL	-31	-39	48	44	1	40	arret
1227	staticR	-18	-35	46	39	1	40	arret
1228	staticL	-29	-41	48	50	1	40	arret
1228	staticR	-15	-42	46	46	1	40	arret
1229	staticL	-15	-28	35	38	1	40	arret
1229	staticR	-18	-27	40	35	1	40	arret
1230	staticL	-16	-28	37	38	1	40	arret
1230	staticR	-19	-28	41	37	1	40	arret
1231	staticL	-30	-39	66	55	1	40	arret
1231	staticR	-28	-40	65	60	1	40	arret
1232	staticL	-21	-20	38	26	1	40	arret
1232	staticR	-18	-20	38	27	1	40	arret
1233	staticR	-25	-70	59	74	1	40	arret
1234	staticR	-17	-29	44	32	1	40	arret
1235	staticR	-24	-36	47	38	1	40	arret
1236	staticR	-16	-39	41	44	1	40	arret
1237	staticL	-8	-65	17	66	1	40	arret
1237	staticR	-8	-65	17	66	1	40	arret
1238	staticR	-23	-45	44	48	1	40	arret
1239	staticL	-28	-45	43	49	1	40	arret
1239	staticR	-22	-46	42	51	1	40	arret
1240	staticL	-10	-23	23	26	1	40	arret
1240	staticR	-16	-24	27	27	1	40	arret
1241	staticL	-17	-46	36	50	1	40	arret
1241	staticR	-21	-46	38	50	1	40	arret
1242	staticL	-33	-49	57	53	1	40	arret
1242	staticR	-25	-47	59	51	1	40	arret
1243	staticL	-19	-41	40	48	1	40	arret
1243	staticR	-26	-43	39	48	1	40	arret
1244	staticL	-13	-41	23	45	1	40	arret
1244	staticR	-15	-41	23	45	1	40	arret
1245	staticL	-31	-79	57	86	1	40	arret
1245	staticR	-29	-81	57	88	1	40	arret
1246	staticL	-9	-42	18	46	1	40	arret
1246	staticR	-11	-47	21	51	1	40	arret
1247	staticL	-17	-39	32	44	1	40	arret
1247	staticR	-17	-38	36	43	1	40	arret
1248	staticL	-15	-38	27	43	1	40	arret
1248	staticR	-16	-38	28	44	1	40	arret
1249	staticL	-5	-13	11	14	1	40	arret
1249	staticR	-7	-13	11	14	1	40	arret
1250	staticL	-19	-41	40	48	1	40	arret
1250	staticR	-26	-43	39	48	1	40	arret
1251	staticL	-20	-14	40	23	1	40	arret
1251	staticR	-23	-13	41	22	1	40	arret
1252	staticL	-20	-14	40	23	1	40	arret
1252	staticR	-23	-13	41	22	1	40	arret
1253	staticL	-27	-51	53	60	1	40	arret
1253	staticR	-21	-43	52	53	1	40	arret
1254	staticL	-36	-66	60	71	1	40	arret
1254	staticR	-32	-68	54	72	1	40	arret
1255	staticL	-8	-18	18	22	1	40	arret
1255	staticR	-9	-18	18	22	1	40	arret
1256	staticL	-17	-35	30	40	1	40	arret
1256	staticR	-18	-34	31	39	1	40	arret
1257	staticB	-7	-14	17	20	1	40	arret
1257	staticF	-7	-11	17	17	1	40	arret
1257	staticL	-12	-15	23	18	1	40	arret
1257	staticR	-14	-13	25	17	1	40	arret
1257	staticS	-12	-13	25	15	1	40	arret
1258	staticL	-23	-41	47	51	1	40	arret
1258	staticR	-23	-40	47	50	1	40	arret
1259	staticL	-14	-37	28	41	1	40	arret
1259	staticR	-18	-36	31	40	1	40	arret
1260	staticB	-35	-38	69	43	1	40	arret
1260	staticF	-35	-38	69	43	1	40	arret
1260	staticL	-29	-38	45	42	1	40	arret
1260	staticR	-17	-37	47	45	1	40	arret
1260	staticS	-17	-37	39	42	1	40	arret
1261	staticL	-24	-37	40	46	1	40	arret
1261	staticR	-16	-37	39	46	1	40	arret
1262	staticL	-25	-30	41	39	1	40	arret
1262	staticR	-18	-30	41	37	1	40	arret
1263	staticL	-32	-79	48	87	1	40	arret
1263	staticR	-17	-70	48	76	1	40	arret
1264	staticL	-42	-38	59	42	1	40	arret
1264	staticR	-22	-37	51	42	1	40	arret
1265	staticL	-13	-30	29	31	1	40	arret
1265	staticR	-19	-33	36	34	1	40	arret
1266	staticL	-13	-35	29	36	1	40	arret
1266	staticR	-19	-39	36	40	1	40	arret
1267	staticL	-21	-59	39	60	1	40	arret
1267	staticR	-22	-68	49	69	1	40	arret
1268	staticL	-12	-25	28	34	1	40	arret
1268	staticR	-14	-23	27	29	1	40	arret
1269	staticL	-12	-25	28	35	1	40	arret
1269	staticR	-14	-23	28	30	1	40	arret
1270	staticL	-12	-25	28	32	1	40	arret
1270	staticR	-14	-23	27	29	1	40	arret
1271	staticL	-12	-25	28	34	1	40	arret
1271	staticR	-14	-23	27	29	1	40	arret
1273	staticL	-23	-78	36	79	1	40	arret
1273	staticR	-13	-75	35	76	1	40	arret
1274	staticL	-35	-49	56	53	1	40	arret
1274	staticR	-25	-59	58	64	1	40	arret
1275	staticL	-11	-27	24	32	1	40	arret
1275	staticR	-19	-28	27	30	1	40	arret
1276	staticL	-35	-69	65	73	1	40	arret
1276	staticR	-41	-69	63	73	1	40	arret
1277	staticL	-41	-78	78	88	1	40	arret
1277	staticR	-40	-81	78	89	1	40	arret
1278	staticL	-17	-28	32	34	1	40	arret
1278	staticR	-19	-28	34	30	1	40	arret
1279	staticL	-34	-65	57	69	1	40	arret
1279	staticR	-34	-65	59	69	1	40	arret
1280	staticL	-29	-43	57	57	1	40	arret
1280	staticR	-29	-43	57	57	1	40	arret
1281	staticB	-18	-49	33	52	1	40	arret
1281	staticF	-14	-49	31	52	1	40	arret
1281	staticL	-16	-48	29	52	1	40	arret
1281	staticR	-12	-53	30	56	1	40	arret
1281	staticS	-14	-53	26	55	1	40	arret
1282	staticL	-31	-94	63	101	1	40	arret
1282	staticR	-31	-94	60	101	1	40	arret
1283	staticL	-20	-34	49	44	1	40	arret
1283	staticR	-18	-36	48	46	1	40	arret
1284	staticL	-9	-26	29	35	1	40	arret
1284	staticR	-19	-30	26	34	1	40	arret
1285	staticL	-21	-172	63	176	1	40	arret
1285	staticR	-41	-157	65	161	1	40	arret
1286	staticL	-23	-217	69	222	1	40	arret
1286	staticR	-45	-214	69	220	1	40	arret
1287	staticL	-29	-38	45	45	1	40	arret
1287	staticR	-17	-37	47	45	1	40	arret
1288	staticL	-11	-27	24	32	1	40	arret
1288	staticR	-19	-28	27	30	1	40	arret
1289	staticL	-35	-69	65	75	1	40	arret
1289	staticR	-41	-69	63	75	1	40	arret
1290	staticL	-17	-28	32	34	1	40	arret
1290	staticR	-19	-28	34	30	1	40	arret
1291	staticL	-34	-65	57	69	1	40	arret
1291	staticR	-34	-65	59	69	1	40	arret
1292	staticL	-20	-34	49	44	1	40	arret
1292	staticR	-18	-36	48	46	1	40	arret
1293	staticL	-9	-26	29	35	1	40	arret
1293	staticR	-19	-30	26	34	1	40	arret
1294	staticL	-36	-49	57	56	1	40	arret
1294	staticR	-25	-59	60	66	1	40	arret
1295	staticL	-22	-37	33	41	1	40	arret
1295	staticR	-15	-37	37	42	1	40	arret
1296	staticL	-22	-37	37	41	1	40	arret
1296	staticR	-17	-37	39	42	1	40	arret
1297	staticL	-8	-16	19	19	1	40	arret
1297	staticR	-12	-16	21	19	1	40	arret
1298	staticL	-14	-22	28	27	1	40	arret
1298	staticR	-13	-21	28	27	1	40	arret
1300	staticB	-10	-21	17	27	1	40	arret
1300	staticF	-11	-23	17	25	1	40	arret
1300	staticL	-9	-18	18	25	1	40	arret
1300	staticR	-11	-21	18	23	1	40	arret
1300	staticS	-10	-20	16	22	1	40	arret
1301	staticB	-9	-15	19	20	1	40	arret
1301	staticF	-9	-18	17	21	1	40	arret
1301	staticL	-8	-15	15	18	1	40	arret
1301	staticR	-9	-17	16	21	1	40	arret
1301	staticS	-8	-17	16	20	1	40	arret
1302	staticB	-9	-16	19	24	1	40	arret
1302	staticF	-12	-16	22	19	1	40	arret
1302	staticL	-8	-16	19	19	1	40	arret
1302	staticR	-12	-16	21	19	1	40	arret
1302	staticS	-11	-16	20	19	1	40	arret
1303	staticB	-8	-19	13	20	1	40	arret
1303	staticF	-8	-21	13	22	1	40	arret
1303	staticL	-7	-19	15	20	1	40	arret
1303	staticR	-10	-20	16	21	1	40	arret
1303	staticS	-12	-19	16	20	1	40	arret
1304	staticB	-6	-14	12	17	1	40	arret
1304	staticF	-6	-14	12	16	1	40	arret
1304	staticL	-10	-13	17	16	1	40	arret
1304	staticR	-7	-13	15	16	1	40	arret
1304	staticS	-8	-14	16	17	1	40	arret
1305	staticB	-10	-21	20	23	1	40	arret
1305	staticF	-9	-20	19	23	1	40	arret
1305	staticL	-9	-17	20	20	1	40	arret
1305	staticR	-8	-19	17	23	1	40	arret
1305	staticS	-9	-22	18	25	1	40	arret
1306	staticB	-7	-17	15	20	1	40	arret
1306	staticF	-7	-22	15	23	1	40	arret
1306	staticL	-14	-15	24	20	1	40	arret
1306	staticR	-12	-16	22	18	1	40	arret
1306	staticS	-14	-18	27	20	1	40	arret
1307	staticB	-11	-20	21	26	1	40	arret
1307	staticF	-11	-20	21	26	1	40	arret
1307	staticL	-11	-22	24	29	1	40	arret
1307	staticR	-11	-22	24	29	1	40	arret
1307	staticS	-10	-18	21	24	1	40	arret
1308	staticB	-8	-22	17	24	1	40	arret
1308	staticF	-8	-22	17	24	1	40	arret
1308	staticL	-12	-27	23	29	1	40	arret
1308	staticR	-11	-27	26	29	1	40	arret
1308	staticS	-8	-22	18	24	1	40	arret
1309	staticB	-7	-14	13	17	1	40	arret
1309	staticF	-7	-13	13	15	1	40	arret
1309	staticL	-6	-15	13	18	1	40	arret
1309	staticR	-9	-15	15	18	1	40	arret
1309	staticS	-9	-16	14	19	1	40	arret
1310	staticB	-7	-17	14	19	1	40	arret
1310	staticF	-7	-17	14	20	1	40	arret
1310	staticL	-9	-15	17	18	1	40	arret
1310	staticR	-8	-16	15	19	1	40	arret
1310	staticS	-10	-17	22	20	1	40	arret
1311	staticB	-7	-18	15	21	1	40	arret
1311	staticF	-7	-19	15	20	1	40	arret
1311	staticL	-10	-15	18	19	1	40	arret
1311	staticR	-9	-16	17	18	1	40	arret
1311	staticS	-14	-18	26	19	1	40	arret
1312	staticB	-8	-13	17	14	1	40	arret
1312	staticF	-8	-14	16	17	1	40	arret
1312	staticL	-11	-15	19	16	1	40	arret
1312	staticR	-9	-14	18	17	1	40	arret
1312	staticS	-9	-14	20	17	1	40	arret
1313	staticB	-8	-28	16	32	1	40	arret
1313	staticF	-6	-25	13	27	1	40	arret
1313	staticL	-6	-29	19	32	1	40	arret
1313	staticR	-11	-26	18	29	1	40	arret
1313	staticS	-12	-29	20	32	1	40	arret
1314	staticB	-9	-20	18	28	1	40	arret
1314	staticF	-9	-22	18	23	1	40	arret
1314	staticL	-11	-20	25	22	1	40	arret
1314	staticR	-16	-22	25	23	1	40	arret
1314	staticS	-23	-22	29	23	1	40	arret
1315	staticB	-10	-11	20	22	1	40	arret
1315	staticF	-10	-11	20	22	1	40	arret
1315	staticL	-9	-10	20	22	1	40	arret
1315	staticR	-10	-11	20	22	1	40	arret
1315	staticS	-12	-9	22	21	1	40	arret
1316	staticB	-12	-18	23	20	1	40	arret
1316	staticF	-12	-18	25	20	1	40	arret
1316	staticL	-12	-19	20	22	1	40	arret
1316	staticR	-13	-19	20	22	1	40	arret
1316	staticS	-10	-18	15	21	1	40	arret
1318	staticB	-13	-22	21	25	1	40	arret
1318	staticF	-9	-21	24	23	1	40	arret
1318	staticL	-10	-20	18	24	1	40	arret
1318	staticR	-9	-23	18	26	1	40	arret
1318	staticS	-9	-26	17	29	1	40	arret
1319	staticB	-10	-23	21	24	1	40	arret
1319	staticF	-13	-23	22	24	1	40	arret
1319	staticL	-10	-24	22	29	1	40	arret
1319	staticR	-17	-25	24	27	1	40	arret
1319	staticS	-15	-23	22	26	1	40	arret
1320	staticB	-8	-22	19	23	1	40	arret
1320	staticF	-9	-23	18	26	1	40	arret
1320	staticL	-8	-24	16	26	1	40	arret
1320	staticR	-8	-24	16	26	1	40	arret
1320	staticS	-8	-21	16	23	1	40	arret
1321	staticB	-13	-24	24	28	1	40	arret
1321	staticF	-12	-25	22	30	1	40	arret
1321	staticL	-10	-23	21	27	1	40	arret
1321	staticR	-12	-24	21	28	1	40	arret
1321	staticS	-13	-24	21	28	1	40	arret
1322	staticB	-12	-21	24	24	1	40	arret
1322	staticF	-12	-21	24	24	1	40	arret
1322	staticL	-15	-21	23	24	1	40	arret
1322	staticR	-13	-22	22	25	1	40	arret
1322	staticS	-12	-22	19	25	1	40	arret
1323	staticB	-12	-19	19	23	1	40	arret
1323	staticF	-12	-19	19	23	1	40	arret
1323	staticL	-12	-21	18	25	1	40	arret
1323	staticR	-13	-20	19	24	1	40	arret
1323	staticS	-11	-20	17	24	1	40	arret
1324	staticB	-10	-14	21	19	1	40	arret
1324	staticF	-9	-16	19	21	1	40	arret
1324	staticL	-11	-14	20	19	1	40	arret
1324	staticR	-11	-17	20	22	1	40	arret
1324	staticS	-8	-16	16	21	1	40	arret
1325	staticB	-9	-26	26	28	1	40	arret
1325	staticF	-14	-25	23	27	1	40	arret
1325	staticL	-10	-23	24	28	1	40	arret
1325	staticR	-15	-25	23	27	1	40	arret
1325	staticS	-17	-25	27	27	1	40	arret
1326	staticB	-10	-18	21	19	1	40	arret
1326	staticF	-10	-19	21	20	1	40	arret
1326	staticL	-9	-18	17	20	1	40	arret
1326	staticR	-9	-20	17	22	1	40	arret
1326	staticS	-8	-20	16	22	1	40	arret
1327	staticB	-12	-15	24	18	1	40	arret
1327	staticF	-12	-16	24	19	1	40	arret
1327	staticL	-9	-15	22	18	1	40	arret
1327	staticR	-11	-16	22	20	1	40	arret
1327	staticS	-9	-17	18	20	1	40	arret
1328	staticB	-9	-23	25	25	1	40	arret
1328	staticF	-13	-25	22	27	1	40	arret
1328	staticL	-13	-20	22	25	1	40	arret
1328	staticR	-15	-24	24	26	1	40	arret
1328	staticS	-17	-25	27	27	1	40	arret
1329	staticB	-18	-33	39	39	1	40	arret
1329	staticF	-14	-31	28	37	1	40	arret
1329	staticL	-16	-33	28	37	1	40	arret
1329	staticR	-20	-31	30	37	1	40	arret
1329	staticS	-21	-32	34	36	1	40	arret
1330	staticB	-9	-22	15	26	1	40	arret
1330	staticF	-9	-22	15	26	1	40	arret
1330	staticL	-10	-22	16	26	1	40	arret
1330	staticR	-9	-22	16	26	1	40	arret
1330	staticS	-9	-22	16	26	1	40	arret
1331	staticB	-14	-25	29	33	1	40	arret
1331	staticF	-14	-25	29	29	1	40	arret
1331	staticL	-18	-26	34	29	1	40	arret
1331	staticR	-12	-25	31	28	1	40	arret
1331	staticS	-11	-26	28	29	1	40	arret
1332	staticB	-12	-29	22	31	1	40	arret
1332	staticF	-12	-29	22	31	1	40	arret
1332	staticL	-13	-29	22	31	1	40	arret
1332	staticR	-11	-25	21	27	1	40	arret
1332	staticS	-11	-28	19	30	1	40	arret
1333	staticL	-28	-31	51	39	1	40	arret
1333	staticR	-25	-31	52	39	1	40	arret
1334	staticL	-28	-31	52	39	1	40	arret
1334	staticR	-25	-34	53	42	1	40	arret
1335	staticL	-7	-17	17	19	1	40	arret
1335	staticR	-9	-16	16	18	1	40	arret
1336	staticL	-8	-14	20	16	1	40	arret
1336	staticR	-11	-14	20	16	1	40	arret
1337	staticL	-12	-30	21	34	1	40	arret
1337	staticR	-9	-28	21	32	1	40	arret
1338	staticL	-33	-48	58	52	1	40	arret
1338	staticR	-23	-45	60	49	1	40	arret
1339	staticL	-15	-45	41	51	1	40	arret
1339	staticR	-23	-36	40	46	1	40	arret
1340	staticL	-31	-58	58	69	1	40	arret
1340	staticR	-26	-40	57	51	1	40	arret
1341	staticL	-8	-13	28	16	1	40	arret
1341	staticR	-12	-14	24	17	1	40	arret
1342	staticL	-8	-13	28	16	1	40	arret
1342	staticR	-12	-14	24	17	1	40	arret
1343	staticL	-11	-24	27	28	1	40	arret
1343	staticR	-8	-27	24	30	1	40	arret
1344	staticL	-11	-24	27	28	1	40	arret
1344	staticR	-8	-27	24	30	1	40	arret
1345	staticL	-11	-24	27	28	1	40	arret
1345	staticR	-8	-27	24	30	1	40	arret
1346	staticL	-11	-24	27	28	1	40	arret
1346	staticR	-8	-27	24	30	1	40	arret
1347	staticL	-8	-14	16	16	1	40	arret
1347	staticR	-9	-13	17	15	1	40	arret
1348	staticL	-8	-14	21	18	1	40	arret
1348	staticR	-6	-16	20	19	1	40	arret
1349	staticL	-22	-28	41	37	1	40	arret
1349	staticR	-23	-26	44	37	1	40	arret
1351	staticL	-8	-13	28	16	1	40	arret
1351	staticR	-12	-14	24	17	1	40	arret
1354	staticL	-15	-20	26	24	1	40	arret
1354	staticR	-12	-19	24	23	1	40	arret
1355	staticL	-15	-20	26	24	1	40	arret
1355	staticR	-12	-19	24	23	1	40	arret
1356	staticL	-19	-44	43	51	1	40	arret
1356	staticR	-26	-43	42	50	1	40	arret
1357	staticL	-9	-34	19	38	1	40	arret
1357	staticR	-12	-35	21	39	1	40	arret
1358	staticL	-30	-62	58	70	1	40	arret
1358	staticR	-35	-61	65	70	1	40	arret
1359	staticL	-20	-33	32	37	1	40	arret
1359	staticR	-13	-35	31	40	1	40	arret
1360	staticL	-13	-21	24	25	1	40	arret
1360	staticR	-13	-22	25	26	1	40	arret
1361	staticL	-17	-28	30	32	1	40	arret
1361	staticR	-12	-26	35	30	1	40	arret
1362	staticL	-15	-42	26	47	1	40	arret
1362	staticR	-11	-37	24	42	1	40	arret
1363	staticL	-15	-42	26	47	1	40	arret
1363	staticR	-11	-37	24	42	1	40	arret
1364	staticL	-12	-40	25	42	1	40	arret
1364	staticR	-13	-41	27	46	1	40	arret
1365	staticL	-12	-21	21	25	1	40	arret
1365	staticR	-11	-18	20	22	1	40	arret
1366	staticL	-14	-40	31	42	1	40	arret
1366	staticR	-17	-40	34	42	1	40	arret
1367	staticL	-11	-28	26	32	1	40	arret
1367	staticR	-14	-26	24	30	1	40	arret
1368	staticL	-31	-44	50	49	1	40	arret
1368	staticR	-23	-38	53	46	1	40	arret
1369	staticL	-8	-16	13	17	1	40	arret
1369	staticR	-9	-16	15	17	1	40	arret
1370	staticL	-21	-59	43	67	1	40	arret
1370	staticR	-26	-59	43	67	1	40	arret
1371	staticL	-20	-47	43	52	1	40	arret
1371	staticR	-21	-47	44	52	1	40	arret
1372	staticL	-14	-34	30	38	1	40	arret
1372	staticR	-15	-34	31	38	1	40	arret
1373	staticL	-10	-16	18	19	1	40	arret
1373	staticR	-11	-17	21	20	1	40	arret
1374	staticL	-10	-17	18	20	1	40	arret
1374	staticR	-15	-17	23	20	1	40	arret
1375	staticL	-9	-23	20	25	1	40	arret
1375	staticR	-8	-22	17	24	1	40	arret
1376	staticL	-18	-31	32	35	1	40	arret
1376	staticR	-18	-35	32	39	1	40	arret
1377	staticL	-16	-28	33	38	1	40	arret
1377	staticR	-16	-28	33	38	1	40	arret
1378	staticL	-16	-28	33	38	1	40	arret
1378	staticR	-16	-29	33	38	1	40	arret
1379	staticL	-16	-29	27	35	1	40	arret
1379	staticR	-16	-30	26	36	1	40	arret
1380	staticL	-12	-34	25	39	1	40	arret
1380	staticR	-12	-35	25	40	1	40	arret
1381	staticL	-25	-64	53	71	1	40	arret
1381	staticR	-21	-57	49	63	1	40	arret
1382	staticL	-12	-32	21	36	1	40	arret
1382	staticR	-10	-27	23	31	1	40	arret
1383	staticL	-12	-23	19	27	1	40	arret
1383	staticR	-14	-22	26	26	1	40	arret
1384	staticL	-16	-22	24	25	1	40	arret
1384	staticR	-9	-22	25	25	1	40	arret
1385	staticL	-25	-29	39	32	1	40	arret
1385	staticR	-13	-29	42	32	1	40	arret
1386	staticL	-11	-15	25	18	1	40	arret
1386	staticR	-13	-15	22	18	1	40	arret
1387	staticL	-30	-48	51	52	1	40	arret
1387	staticR	-15	-46	49	52	1	40	arret
1388	staticL	-16	-23	26	28	1	40	arret
1388	staticR	-10	-17	25	22	1	40	arret
1389	staticL	-15	-38	27	43	1	40	arret
1389	staticR	-16	-38	28	44	1	40	arret
1390	staticL	-20	-49	36	52	1	40	arret
1390	staticR	-22	-46	36	49	1	40	arret
1391	staticL	-19	-53	38	56	1	40	arret
1391	staticR	-16	-50	33	53	1	40	arret
1392	staticL	-21	-45	45	48	1	40	arret
1392	staticR	-23	-44	44	47	1	40	arret
1393	staticL	-21	-45	45	48	1	40	arret
1393	staticR	-23	-44	44	47	1	40	arret
1394	staticL	-15	-44	35	47	1	40	arret
1394	staticR	-17	-44	33	47	1	40	arret
1395	staticL	-14	-44	35	47	1	40	arret
1395	staticR	-20	-42	40	45	1	40	arret
1396	staticL	-15	-50	37	53	1	40	arret
1396	staticR	-20	-48	39	51	1	40	arret
1397	staticL	-14	-46	41	49	1	40	arret
1397	staticR	-21	-47	41	50	1	40	arret
1398	staticL	-15	-52	38	55	1	40	arret
1398	staticR	-24	-50	46	53	1	40	arret
1399	staticL	-9	-33	21	36	1	40	arret
1399	staticR	-12	-38	23	41	1	40	arret
1400	staticL	-18	-47	43	50	1	40	arret
1400	staticR	-19	-47	38	50	1	40	arret
1401	staticL	-15	-54	35	57	1	40	arret
1401	staticR	-22	-54	43	57	1	40	arret
1402	staticL	-23	-39	49	42	1	40	arret
1402	staticR	-22	-38	44	41	1	40	arret
1403	staticL	-16	-50	37	53	1	40	arret
1403	staticR	-23	-52	43	55	1	40	arret
1404	staticL	-15	-50	37	53	1	40	arret
1404	staticR	-20	-48	39	51	1	40	arret
1405	staticL	-21	-45	45	48	1	40	arret
1405	staticR	-23	-44	44	47	1	40	arret
1406	staticL	-31	-51	44	55	1	40	arret
1406	staticR	-15	-46	42	53	1	40	arret
1407	staticL	-17	-31	39	36	1	40	arret
1407	staticR	-24	-31	40	35	1	40	arret
1408	staticL	-27	-49	47	53	1	40	arret
1408	staticR	-23	-49	46	54	1	40	arret
1409	staticL	-17	-34	39	53	1	40	arret
1409	staticR	-19	-31	37	37	1	40	arret
1410	staticL	-19	-58	38	62	1	40	arret
1410	staticR	-19	-62	38	66	1	40	arret
1411	staticL	-19	-59	38	63	1	40	arret
1411	staticR	-19	-62	38	66	1	40	arret
1412	staticL	-19	-61	38	65	1	40	arret
1412	staticR	-19	-62	38	66	1	40	arret
1413	staticL	-19	-57	38	61	1	40	arret
1413	staticR	-19	-57	38	61	1	40	arret
1414	staticL	-19	-61	38	65	1	40	arret
1414	staticR	-19	-60	38	64	1	40	arret
1415	staticL	-19	-59	38	63	1	40	arret
1415	staticR	-19	-58	38	62	1	40	arret
1416	staticL	-19	-53	38	57	1	40	arret
1416	staticR	-19	-53	38	57	1	40	arret
1417	staticL	-19	-49	38	53	1	40	arret
1417	staticR	-19	-49	38	53	1	40	arret
1418	staticL	-19	-61	38	65	1	40	arret
1418	staticR	-19	-62	38	66	1	40	arret
1419	staticL	-11	-30	23	31	1	40	arret
1419	staticR	-14	-32	29	33	1	40	arret
1420	staticL	-6	-21	17	23	1	40	arret
1420	staticR	-8	-22	13	24	1	40	arret
1421	staticL	-6	-18	17	20	1	40	arret
1421	staticR	-11	-19	16	21	1	40	arret
1422	staticL	-6	-21	19	23	1	40	arret
1422	staticR	-13	-20	18	22	1	40	arret
1423	staticL	-6	-19	17	21	1	40	arret
1423	staticR	-11	-18	16	20	1	40	arret
1424	staticL	-6	-18	12	20	1	40	arret
1424	staticR	-7	-17	12	19	1	40	arret
1425	staticL	-6	-17	14	19	1	40	arret
1425	staticR	-8	-17	13	19	1	40	arret
1426	staticL	-6	-16	12	18	1	40	arret
1426	staticR	-6	-16	11	18	1	40	arret
1427	staticL	-6	-10	11	12	1	40	arret
1427	staticR	-6	-11	11	13	1	40	arret
1428	staticL	-6	-21	19	23	1	40	arret
1428	staticR	-13	-20	18	22	1	40	arret
1429	staticL	-11	-32	23	33	1	40	arret
1429	staticR	-14	-34	29	35	1	40	arret
1430	staticL	-13	-35	26	36	1	40	arret
1430	staticR	-15	-38	33	39	1	40	arret
1431	staticL	-22	-53	39	54	1	40	arret
1431	staticR	-21	-60	47	61	1	40	arret
1432	staticL	-16	-40	30	41	1	40	arret
1432	staticR	-17	-45	37	46	1	40	arret
1433	staticL	-11	-25	23	26	1	40	arret
1433	staticR	-14	-26	29	27	1	40	arret
1434	staticL	-11	-26	23	27	1	40	arret
1434	staticR	-14	-27	29	28	1	40	arret
1436	staticL	-22	-48	47	53	1	40	arret
1436	staticR	-24	-42	38	47	1	40	arret
1437	staticL	-22	-38	47	43	1	40	arret
1437	staticR	-24	-36	40	41	1	40	arret
1438	staticL	-21	-44	46	49	1	40	arret
1438	staticR	-20	-44	39	53	1	40	arret
1439	staticL	-16	-25	26	29	1	40	arret
1439	staticR	-12	-25	27	29	1	40	arret
1440	staticL	-25	-54	52	61	1	40	arret
1440	staticR	-22	-53	47	59	1	40	arret
1441	staticL	-25	-46	52	53	1	40	arret
1441	staticR	-22	-40	52	46	1	40	arret
1442	staticL	-15	-22	29	29	1	40	arret
1442	staticR	-15	-22	29	29	1	40	arret
1443	staticL	-17	-29	30	34	1	40	arret
1443	staticR	-18	-31	35	36	1	40	arret
1444	staticL	-25	-50	50	58	1	40	arret
1444	staticR	-37	-51	53	59	1	40	arret
1445	staticL	-12	-34	26	38	1	40	arret
1445	staticR	-16	-38	27	38	1	40	arret
1446	staticL	-21	-29	33	33	1	40	arret
1446	staticR	-12	-29	36	33	1	40	arret
1447	staticL	-30	-49	49	53	1	40	arret
1447	staticR	-14	-47	52	51	1	40	arret
1448	staticL	-18	-33	42	39	1	40	arret
1448	staticR	-21	-35	40	38	1	40	arret
1449	staticL	-25	-42	37	46	1	40	arret
1449	staticR	-16	-46	48	50	1	40	arret
1450	staticL	-14	-42	35	46	1	40	arret
1450	staticR	-21	-43	36	48	1	40	arret
1451	staticL	-31	-68	58	78	1	40	arret
1451	staticR	-29	-74	63	84	1	40	arret
1452	staticL	-15	-42	29	47	1	40	arret
1452	staticR	-22	-40	35	46	1	40	arret
1453	staticL	-27	-42	54	51	1	40	arret
1453	staticR	-28	-48	52	58	1	40	arret
1454	staticL	-20	-22	37	29	1	40	arret
1454	staticR	-21	-25	39	33	1	40	arret
1455	staticL	-36	-50	69	59	1	40	arret
1455	staticR	-32	-56	69	67	1	40	arret
1456	staticL	-9	-22	22	25	1	40	arret
1456	staticR	-16	-24	27	27	1	40	arret
1457	staticB	-30	-46	48	51	1	40	arret
1457	staticF	-25	-47	46	51	1	40	arret
1457	staticL	-24	-46	46	54	1	40	arret
1457	staticR	-20	-49	40	54	1	40	arret
1457	staticS	-26	-51	43	55	1	40	arret
1458	staticL	-30	-67	55	72	1	40	arret
1458	staticR	-27	-61	54	67	1	40	arret
1459	staticL	-13	-38	26	43	1	40	arret
1459	staticR	-17	-40	28	44	1	40	arret
1460	staticB	-10	-41	20	45	1	40	arret
1460	staticF	-10	-42	21	46	1	40	arret
1460	staticL	-9	-42	20	46	1	40	arret
1460	staticR	-11	-42	20	46	1	40	arret
1460	staticS	-10	-42	18	45	1	40	arret
1461	staticL	-9	-42	20	46	1	40	arret
1461	staticR	-11	-42	20	46	1	40	arret
1462	staticL	-8	-15	17	17	1	40	arret
1462	staticR	-8	-16	16	18	1	40	arret
1463	staticL	-20	-54	44	60	1	40	arret
1463	staticR	-32	-57	48	63	1	40	arret
1465	staticL	-28	-64	52	72	1	40	arret
1465	staticR	-27	-58	50	67	1	40	arret
1466	staticL	-28	-64	52	72	1	40	arret
1466	staticR	-27	-58	50	67	1	40	arret
1467	staticL	-28	-68	52	76	1	40	arret
1467	staticR	-27	-58	50	67	1	40	arret
1468	staticL	-28	-61	52	69	1	40	arret
1468	staticR	-27	-58	50	67	1	40	arret
1469	staticL	-14	-36	25	41	1	40	arret
1469	staticR	-19	-36	30	41	1	40	arret
1470	staticL	-25	-77	43	87	1	40	arret
1470	staticR	-20	-75	38	86	1	40	arret
1471	staticL	-15	-21	31	27	1	40	arret
1471	staticR	-19	-26	30	32	1	40	arret
1472	staticL	-30	-65	53	74	1	40	arret
1472	staticR	-35	-64	62	73	1	40	arret
1474	staticL	-19	-15	38	26	1	40	arret
1474	staticR	-19	-13	38	24	1	40	arret
1475	staticL	-26	-24	38	27	1	40	arret
1475	staticR	-18	-29	45	33	1	40	arret
1476	staticL	-20	-30	40	40	1	40	arret
1476	staticR	-20	-30	40	40	1	40	arret
1477	staticL	-15	-43	33	48	1	40	arret
1477	staticR	-21	-45	32	50	1	40	arret
1478	staticL	-21	-60	52	64	1	40	arret
1478	staticR	-25	-55	48	60	1	40	arret
1480	staticL	-40	-53	65	59	1	40	arret
1480	staticR	-28	-54	74	59	1	40	arret
1481	staticL	-29	-64	61	75	1	40	arret
1481	staticR	-25	-73	55	84	1	40	arret
1482	staticL	-19	-27	35	30	1	40	arret
1482	staticR	-18	-26	37	29	1	40	arret
1483	staticL	-19	-28	35	31	1	40	arret
1483	staticR	-18	-29	37	32	1	40	arret
1484	staticL	-19	-35	35	38	1	40	arret
1484	staticR	-18	-33	37	36	1	40	arret
1485	staticL	-19	-25	35	28	1	40	arret
1485	staticR	-18	-25	37	28	1	40	arret
1486	staticR	-19	-26	35	36	1	40	arret
1487	staticL	-24	-29	40	32	1	40	arret
1487	staticR	-18	-27	39	30	1	40	arret
1488	staticL	-24	-27	40	30	1	40	arret
1488	staticR	-18	-26	40	29	1	40	arret
1489	staticL	-13	-27	21	30	1	40	arret
1489	staticR	-10	-25	22	28	1	40	arret
1490	staticL	-13	-26	23	31	1	40	arret
1490	staticR	-14	-26	25	30	1	40	arret
1491	staticL	-13	-25	23	30	1	40	arret
1491	staticR	-14	-28	25	32	1	40	arret
1492	staticL	-15	-30	29	36	1	40	arret
1492	staticR	-17	-30	30	35	1	40	arret
1493	staticL	-30	-50	50	56	1	40	arret
1493	staticR	-30	-50	55	56	1	40	arret
1494	staticL	-19	-18	47	31	1	40	arret
1494	staticR	-22	-15	43	27	1	40	arret
1495	staticL	-13	-27	23	30	1	40	arret
1495	staticR	-12	-29	25	31	1	40	arret
1497	staticL	-21	-33	37	37	1	40	arret
1497	staticR	-20	-31	38	35	1	40	arret
1498	staticL	-25	-27	39	33	1	40	arret
1498	staticR	-15	-23	35	30	1	40	arret
1499	staticL	-23	-43	38	46	1	40	arret
1499	staticR	-18	-45	38	50	1	40	arret
1500	staticL	-19	-58	38	62	1	40	arret
1500	staticR	-19	-62	38	66	1	40	arret
1501	staticL	-18	-50	45	55	1	40	arret
1501	staticR	-25	-51	40	57	1	40	arret
1502	staticL	-13	-63	42	68	1	40	arret
1502	staticR	-28	-63	41	68	1	40	arret
1503	staticL	-19	-52	45	56	1	40	arret
1503	staticR	-25	-52	44	57	1	40	arret
1504	staticL	-10	-22	24	27	1	40	arret
1504	staticR	-16	-26	26	28	1	40	arret
1505	staticB	-7	-12	14	18	1	40	arret
1505	staticF	-7	-11	14	17	1	40	arret
1505	staticL	-10	-14	18	16	1	40	arret
1505	staticR	-10	-13	19	16	1	40	arret
1505	staticS	-12	-13	23	15	1	40	arret
1506	staticL	-30	-76	64	86	1	40	arret
1506	staticR	-42	-84	76	93	1	40	arret
1507	staticL	-35	-76	72	88	1	40	arret
1507	staticR	-42	-84	76	96	1	40	arret
1508	staticL	-29	-55	60	64	1	40	arret
1508	staticR	-34	-54	65	64	1	40	arret
1509	staticL	-12	-35	23	38	1	40	arret
1509	staticR	-14	-35	27	38	1	40	arret
1510	staticL	-21	-34	42	42	1	40	arret
1510	staticR	-21	-34	43	42	1	40	arret
1511	staticL	-17	-47	38	54	1	40	arret
1511	staticR	-23	-45	43	52	1	40	arret
1513	staticL	-26	-44	47	48	1	40	arret
1513	staticR	-26	-44	46	48	1	40	arret
1514	staticL	-20	-49	40	56	1	40	arret
1514	staticR	-23	-50	43	57	1	40	arret
1515	staticL	-22	-31	37	36	1	40	arret
1515	staticR	-19	-31	35	36	1	40	arret
1516	staticL	-17	-27	34	31	1	40	arret
1516	staticR	-16	-25	34	32	1	40	arret
1517	staticL	-14	-31	34	39	1	40	arret
1517	staticR	-23	-31	43	38	1	40	arret
1518	staticL	-15	-33	29	41	1	40	arret
1518	staticR	-15	-34	29	42	1	40	arret
1519	staticL	-14	-22	27	29	1	40	arret
1519	staticR	-14	-22	27	29	1	40	arret
1520	staticL	-14	-22	27	29	1	40	arret
1520	staticR	-14	-22	27	29	1	40	arret
1521	staticL	-14	-22	27	29	1	40	arret
1521	staticR	-14	-22	27	29	1	40	arret
1522	staticL	-8	-18	18	22	1	40	arret
1522	staticR	-9	-18	18	22	1	40	arret
1523	staticL	-12	-31	38	36	1	40	arret
1523	staticR	-17	-30	27	34	1	40	arret
1524	staticL	-14	-22	27	29	1	40	arret
1524	staticR	-14	-22	27	29	1	40	arret
1525	staticL	-27	-63	47	68	1	40	arret
1525	staticR	-30	-63	54	68	1	40	arret
1526	staticL	-46	-62	71	71	1	40	arret
1526	staticR	-40	-57	76	67	1	40	arret
1528	staticL	-27	-65	44	74	1	40	arret
1528	staticR	-23	-63	48	76	1	40	arret
1529	staticL	-6	-16	12	20	1	40	arret
1529	staticR	-8	-16	16	18	1	40	arret
1531	staticL	-25	-48	39	54	1	40	arret
1531	staticR	-24	-47	39	53	1	40	arret
1532	staticL	-25	-48	39	54	1	40	arret
1532	staticR	-24	-47	39	53	1	40	arret
1534	staticL	-33	-57	61	80	1	40	arret
1534	staticR	-41	-62	68	71	1	40	arret
1535	staticL	-25	-55	38	60	1	40	arret
1535	staticR	-20	-50	39	57	1	40	arret
1536	staticL	-24	-27	37	32	1	40	arret
1536	staticR	-17	-22	36	27	1	40	arret
1537	staticL	-26	-25	39	30	1	40	arret
1537	staticR	-17	-22	39	27	1	40	arret
1538	staticL	-40	-51	61	56	1	40	arret
1538	staticR	-21	-56	48	61	1	40	arret
1539	staticL	-33	-53	58	62	1	40	arret
1539	staticR	-39	-56	66	65	1	40	arret
1540	staticL	-31	-25	44	30	1	40	arret
1540	staticR	-17	-23	43	28	1	40	arret
1541	staticL	-22	-44	42	51	1	40	arret
1541	staticR	-19	-39	44	46	1	40	arret
1542	staticL	-37	-45	59	58	1	40	arret
1542	staticR	-35	-46	54	54	1	40	arret
1543	staticL	-23	-35	35	40	1	40	arret
1543	staticR	-21	-34	33	40	1	40	arret
1544	staticL	-29	-60	59	65	1	40	arret
1544	staticR	-27	-59	49	64	1	40	arret
1545	staticL	-28	-43	43	49	1	40	arret
1545	staticR	-26	-42	41	50	1	40	arret
1546	staticL	-27	-32	43	37	1	40	arret
1546	staticR	-19	-32	43	38	1	40	arret
1547	staticL	-7	-6	14	9	1	40	arret
1547	staticR	-7	-6	14	9	1	40	arret
1550	staticL	-15	-51	33	56	1	40	arret
1550	staticR	-21	-52	36	58	1	40	arret
1551	staticL	-22	-32	42	40	1	40	arret
1551	staticR	-22	-32	42	40	1	40	arret
1556	staticR	-40	-107	67	117	1	40	arret
1557	staticL	-7	-25	14	28	1	40	arret
1557	staticR	-9	-25	16	28	1	40	arret
1558	staticL	-8	-16	17	20	1	40	arret
1558	staticR	-10	-15	18	18	1	40	arret
1560	staticL	-11	-23	25	28	1	40	arret
1560	staticR	-12	-25	26	29	1	40	arret
1561	staticL	-11	-23	23	25	1	40	arret
1561	staticR	-10	-21	22	27	1	40	arret
1562	staticL	-16	-21	28	25	1	40	arret
1562	staticR	-9	-23	28	26	1	40	arret
1563	staticL	-13	-13	21	16	1	40	arret
1563	staticR	-11	-11	21	14	1	40	arret
1564	staticL	-10	-9	19	13	1	40	arret
1564	staticR	-9	-9	18	12	1	40	arret
1565	staticL	-13	-25	27	31	1	40	arret
1565	staticR	-15	-25	28	31	1	40	arret
1566	staticL	-15	-20	26	24	1	40	arret
1566	staticR	-12	-19	24	23	1	40	arret
1567	staticL	-13	-14	21	17	1	40	arret
1567	staticR	-11	-11	21	14	1	40	arret
1568	staticL	-13	-13	21	16	1	40	arret
1568	staticR	-11	-11	21	14	1	40	arret
1569	staticL	-10	-19	19	20	1	40	arret
1569	staticR	-10	-20	21	23	1	40	arret
1570	staticL	-10	-15	26	18	1	40	arret
1570	staticR	-15	-15	25	18	1	40	arret
1571	staticL	-10	-15	26	18	1	40	arret
1571	staticR	-15	-15	25	18	1	40	arret
1572	staticL	-7	-14	16	16	1	40	arret
1572	staticR	-9	-13	18	18	1	40	arret
1573	staticL	-15	-25	35	28	1	40	arret
1573	staticR	-20	-23	38	28	1	40	arret
1574	staticL	-24	-41	53	48	1	40	arret
1574	staticR	-29	-42	58	49	1	40	arret
1575	staticL	-7	-14	15	16	1	40	arret
1575	staticR	-9	-13	18	16	1	40	arret
1576	staticB	-24	-52	35	56	1	40	arret
1576	staticF	-12	-52	36	56	1	40	arret
1576	staticL	-23	-51	33	55	1	40	arret
1576	staticR	-10	-56	35	60	1	40	arret
1576	staticS	-10	-56	29	59	1	40	arret
1577	staticB	-11	-16	19	22	1	40	arret
1577	staticF	-11	-10	21	18	1	40	arret
1577	staticL	-16	-18	24	20	1	40	arret
1577	staticR	-12	-12	26	16	1	40	arret
1577	staticS	-14	-12	28	15	1	40	arret
1578	staticL	-13	-13	21	16	1	40	arret
1578	staticR	-11	-11	21	14	1	40	arret
1579	staticL	-13	-13	21	16	1	40	arret
1579	staticR	-11	-11	21	14	1	40	arret
1580	staticL	-13	-14	21	17	1	40	arret
1580	staticR	-11	-11	21	14	1	40	arret
1581	staticL	-27	-38	42	42	1	40	arret
1581	staticR	-19	-36	38	40	1	40	arret
1584	staticL	-24	-79	35	83	1	40	arret
1584	staticR	-17	-75	34	79	1	40	arret
1585	staticL	-42	-45	92	57	1	40	arret
1585	staticR	-47	-45	97	53	1	40	arret
1586	staticL	-28	-66	48	76	1	40	arret
1586	staticR	-26	-65	45	76	1	40	arret
1587	staticL	-35	-81	72	93	1	40	arret
1587	staticR	-37	-89	74	101	1	40	arret
1588	staticL	-13	-14	20	16	1	40	arret
1588	staticR	-10	-10	21	13	1	40	arret
1589	staticR	-26	-51	46	59	1	40	arret
1590	staticL	-35	-47	55	55	1	40	arret
1590	staticR	-24	-50	54	59	1	40	arret
1591	staticL	-23	-47	41	55	1	40	arret
1591	staticR	-26	-47	47	56	1	40	arret
1592	staticL	-21	-31	42	37	1	40	arret
1592	staticR	-19	-31	40	37	1	40	arret
1593	staticL	-21	-30	42	36	1	40	arret
1593	staticR	-20	-32	41	38	1	40	arret
1594	staticL	-21	-31	42	37	1	40	arret
1594	staticR	-19	-31	40	37	1	40	arret
1595	staticL	-21	-30	42	36	1	40	arret
1595	staticR	-20	-32	41	38	1	40	arret
1596	staticL	-21	-30	42	36	1	40	arret
1596	staticR	-20	-32	41	38	1	40	arret
1597	staticL	-26	-41	51	47	1	40	arret
1597	staticR	-20	-44	47	52	1	40	arret
1598	staticL	-29	-134	60	153	1	40	arret
1598	staticR	-30	-137	60	151	1	40	arret
1599	staticL	-29	-134	61	153	1	40	arret
1599	staticR	-30	-137	60	151	1	40	arret
1600	staticL	-24	-30	35	34	1	40	arret
1600	staticR	-13	-21	35	25	1	40	arret
1601	staticL	-26	-53	66	61	1	40	arret
1601	staticR	-34	-46	65	53	1	40	arret
1602	staticL	-35	-98	74	112	1	40	arret
1602	staticR	-47	-100	67	114	1	40	arret
1603	staticL	-35	-98	74	112	1	40	arret
1603	staticR	-47	-100	67	114	1	40	arret
1604	staticL	-35	-98	74	112	1	40	arret
1604	staticR	-47	-100	67	114	1	40	arret
1605	staticL	-35	-98	74	112	1	40	arret
1605	staticR	-47	-100	67	114	1	40	arret
1606	staticL	-31	-51	56	57	1	40	arret
1606	staticR	-20	-52	49	57	1	40	arret
1607	staticL	-20	-44	31	48	1	40	arret
1607	staticR	-14	-45	33	49	1	40	arret
1608	staticL	-25	-52	59	61	1	40	arret
1608	staticR	-31	-48	56	54	1	40	arret
1609	staticL	-30	-32	46	36	1	40	arret
1609	staticR	-15	-32	43	38	1	40	arret
1610	staticL	-21	-48	40	54	1	40	arret
1610	staticR	-21	-49	44	54	1	40	arret
1611	staticL	-18	-38	35	45	1	40	arret
1611	staticR	-15	-40	32	46	1	40	arret
1612	staticL	-23	-26	47	36	1	40	arret
1612	staticR	-26	-25	48	35	1	40	arret
1613	staticL	-15	-20	31	25	1	40	arret
1613	staticR	-17	-23	32	27	1	40	arret
1614	staticL	-18	-54	34	64	1	40	arret
1614	staticR	-18	-54	34	64	1	40	arret
1615	staticL	-18	-40	33	44	1	40	arret
1615	staticR	-22	-41	37	45	1	40	arret
1616	staticL	-19	-71	39	87	1	40	arret
1616	staticR	-24	-78	40	95	1	40	arret
1617	staticL	-35	-81	72	93	1	40	arret
1617	staticR	-37	-89	74	101	1	40	arret
1618	staticL	-17	-32	29	36	1	40	arret
1618	staticR	-13	-31	27	35	1	40	arret
1619	staticL	-18	-31	33	35	1	40	arret
1619	staticR	-18	-33	34	38	1	40	arret
1620	staticL	-25	-43	42	52	1	40	arret
1620	staticR	-23	-48	47	54	1	40	arret
1621	staticL	-16	-56	38	62	1	40	arret
1621	staticR	-22	-59	38	64	1	40	arret
1622	staticL	-17	-22	34	29	1	40	arret
1622	staticR	-17	-22	34	29	1	40	arret
1623	staticL	-21	-59	35	66	1	40	arret
1623	staticR	-22	-66	36	72	1	40	arret
1624	staticL	-28	-84	60	92	1	40	arret
1624	staticR	-34	-82	54	90	1	40	arret
1625	staticL	-18	-18	37	28	1	40	arret
1625	staticR	-22	-17	45	26	1	40	arret
1626	staticL	-24	-33	46	42	1	40	arret
1626	staticR	-25	-31	49	38	1	40	arret
1627	staticL	-25	-43	39	52	1	40	arret
1627	staticR	-21	-41	45	47	1	40	arret
1628	staticL	-27	-26	37	32	1	40	arret
1628	staticR	-12	-24	36	29	1	40	arret
1629	staticL	-9	-109	22	113	1	40	arret
1629	staticR	-9	-110	21	114	1	40	arret
1630	staticL	-13	-25	24	29	1	40	arret
1630	staticR	-11	-25	25	29	1	40	arret
1631	staticL	-36	-66	66	76	1	40	arret
1631	staticR	-38	-65	66	76	1	40	arret
1632	staticL	-43	-140	67	152	1	40	arret
1632	staticR	-35	-137	62	151	1	40	arret
1633	staticL	-20	-14	40	23	1	40	arret
1633	staticR	-23	-13	41	22	1	40	arret
1634	staticL	-20	-14	40	23	1	40	arret
1634	staticR	-23	-13	41	22	1	40	arret
1635	staticL	-124	-110	219	184	1	40	arret
1635	staticR	-124	-110	219	184	1	40	arret
1636	staticL	-16	-32	31	38	1	40	arret
1636	staticR	-13	-34	31	40	1	40	arret
1637	staticR	-124	-110	219	190	1	40	arret
1638	staticL	-28	-66	48	76	1	40	arret
1638	staticR	-26	-65	45	76	1	40	arret
1639	staticL	-14	-20	26	24	1	40	arret
1639	staticR	-12	-20	26	24	1	40	arret
1640	staticL	-27	-29	56	39	1	40	arret
1640	staticR	-24	-29	55	39	1	40	arret
1641	staticL	-18	-48	40	52	1	40	arret
1641	staticR	-20	-45	43	49	1	40	arret
1642	staticL	-27	-39	46	45	1	40	arret
1642	staticR	-20	-39	49	52	1	40	arret
1643	staticL	-19	-50	39	53	1	40	arret
1643	staticR	-22	-50	40	54	1	40	arret
1644	staticL	-17	-54	34	63	1	40	arret
1644	staticR	-18	-54	33	63	1	40	arret
1645	staticL	-18	-29	35	35	1	40	arret
1645	staticR	-18	-30	36	36	1	40	arret
1647	staticL	-28	-70	56	79	1	40	arret
1647	staticR	-28	-72	56	81	1	40	arret
1648	staticL	-15	-34	27	38	1	40	arret
1648	staticR	-12	-36	33	40	1	40	arret
1649	staticL	-15	-34	27	38	1	40	arret
1649	staticR	-12	-36	33	40	1	40	arret
1650	staticL	-15	-34	27	38	1	40	arret
1650	staticR	-12	-36	33	40	1	40	arret
1651	staticL	-15	-34	27	38	1	40	arret
1651	staticR	-12	-36	33	40	1	40	arret
1652	staticL	-30	-52	63	63	1	40	arret
1652	staticR	-31	-54	64	65	1	40	arret
1653	staticL	-29	-104	39	109	1	40	arret
1653	staticR	-10	-104	39	109	1	40	arret
1654	staticL	-25	-40	49	46	1	40	arret
1654	staticR	-25	-40	49	46	1	40	arret
1655	staticL	-25	-40	49	46	1	40	arret
1655	staticR	-25	-40	49	46	1	40	arret
1656	staticL	-25	-40	49	46	1	40	arret
1656	staticR	-25	-40	49	46	1	40	arret
1657	staticL	-25	-40	49	46	1	40	arret
1657	staticR	-25	-40	49	46	1	40	arret
1660	staticL	-17	-46	38	53	1	40	arret
1660	staticR	-23	-44	43	51	1	40	arret
1661	staticL	-17	-27	33	31	1	40	arret
1661	staticR	-14	-25	32	32	1	40	arret
1662	staticL	-14	-30	34	38	1	40	arret
1662	staticR	-23	-29	43	36	1	40	arret
1663	staticL	-15	-20	26	24	1	40	arret
1663	staticR	-12	-19	24	23	1	40	arret
1664	staticL	-25	-55	51	60	1	40	arret
1664	staticR	-26	-48	53	58	1	40	arret
1665	staticL	-26	-54	43	62	1	40	arret
1665	staticR	-17	-54	53	62	1	40	arret
1666	staticL	-26	-54	43	62	1	40	arret
1666	staticR	-17	-54	53	62	1	40	arret
1667	staticL	-26	-53	43	61	1	40	arret
1667	staticR	-17	-54	53	62	1	40	arret
1668	staticF	-28	-73	57	89	1	40	arret
1668	staticR	-26	-73	68	82	1	40	arret
1668	staticS	-41	-72	75	81	1	40	arret
1670	staticL	-25	-55	51	60	1	40	arret
1670	staticR	-26	-48	53	58	1	40	arret
1671	staticL	-25	-55	51	60	1	40	arret
1671	staticR	-26	-48	53	58	1	40	arret
1672	staticL	-25	-55	51	60	1	40	arret
1672	staticR	-26	-48	53	58	1	40	arret
1673	staticL	-25	-55	51	60	1	40	arret
1673	staticR	-26	-48	53	58	1	40	arret
1700	staticB	-16	-48	34	54	1	40	arret
1700	staticF	-17	-44	35	54	1	40	arret
1700	staticL	-29	-46	45	52	1	40	arret
1700	staticR	-16	-44	42	51	1	40	arret
1700	staticS	-21	-44	45	50	1	40	arret
1701	staticB	-16	-48	34	54	1	40	arret
1701	staticF	-17	-44	35	54	1	40	arret
1701	staticL	-29	-46	45	52	1	40	arret
1701	staticR	-16	-44	42	51	1	40	arret
1701	staticS	-16	-44	40	50	1	40	arret
1702	staticB	-16	-48	34	54	1	40	arret
1702	staticF	-17	-44	35	54	1	40	arret
1702	staticL	-29	-46	45	52	1	40	arret
1702	staticR	-16	-44	42	51	1	40	arret
1702	staticS	-16	-44	40	50	1	40	arret
1703	staticB	-16	-48	34	54	1	40	arret
1703	staticF	-17	-44	35	54	1	40	arret
1703	staticL	-29	-46	45	52	1	40	arret
1703	staticR	-16	-44	42	51	1	40	arret
1703	staticS	-21	-44	45	50	1	40	arret
1704	staticB	-16	-48	34	54	1	40	arret
1704	staticF	-17	-44	35	54	1	40	arret
1704	staticL	-29	-46	45	52	1	40	arret
1704	staticR	-16	-44	42	51	1	40	arret
1704	staticS	-16	-44	40	50	1	40	arret
1705	staticL	-14	-21	26	25	1	40	arret
1705	staticR	-14	-18	26	22	1	40	arret
1706	staticL	-9	-42	19	46	1	40	arret
1706	staticR	-13	-42	21	47	1	40	arret
1710	staticB	-8	-17	17	23	1	40	arret
1710	staticF	-9	-17	16	20	1	40	arret
1710	staticL	-7	-14	15	17	1	40	arret
1710	staticR	-9	-16	18	19	1	40	arret
1710	staticS	-9	-15	19	18	1	40	arret
1711	staticB	-10	-36	18	39	1	40	arret
1711	staticF	-10	-35	24	37	1	40	arret
1711	staticL	-21	-33	28	36	1	40	arret
1711	staticR	-9	-24	28	27	1	40	arret
1711	staticS	-9	-26	26	30	1	40	arret
1712	staticB	-11	-27	22	32	1	40	arret
1712	staticF	-11	-29	28	34	1	40	arret
1712	staticL	-11	-29	23	34	1	40	arret
1712	staticR	-12	-25	23	31	1	40	arret
1712	staticS	-19	-31	30	35	1	40	arret
1713	staticB	-8	-27	16	31	1	40	arret
1713	staticF	-8	-28	16	32	1	40	arret
1713	staticL	-8	-27	16	31	1	40	arret
1713	staticR	-8	-28	16	32	1	40	arret
1713	staticS	-10	-27	18	31	1	40	arret
1714	staticL	-22	-100	59	110	1	40	arret
1714	staticR	-37	-100	59	110	1	40	arret
1715	staticL	-22	-100	59	110	1	40	arret
1715	staticR	-37	-100	59	110	1	40	arret
1716	staticL	-22	-100	59	110	1	40	arret
1716	staticR	-37	-100	59	110	1	40	arret
1717	staticL	-22	-100	59	110	1	40	arret
1717	staticR	-37	-100	59	110	1	40	arret
1718	staticL	-20	-51	28	55	1	40	arret
1718	staticR	-7	-56	30	59	1	40	arret
1719	staticL	-16	-41	41	46	1	40	arret
1719	staticR	-22	-42	41	45	1	40	arret
1720	staticL	-50	-65	75	71	1	40	arret
1720	staticR	-28	-67	76	72	1	40	arret
1721	staticL	-30	-62	58	70	1	40	arret
1721	staticR	-35	-61	62	70	1	40	arret
1722	staticL	-9	-17	20	21	1	40	arret
1722	staticR	-8	-19	17	23	1	40	arret
1723	staticL	-15	-28	22	31	1	40	arret
1723	staticR	-7	-29	19	32	1	40	arret
1724	staticL	-10	-42	22	46	1	40	arret
1724	staticR	-13	-42	21	45	1	40	arret
1725	staticL	-10	-40	18	44	1	40	arret
1725	staticR	-18	-39	26	42	1	40	arret
1726	staticL	-8	-47	22	50	1	40	arret
1726	staticR	-11	-47	23	50	1	40	arret
1727	staticL	-13	-30	25	33	1	40	arret
1727	staticR	-17	-36	31	39	1	40	arret
1728	staticL	-26	-45	42	49	1	40	arret
1728	staticR	-16	-45	46	49	1	40	arret
1729	staticL	-16	-40	42	44	1	40	arret
1729	staticR	-20	-39	37	43	1	40	arret
1730	staticL	-19	-47	30	51	1	40	arret
1730	staticR	-11	-46	31	50	1	40	arret
1800	staticL	-30	-69	56	77	1	40	arret
1800	staticR	-30	-69	56	77	1	40	arret
1987	staticL	-25	-53	39	58	1	40	arret
1987	staticR	-16	-54	36	59	1	40	arret
1999	staticB	-30	-54	64	58	1	40	arret
1999	staticF	-30	-54	64	58	1	40	arret
1999	staticL	-21	-56	42	63	1	40	arret
1999	staticR	-22	-61	73	66	1	40	arret
1999	staticS	-18	-59	27	64	1	40	arret
2000	staticR	-25	-56	42	61	1	40	arret
2001	staticL	-24	-58	46	62	1	40	arret
2001	staticR	-25	-56	42	61	1	40	arret
2048	staticR	-28	-73	47	82	1	40	arret
5001	staticB	-10	-21	17	27	1	40	arret
5001	staticF	-11	-23	17	25	1	40	arret
5001	staticL	-9	-18	18	25	1	40	arret
5001	staticR	-11	-21	18	23	1	40	arret
5001	staticS	-10	-20	16	22	1	40	arret
5002	staticB	-11	-24	23	37	1	40	arret
5002	staticF	-21	-24	38	27	1	40	arret
5002	staticL	-21	-25	38	35	1	40	arret
5002	staticR	-22	-27	38	31	1	40	arret
5002	staticS	-20	-26	35	30	1	40	arret
6000	staticL	-33	-60	53	65	1	40	arret
6000	staticR	-19	-59	59	66	1	40	arret
6001	staticL	-23	-48	44	53	1	40	arret
6001	staticR	-12	-50	47	57	1	40	arret
6003	staticL	-25	-49	53	54	1	40	arret
6003	staticR	-21	-49	55	57	1	40	arret
7000	staticB	-14	-34	29	38	1	40	arret
7000	staticF	-14	-43	29	47	1	40	arret
7000	staticL	-21	-39	44	43	1	40	arret
7000	staticR	-22	-42	39	46	1	40	arret
7000	staticS	-23	-36	49	40	1	40	arret
7001	staticB	-15	-62	31	67	1	40	arret
7001	staticF	-15	-56	31	62	1	40	arret
7001	staticL	-22	-56	49	63	1	40	arret
7001	staticR	-22	-42	39	46	1	40	arret
7001	staticS	-30	-56	52	62	1	40	arret
7002	staticB	-15	-61	31	66	1	40	arret
7002	staticF	-15	-54	31	60	1	40	arret
7002	staticL	-22	-56	49	63	1	40	arret
7002	staticR	-22	-49	46	56	1	40	arret
7002	staticS	-33	-56	52	62	1	40	arret
7005	staticB	-17	-67	34	72	1	40	arret
7005	staticF	-15	-56	38	62	1	40	arret
7005	staticL	-22	-61	49	68	1	40	arret
7005	staticR	-22	-53	49	60	1	40	arret
7005	staticS	-33	-58	56	64	1	40	arret
7010	staticB	-20	-41	32	49	1	40	arret
7010	staticF	-20	-41	32	49	1	40	arret
7010	staticL	-20	-41	32	49	1	40	arret
7010	staticR	-20	-41	32	49	1	40	arret
7010	staticS	-20	-41	32	49	1	40	arret
7011	staticB	-14	-31	33	38	1	40	arret
7011	staticF	-14	-31	33	38	1	40	arret
7011	staticL	-14	-31	33	38	1	40	arret
7011	staticR	-14	-31	33	38	1	40	arret
7011	staticS	-14	-31	33	38	1	40	arret
7012	staticB	-28	-55	55	76	1	40	arret
7012	staticF	-28	-55	55	76	1	40	arret
7012	staticL	-28	-55	55	76	1	40	arret
7012	staticR	-28	-55	55	76	1	40	arret
7012	staticS	-28	-55	55	76	1	40	arret
7013	staticB	-28	-34	52	52	1	40	arret
7013	staticF	-28	-34	52	52	1	40	arret
7013	staticL	-28	-34	52	52	1	40	arret
7013	staticR	-28	-34	52	52	1	40	arret
7013	staticS	-28	-34	52	52	1	40	arret
7014	staticB	-11	-16	20	21	1	40	arret
7014	staticF	-11	-16	20	21	1	40	arret
7014	staticL	-11	-16	20	21	1	40	arret
7014	staticR	-11	-16	20	21	1	40	arret
7014	staticS	-11	-16	20	21	1	40	arret
7015	staticB	-16	-47	35	60	1	40	arret
7015	staticF	-16	-47	35	60	1	40	arret
7015	staticL	-16	-47	35	60	1	40	arret
7015	staticR	-16	-47	35	60	1	40	arret
7015	staticS	-16	-47	35	60	1	40	arret
7016	staticB	-17	-22	40	34	1	40	arret
7016	staticF	-17	-22	40	34	1	40	arret
7016	staticL	-17	-22	40	34	1	40	arret
7016	staticR	-17	-22	40	34	1	40	arret
7016	staticS	-17	-22	40	34	1	40	arret
7017	staticB	-22	-47	46	61	1	40	arret
7017	staticF	-22	-47	46	61	1	40	arret
7017	staticL	-22	-47	46	61	1	40	arret
7017	staticR	-22	-47	46	61	1	40	arret
7017	staticS	-22	-47	46	61	1	40	arret
7018	staticB	-20	-61	37	73	1	40	arret
7018	staticF	-20	-61	37	73	1	40	arret
7018	staticL	-20	-61	37	73	1	40	arret
7018	staticR	-20	-61	37	73	1	40	arret
7018	staticS	-20	-61	37	73	1	40	arret
7019	staticB	-15	-23	36	34	1	40	arret
7019	staticF	-15	-23	36	34	1	40	arret
7019	staticL	-15	-23	36	34	1	40	arret
7019	staticR	-15	-23	36	34	1	40	arret
7019	staticS	-15	-23	36	34	1	40	arret
7020	staticB	-17	-37	37	46	1	40	arret
7020	staticF	-17	-37	37	46	1	40	arret
7020	staticL	-17	-37	37	46	1	40	arret
7020	staticR	-17	-37	37	46	1	40	arret
7020	staticS	-17	-37	37	46	1	40	arret
7021	staticB	-31	-42	58	51	1	40	arret
7021	staticF	-31	-42	58	51	1	40	arret
7021	staticL	-31	-42	58	51	1	40	arret
7021	staticR	-31	-42	58	51	1	40	arret
7021	staticS	-31	-42	58	51	1	40	arret
7022	staticB	-36	-95	70	107	1	40	arret
7022	staticF	-36	-95	70	107	1	40	arret
7022	staticL	-36	-95	70	107	1	40	arret
7022	staticR	-36	-95	70	107	1	40	arret
7022	staticS	-36	-95	70	107	1	40	arret
7023	staticB	-45	-98	95	108	1	40	arret
7023	staticF	-45	-98	95	108	1	40	arret
7023	staticL	-45	-98	95	108	1	40	arret
7023	staticR	-45	-98	95	108	1	40	arret
7023	staticS	-45	-98	95	108	1	40	arret
7024	staticB	-39	-41	72	55	1	40	arret
7024	staticF	-39	-41	72	55	1	40	arret
7024	staticL	-39	-41	72	55	1	40	arret
7024	staticR	-39	-41	72	55	1	40	arret
7024	staticS	-39	-41	72	55	1	40	arret
7025	staticB	-33	-49	60	65	1	40	arret
7025	staticF	-33	-49	60	65	1	40	arret
7025	staticL	-33	-49	60	65	1	40	arret
7025	staticR	-33	-49	60	65	1	40	arret
7025	staticS	-33	-49	60	65	1	40	arret
7026	staticB	-33	-64	97	82	1	40	arret
7026	staticF	-33	-64	97	82	1	40	arret
7026	staticL	-33	-64	97	82	1	40	arret
7026	staticR	-33	-64	97	82	1	40	arret
7026	staticS	-33	-64	97	82	1	40	arret
7027	staticB	-45	-102	96	125	1	40	arret
7027	staticF	-45	-102	96	125	1	40	arret
7027	staticL	-45	-102	96	125	1	40	arret
7027	staticR	-45	-102	96	125	1	40	arret
7027	staticS	-45	-102	96	125	1	40	arret
7028	staticB	-54	-48	89	66	1	40	arret
7028	staticF	-54	-48	89	66	1	40	arret
7028	staticL	-54	-48	89	66	1	40	arret
7028	staticR	-54	-48	89	66	1	40	arret
7028	staticS	-54	-48	89	66	1	40	arret
7029	staticL	-15	-25	30	32	1	40	arret
7029	staticR	-15	-25	30	32	1	40	arret
7030	staticL	-42	-38	59	42	1	40	arret
7030	staticR	-22	-37	51	42	1	40	arret
7031	staticL	-42	-44	55	48	1	40	arret
7031	staticR	-17	-41	46	46	1	40	arret
7032	staticL	-14	-30	43	35	1	40	arret
7032	staticR	-30	-30	40	36	1	40	arret
8000	staticB	-10	-41	21	45	1	40	arret
8000	staticF	-9	-41	24	45	1	40	arret
8000	staticL	-9	-40	23	44	1	40	arret
8000	staticR	-10	-41	21	45	1	40	arret
8000	staticS	-10	-41	19	45	1	40	arret
8001	staticB	-10	-41	21	45	1	40	arret
8001	staticF	-10	-41	20	45	1	40	arret
8001	staticL	-10	-41	24	45	1	40	arret
8001	staticR	-10	-41	19	45	1	40	arret
8001	staticS	-11	-41	20	45	1	40	arret
8002	staticL	-17	-17	24	22	1	40	arret
8002	staticR	-7	-17	22	21	1	40	arret
8003	staticB	-8	-48	17	54	1	40	arret
8003	staticF	-8	-51	16	55	1	40	arret
8003	staticL	-8	-50	22	54	1	40	arret
8003	staticR	-11	-52	20	56	1	40	arret
8003	staticS	-13	-49	21	52	1	40	arret
8004	staticB	-10	-37	21	39	1	40	arret
8004	staticF	-12	-42	24	44	1	40	arret
8004	staticL	-8	-40	22	42	1	40	arret
8004	staticR	-14	-41	23	43	1	40	arret
8004	staticS	-14	-41	23	43	1	40	arret
8005	staticL	-26	-51	57	57	1	40	arret
8005	staticR	-26	-51	57	57	1	40	arret
8006	staticB	-12	-44	23	48	1	40	arret
8006	staticF	-12	-44	23	48	1	40	arret
8006	staticL	-11	-43	22	47	1	40	arret
8006	staticR	-10	-44	23	48	1	40	arret
8006	staticS	-10	-44	23	48	1	40	arret
8007	staticB	-11	-43	23	47	1	40	arret
8007	staticF	-11	-43	23	47	1	40	arret
8007	staticL	-11	-43	22	47	1	40	arret
8007	staticR	-9	-43	23	47	1	40	arret
8007	staticS	-9	-42	23	46	1	40	arret
8008	staticB	-11	-28	22	34	1	40	arret
8008	staticF	-11	-29	22	34	1	40	arret
8008	staticL	-11	-28	21	34	1	40	arret
8008	staticR	-11	-27	20	34	1	40	arret
8008	staticS	-9	-28	19	34	1	40	arret
8009	staticB	-12	-44	23	48	1	40	arret
8009	staticF	-12	-44	23	48	1	40	arret
8009	staticL	-11	-43	22	47	1	40	arret
8009	staticR	-10	-44	23	48	1	40	arret
8009	staticS	-10	-44	23	48	1	40	arret
8010	staticL	-9	-38	21	42	1	40	arret
8010	staticR	-16	-38	25	42	1	40	arret
8011	staticL	-9	-38	21	42	1	40	arret
8011	staticR	-16	-39	25	43	1	40	arret
8012	staticB	-15	-37	31	41	1	40	arret
8012	staticF	-14	-36	31	40	1	40	arret
8012	staticL	-19	-36	31	40	1	40	arret
8012	staticR	-10	-30	30	36	1	40	arret
8012	staticS	-10	-31	31	37	1	40	arret
8013	staticB	-16	-44	36	48	1	40	arret
8013	staticF	-16	-44	36	48	1	40	arret
8013	staticL	-14	-44	26	48	1	40	arret
8013	staticR	-13	-44	25	49	1	40	arret
8013	staticS	-12	-44	21	48	1	40	arret
8014	staticB	-21	-45	41	49	1	40	arret
8014	staticF	-21	-45	41	49	1	40	arret
8014	staticL	-25	-53	41	57	1	40	arret
8014	staticR	-15	-46	41	50	1	40	arret
8014	staticS	-17	-48	38	52	1	40	arret
8015	staticB	-8	-39	17	42	1	40	arret
8015	staticF	-9	-38	17	41	1	40	arret
8015	staticL	-8	-38	16	42	1	40	arret
8015	staticR	-8	-39	16	42	1	40	arret
8015	staticS	-8	-39	16	42	1	40	arret
8016	staticB	-13	-54	28	58	1	40	arret
8016	staticF	-14	-52	31	56	1	40	arret
8016	staticL	-13	-55	27	59	1	40	arret
8016	staticR	-12	-54	24	59	1	40	arret
8016	staticS	-10	-54	20	58	1	40	arret
8017	staticB	-20	-52	40	56	1	40	arret
8017	staticF	-20	-52	40	56	1	40	arret
8017	staticL	-20	-56	40	60	1	40	arret
8017	staticR	-24	-55	42	61	1	40	arret
8017	staticS	-23	-55	35	61	1	40	arret
8018	staticB	-10	-45	22	48	1	40	arret
8018	staticF	-10	-44	21	47	1	40	arret
8018	staticL	-11	-46	23	49	1	40	arret
8018	staticR	-11	-46	22	50	1	40	arret
8018	staticS	-11	-46	21	50	1	40	arret
8019	staticB	-10	-46	20	50	1	40	arret
8019	staticF	-14	-48	24	52	1	40	arret
8019	staticL	-10	-45	20	49	1	40	arret
8019	staticR	-11	-46	22	50	1	40	arret
8019	staticS	-10	-46	20	50	1	40	arret
8020	staticB	-11	-42	21	46	1	40	arret
8020	staticF	-11	-41	22	45	1	40	arret
8020	staticL	-8	-40	16	43	1	40	arret
8020	staticR	-11	-40	22	44	1	40	arret
8020	staticS	-9	-40	17	43	1	40	arret
8021	staticB	-17	-42	30	46	1	40	arret
8021	staticF	-13	-41	29	45	1	40	arret
8021	staticL	-8	-40	17	43	1	40	arret
8021	staticR	-9	-40	26	44	1	40	arret
8021	staticS	-9	-41	17	44	1	40	arret
8022	staticB	-9	-48	21	51	1	40	arret
8022	staticF	-9	-48	21	51	1	40	arret
8022	staticL	-11	-48	20	51	1	40	arret
8022	staticR	-8	-48	19	52	1	40	arret
8022	staticS	-8	-48	20	52	1	40	arret
8023	staticB	-10	-41	19	45	1	40	arret
8023	staticF	-11	-42	23	46	1	40	arret
8023	staticL	-9	-40	20	44	1	40	arret
8023	staticR	-10	-40	19	44	1	40	arret
8023	staticS	-9	-40	17	43	1	40	arret
8024	staticB	-10	-41	19	45	1	40	arret
8024	staticF	-11	-42	23	46	1	40	arret
8024	staticL	-9	-40	20	44	1	40	arret
8024	staticR	-10	-40	19	44	1	40	arret
8024	staticS	-9	-40	17	43	1	40	arret
8025	staticB	-13	-54	28	58	1	40	arret
8025	staticF	-14	-52	31	56	1	40	arret
8025	staticL	-13	-55	27	59	1	40	arret
8025	staticR	-12	-54	24	59	1	40	arret
8025	staticS	-10	-54	20	58	1	40	arret
8026	staticB	-12	-41	24	45	1	40	arret
8026	staticF	-12	-41	24	45	1	40	arret
8026	staticL	-9	-41	18	45	1	40	arret
8026	staticR	-11	-40	20	44	1	40	arret
8026	staticS	-9	-40	18	44	1	40	arret
8027	staticL	-19	-39	29	42	1	40	arret
8027	staticR	-21	-39	29	42	1	40	arret
8028	staticL	-7	-35	24	38	1	40	arret
8028	staticR	-17	-36	24	39	1	40	arret
8029	staticL	-13	-32	25	35	1	40	arret
8029	staticR	-12	-32	23	35	1	40	arret
8030	staticL	-7	-32	27	35	1	40	arret
8030	staticR	-21	-34	28	37	1	40	arret
8031	staticR	-14	-65	29	72	1	40	arret
8032	staticB	-12	-48	24	53	1	40	arret
8032	staticF	-14	-46	25	51	1	40	arret
8032	staticL	-12	-47	25	52	1	40	arret
8032	staticR	-14	-46	27	51	1	40	arret
8032	staticS	-12	-47	24	52	1	40	arret
8033	staticB	-13	-56	34	61	1	40	arret
8033	staticF	-13	-49	34	55	1	40	arret
8033	staticL	-28	-50	39	55	1	40	arret
8033	staticR	-16	-46	28	53	1	40	arret
8033	staticS	-13	-48	31	53	1	40	arret
8034	staticB	-18	-55	36	55	1	40	arret
8034	staticF	-17	-50	34	55	1	40	arret
8034	staticL	-12	-53	24	53	1	40	arret
8034	staticR	-15	-47	29	53	1	40	arret
8034	staticS	-11	-47	21	53	1	40	arret
8035	staticB	-12	-47	23	52	1	40	arret
8035	staticF	-12	-49	22	54	1	40	arret
8035	staticL	-12	-50	26	55	1	40	arret
8035	staticR	-14	-49	26	54	1	40	arret
8035	staticS	-14	-50	26	55	1	40	arret
8036	staticL	-23	-49	46	61	1	40	arret
8036	staticR	-25	-45	42	52	1	40	arret
8037	staticB	-12	-50	24	54	1	40	arret
8037	staticF	-12	-52	24	56	1	40	arret
8037	staticL	-10	-50	19	54	1	40	arret
8037	staticR	-11	-49	21	53	1	40	arret
8037	staticS	-9	-51	19	55	1	40	arret
8038	staticB	-11	-28	24	31	1	40	arret
8038	staticF	-11	-30	21	33	1	40	arret
8038	staticL	-13	-30	25	33	1	40	arret
8038	staticR	-12	-29	23	32	1	40	arret
8038	staticS	-13	-29	26	32	1	40	arret
8100	staticL	-47	-69	81	77	1	40	arret
8100	staticR	-47	-69	81	77	1	40	arret
8101	staticL	-47	-69	81	77	1	40	arret
8101	staticR	-47	-69	81	77	1	40	arret
8102	staticL	-47	-69	81	77	1	40	arret
8102	staticR	-47	-69	81	77	1	40	arret
8155	staticL	-14	-37	25	41	1	40	arret
8155	staticR	-17	-38	24	41	1	40	arret
8520	staticB	-11	-36	23	40	1	40	arret
8520	staticF	-11	-36	24	40	1	40	arret
8520	staticL	-15	-35	24	39	1	40	arret
8520	staticR	-10	-32	26	38	1	40	arret
8520	staticS	-10	-29	28	35	1	40	arret
8521	staticB	-15	-37	31	41	1	40	arret
8521	staticF	-14	-36	31	40	1	40	arret
8521	staticL	-19	-36	31	40	1	40	arret
8521	staticR	-11	-33	31	39	1	40	arret
8521	staticS	-10	-32	31	38	1	40	arret
9000	staticR	-16	-44	36	48	1	40	arret
9001	staticB	-8	-16	14	20	1	40	arret
9001	staticF	-8	-18	13	20	1	40	arret
9001	staticL	-7	-14	14	20	1	40	arret
9001	staticR	-9	-16	14	18	1	40	arret
9001	staticS	-8	-15	13	17	1	40	arret
9002	staticR	-35	-71	78	76	1	40	arret
9003	staticL	-21	-42	32	45	1	40	arret
9003	staticR	-17	-44	26	47	1	40	arret
9004	staticL	-16	-15	21	34	1	40	arret
9004	staticR	-6	-17	20	36	1	40	arret
9005	staticL	-9	-45	18	49	1	40	arret
9005	staticR	-7	-44	17	47	1	40	arret
9006	staticR	-27	-52	49	56	1	40	arret
9007	staticR	-26	-55	49	58	1	40	arret
9008	staticR	-14	-41	23	44	1	40	arret
9009	staticR	-17	-38	32	45	1	40	arret
9010	staticR	-9	-40	15	43	1	40	arret
9011	staticL	-11	-45	23	47	1	40	arret
9011	staticR	-10	-45	25	47	1	40	arret
9012	staticL	-7	-38	22	41	1	40	arret
9012	staticR	-15	-38	23	41	1	40	arret
9013	staticL	-7	-39	15	42	1	40	arret
9013	staticR	-7	-41	13	44	1	40	arret
9014	staticR	-12	-41	21	43	1	40	arret
9015	staticL	-18	-33	29	35	1	40	arret
9015	staticR	-15	-32	28	35	1	40	arret
9016	staticR	-9	-37	15	40	1	40	arret
9017	staticR	-8	-37	17	40	1	40	arret
9018	staticR	-13	-33	30	35	1	40	arret
9019	staticL	-11	-57	36	60	1	40	arret
9019	staticR	-29	-58	44	60	1	40	arret
9020	staticL	-8	-33	18	35	1	40	arret
9020	staticR	-9	-33	16	36	1	40	arret
9021	staticR	-16	-38	29	40	1	40	arret
9022	staticL	-17	-35	27	38	1	40	arret
9022	staticR	-13	-33	30	35	1	40	arret
9023	staticR	-10	-35	20	37	1	40	arret
9024	staticR	-13	-28	25	33	1	40	arret
9025	staticR	-16	-45	26	49	1	40	arret
9026	staticR	-22	-45	34	48	1	40	arret
9027	staticR	-20	-50	42	53	1	40	arret
9028	staticR	-22	-43	33	48	1	40	arret
9029	staticR	-12	-43	29	47	1	40	arret
9030	staticL	-26	-46	48	48	1	40	arret
9030	staticR	-23	-48	39	52	1	40	arret
9031	staticL	-15	-47	33	49	1	40	arret
9031	staticR	-20	-45	37	47	1	40	arret
9032	staticL	-13	-44	24	46	1	40	arret
9032	staticR	-12	-45	25	47	1	40	arret
9033	staticL	-8	-39	16	41	1	40	arret
9033	staticR	-8	-39	18	41	1	40	arret
9034	staticL	-12	-41	23	44	1	40	arret
9034	staticR	-12	-41	24	44	1	40	arret
9035	staticL	-19	-38	29	42	1	40	arret
9035	staticR	-11	-39	21	44	1	40	arret
9036	staticL	-23	-34	37	37	1	40	arret
9036	staticR	-18	-33	37	38	1	40	arret
9037	staticL	-16	-40	25	43	1	40	arret
9037	staticR	-14	-40	23	44	1	40	arret
9038	staticL	-13	-38	22	42	1	40	arret
9038	staticR	-8	-37	21	40	1	40	arret
9039	staticL	-14	-35	27	38	1	40	arret
9039	staticR	-14	-35	28	37	1	40	arret
9040	staticL	-8	-40	22	43	1	40	arret
9040	staticR	-10	-41	21	44	1	40	arret
9041	staticL	-7	-33	13	35	1	40	arret
9041	staticR	-7	-34	15	36	1	40	arret
9042	staticL	-5	-35	11	37	1	40	arret
9042	staticR	-5	-35	12	37	1	40	arret
9043	staticL	-5	-35	10	37	1	40	arret
9043	staticR	-5	-35	12	37	1	40	arret
9044	staticL	-7	-39	19	41	1	40	arret
9044	staticR	-11	-40	22	41	1	40	arret
9045	staticL	-8	-42	17	45	1	40	arret
9045	staticR	-10	-41	20	43	1	40	arret
9046	staticL	-8	-43	15	46	1	40	arret
9046	staticR	-8	-43	17	46	1	40	arret
9047	staticL	-13	-33	22	35	1	40	arret
9047	staticR	-10	-33	23	35	1	40	arret
9048	staticL	-14	-37	31	39	1	40	arret
9048	staticR	-18	-37	34	40	1	40	arret
9049	staticL	-20	-51	28	55	1	40	arret
9049	staticR	-7	-56	30	59	1	40	arret
9050	staticL	-11	-36	18	39	1	40	arret
9050	staticR	-7	-36	20	38	1	40	arret
9051	staticL	-13	-32	29	39	1	40	arret
9051	staticR	-21	-31	30	34	1	40	arret
9052	staticR	-19	-29	31	34	1	40	arret
9053	staticR	-11	-43	26	48	1	40	arret
9054	staticL	-13	-32	23	37	1	40	arret
9054	staticR	-10	-31	22	36	1	40	arret
9055	staticL	-42	-96	74	88	1	40	arret
9055	staticR	-42	-96	74	88	1	40	arret
9056	staticR	-10	-38	16	41	1	40	arret
9057	staticR	-22	-31	34	31	1	40	arret
9058	staticR	-9	-41	24	44	1	40	arret
9059	staticB	-17	-60	35	64	1	40	arret
9059	staticF	-16	-58	33	62	1	40	arret
9059	staticL	-18	-60	34	64	1	40	arret
9059	staticR	-22	-59	39	64	1	40	arret
9059	staticS	-15	-61	29	65	1	40	arret
9060	staticR	-10	-45	23	49	1	40	arret
9061	staticR	-10	-37	17	39	1	40	arret
9062	staticR	-9	-37	17	39	1	40	arret
9063	staticR	-10	-60	31	62	1	40	arret
9064	staticR	-13	-50	23	53	1	40	arret
9066	staticB	-11	-53	26	55	1	40	arret
9066	staticF	-12	-58	26	61	1	40	arret
9066	staticL	-11	-55	26	59	1	40	arret
9066	staticR	-12	-57	26	61	1	40	arret
9066	staticS	-15	-55	24	59	1	40	arret
9067	staticR	-12	-56	21	60	1	40	arret
9068	staticR	-13	-41	25	44	1	40	arret
9069	staticL	-5	-39	12	43	1	40	arret
9069	staticR	-8	-38	15	41	1	40	arret
9070	staticL	-6	-39	13	43	1	40	arret
9070	staticR	-8	-38	15	41	1	40	arret
9071	staticL	-9	-32	23	34	1	40	arret
9071	staticR	-12	-170	20	36	1	40	arret
9072	staticL	-24	-73	78	90	1	40	arret
9072	staticR	-24	-73	78	90	1	40	arret
9073	staticR	-20	-45	15	40	1	40	arret
9074	staticL	-21	-12	42	24	1	40	arret
9074	staticR	-26	-7	57	13	1	40	arret
9075	staticL	-29	-38	45	42	1	40	arret
9075	staticR	-13	-37	23	41	1	40	arret
9076	staticL	-31	-82	52	89	1	40	arret
9076	staticR	-31	-82	52	89	1	40	arret
9077	staticB	-25	-51	51	54	1	40	arret
9077	staticL	-44	-92	89	107	1	40	arret
9077	staticR	-44	-92	89	107	1	40	arret
9078	staticL	-7	-37	16	40	1	40	arret
9078	staticR	-11	-37	19	40	1	40	arret
9079	staticL	-14	-39	25	42	1	40	arret
9079	staticR	-12	-39	22	42	1	40	arret
9080	staticL	-10	-48	27	50	1	40	arret
9080	staticR	-14	-47	30	49	1	40	arret
9081	staticL	-32	-49	44	51	1	40	arret
9081	staticR	-21	-44	33	51	1	40	arret
9082	staticL	-22	-56	49	63	1	40	arret
9082	staticR	-23	-52	42	59	1	40	arret
9083	staticL	-8	-51	19	55	1	40	arret
9083	staticR	-7	-47	17	55	1	40	arret
9084	staticB	-18	-41	32	46	1	40	arret
9084	staticF	-18	-40	32	45	1	40	arret
9084	staticL	-17	-42	28	47	1	40	arret
9084	staticR	-20	-40	31	45	1	40	arret
9084	staticS	-15	-40	31	45	1	40	arret
9085	staticL	-11	-44	26	48	1	40	arret
9085	staticR	-11	-45	21	49	1	40	arret
9086	staticL	-14	-49	23	54	1	40	arret
9086	staticR	-16	-50	26	56	1	40	arret
9087	staticL	-8	-36	22	40	1	40	arret
9087	staticR	-17	-41	25	45	1	40	arret
9088	staticR	-12	-36	20	39	1	40	arret
9089	staticB	-33	-50	50	56	1	40	arret
9089	staticF	-32	-51	52	58	1	40	arret
9089	staticL	-23	-49	40	59	1	40	arret
9089	staticR	-26	-50	43	62	1	40	arret
9089	staticS	-22	-51	39	61	1	40	arret
9090	staticL	-13	-26	21	30	1	40	arret
9090	staticR	-11	-27	22	29	1	40	arret
9091	staticR	-39	-40	61	47	1	40	arret
9092	staticL	-13	-30	25	33	1	40	arret
9092	staticR	-12	-29	23	32	1	40	arret
9093	staticL	-8	-16	17	20	1	40	arret
9093	staticR	-10	-15	18	18	1	40	arret
9094	staticR	-31	-93	78	115	1	40	arret
9095	staticL	-9	-48	19	52	1	40	arret
9095	staticR	-10	-50	19	54	1	40	arret
9096	staticL	-7	-30	14	34	1	40	arret
9096	staticR	-7	-31	15	34	1	40	arret
9097	staticL	-20	-70	47	77	1	40	arret
9097	staticR	-23	-75	47	82	1	40	arret
9098	staticB	-7	-14	13	17	1	40	arret
9098	staticF	-7	-13	13	15	1	40	arret
9098	staticL	-6	-15	13	18	1	40	arret
9098	staticR	-9	-15	15	18	1	40	arret
9098	staticS	-9	-16	14	19	1	40	arret
9099	staticB	-8	-19	13	20	1	40	arret
9099	staticF	-8	-21	13	22	1	40	arret
9099	staticL	-7	-19	15	20	1	40	arret
9099	staticR	-10	-20	16	21	1	40	arret
9099	staticS	-12	-19	16	20	1	40	arret
9100	staticR	-7	-39	15	42	1	40	arret
9101	staticL	-9	-42	18	46	1	40	arret
9101	staticR	-9	-43	18	47	1	40	arret
9102	staticL	-9	-46	19	50	1	40	arret
9102	staticR	-9	-46	18	50	1	40	arret
9103	staticL	-8	-44	25	50	1	40	arret
9104	staticR	-13	-93	60	102	1	40	arret
9105	staticR	-7	-39	23	42	1	40	arret
9106	staticL	-8	-40	18	44	1	40	arret
9106	staticR	-9	-41	19	44	1	40	arret
9107	staticL	-12	-30	19	33	1	40	arret
9107	staticR	-7	-30	16	33	1	40	arret
9108	staticR	-7	-38	17	41	1	40	arret
9109	staticL	-9	-43	19	47	1	40	arret
9109	staticR	-11	-44	20	48	1	40	arret
9110	staticL	-8	-38	16	42	1	40	arret
9110	staticR	-8	-40	16	43	1	40	arret
9111	staticL	-10	-33	17	37	1	40	arret
9111	staticR	-8	-34	17	38	1	40	arret
9200	staticB	-33	-50	50	56	1	40	arret
9200	staticF	-32	-51	52	58	1	40	arret
9200	staticL	-23	-49	40	59	1	40	arret
9200	staticR	-26	-50	43	62	1	40	arret
9200	staticS	-22	-51	39	61	1	40	arret
9201	staticL	-21	-36	44	49	1	40	arret
9201	staticR	-27	-39	50	52	1	40	arret
9202	staticL	-7	-10	12	13	1	40	arret
9202	staticR	-6	-11	12	12	1	40	arret
9203	staticL	-7	-10	12	13	1	40	arret
9203	staticR	-6	-11	12	12	1	40	arret
9204	staticL	-7	-10	12	13	1	40	arret
9204	staticR	-6	-11	12	12	1	40	arret
9205	staticL	-7	-10	12	13	1	40	arret
9205	staticR	-6	-11	12	12	1	40	arret
9206	staticL	-7	-10	12	13	1	40	arret
9206	staticR	-6	-11	12	12	1	40	arret
9210	staticL	-9	-28	22	31	1	40	arret
9210	staticR	-16	-30	27	33	1	40	arret
9211	staticR	-22	-79	39	84	1	40	arret
9212	staticR	-13	-53	23	57	1	40	arret
9213	staticL	-19	-71	39	87	1	40	arret
9213	staticR	-24	-78	40	95	1	40	arret
9214	staticL	-19	-71	39	87	1	40	arret
9214	staticR	-24	-78	40	95	1	40	arret
9215	staticL	-19	-71	39	87	1	40	arret
9215	staticR	-24	-78	40	95	1	40	arret
