gfx	anim	index	zone	couleur
10	anim0L	1	3	9e6124
10	anim0L	2	3	996633
10	anim0L	3	3	808000
10	anim0L	4	3	a25d2e
10	anim0L	5	1	fa952f
10	anim0L	6	2	5580aa
10	anim0L	7	2	406f96
10	anim0L	8	1	ff9224
10	anim0L	9	1	ff8040
10	anim0L	10	1	e87a0d
10	anim0L	11	2	008080
10	anim0L	12	2	386184
10	anim0L	13	2	0000ff
10	anim0L	14	2	5555aa
10	anim0L	15	2	408080
10	anim0L	16	2	336699
10	anim0R	1	3	808000
10	anim0R	2	3	9e6124
10	anim0R	3	3	a25d2e
10	anim0R	4	3	996633
10	anim0R	5	1	ff9224
10	anim0R	6	1	ff8040
10	anim0R	7	1	fa952f
10	anim0R	8	2	406f96
10	anim0R	9	2	5580aa
10	anim0R	10	1	e87a0d
10	anim0R	11	2	336699
10	anim0R	12	2	408080
10	anim0R	13	2	386184
10	anim0R	14	2	0000ff
10	anim0R	15	2	5555aa
10	anim0R	16	2	008080
10	anim10L	1	3	9e6124
10	anim10L	2	3	996633
10	anim10L	3	3	a25d2e
10	anim10L	4	3	808000
10	anim10L	5	1	fa952f
10	anim10L	6	1	ff8000
10	anim10L	7	1	ff9224
10	anim10L	8	1	ff8b2e
10	anim10L	9	1	ff8040
10	anim10L	10	2	406f96
10	anim10L	11	2	5580aa
10	anim10L	12	2	40609f
10	anim10L	13	2	336699
10	anim10L	14	2	46748b
10	anim10L	15	2	408080
10	anim10L	16	2	386184
10	anim10L	17	2	5555aa
10	anim10L	18	2	008080
10	anim10L	19	2	0000ff
10	anim10R	1	3	a25d2e
10	anim10R	2	3	9e6124
10	anim10R	3	3	996633
10	anim10R	4	3	808000
10	anim10R	5	1	fa952f
10	anim10R	6	1	e87a0d
10	anim10R	7	1	ff9224
10	anim10R	8	1	ff8b2e
10	anim10R	9	2	5580aa
10	anim10R	10	1	ff8040
10	anim10R	11	2	406f96
10	anim10R	12	2	0000ff
10	anim10R	13	2	46748b
10	anim10R	14	2	40609f
10	anim10R	15	2	408080
10	anim10R	16	2	386184
10	anim10R	17	2	336699
10	anim10R	18	2	008080
10	anim10R	19	2	5555aa
10	anim11L	1	3	9e6124
10	anim11L	2	3	996633
10	anim11L	3	3	a25d2e
10	anim11L	4	3	808000
10	anim11L	5	1	fa952f
10	anim11L	6	1	ff8040
10	anim11L	7	2	5580aa
10	anim11L	8	2	406f96
10	anim11L	9	1	ff8000
10	anim11L	10	1	ff9224
10	anim11L	11	1	ff8b2e
10	anim11L	12	1	e87a0d
10	anim11L	13	2	40609f
10	anim11L	14	2	008080
10	anim11L	15	2	386184
10	anim11L	16	2	46748b
10	anim11L	17	2	0000ff
10	anim11L	18	2	336699
10	anim11L	19	2	408080
10	anim11L	20	2	5555aa
10	anim11R	1	3	9e6124
10	anim11R	2	3	a25d2e
10	anim11R	3	3	808000
10	anim11R	4	3	996633
10	anim11R	5	1	fa952f
10	anim11R	6	1	ff8040
10	anim11R	7	2	5580aa
10	anim11R	8	2	406f96
10	anim11R	9	1	ff8b2e
10	anim11R	10	2	46748b
10	anim11R	11	1	ff8000
10	anim11R	12	1	ff9224
10	anim11R	13	1	e87a0d
10	anim11R	14	2	408080
10	anim11R	15	2	5555aa
10	anim11R	16	2	386184
10	anim11R	17	2	40609f
10	anim11R	18	2	0000ff
10	anim11R	19	2	008080
10	anim11R	20	2	336699
10	anim12L	1	3	9e6124
10	anim12L	2	3	996633
10	anim12L	3	3	a25d2e
10	anim12L	4	3	808000
10	anim12L	5	1	fa952f
10	anim12L	6	1	ff8040
10	anim12L	7	2	5580aa
10	anim12L	8	2	406f96
10	anim12L	9	1	ff8000
10	anim12L	10	1	ff9224
10	anim12L	11	1	ff8b2e
10	anim12L	12	1	e87a0d
10	anim12L	13	2	40609f
10	anim12L	14	2	008080
10	anim12L	15	2	386184
10	anim12L	16	2	46748b
10	anim12L	17	2	0000ff
10	anim12L	18	2	336699
10	anim12L	19	2	408080
10	anim12L	20	2	5555aa
10	anim12R	1	3	9e6124
10	anim12R	2	3	a25d2e
10	anim12R	3	3	808000
10	anim12R	4	3	996633
10	anim12R	5	1	fa952f
10	anim12R	6	1	ff8040
10	anim12R	7	2	5580aa
10	anim12R	8	2	406f96
10	anim12R	9	1	ff8b2e
10	anim12R	10	2	46748b
10	anim12R	11	1	ff8000
10	anim12R	12	1	ff9224
10	anim12R	13	1	e87a0d
10	anim12R	14	2	408080
10	anim12R	15	2	5555aa
10	anim12R	16	2	386184
10	anim12R	17	2	40609f
10	anim12R	18	2	0000ff
10	anim12R	19	2	008080
10	anim12R	20	2	336699
10	anim13L	1	3	9e6124
10	anim13L	2	3	996633
10	anim13L	3	3	a25d2e
10	anim13L	4	3	808000
10	anim13L	5	1	fa952f
10	anim13L	6	1	ff8040
10	anim13L	7	2	5580aa
10	anim13L	8	2	406f96
10	anim13L	9	1	ff8b2e
10	anim13L	10	1	ff8000
10	anim13L	11	2	46748b
10	anim13L	12	1	ff9224
10	anim13L	13	1	e87a0d
10	anim13L	14	2	40609f
10	anim13L	15	2	008080
10	anim13L	16	2	386184
10	anim13L	17	2	0000ff
10	anim13L	18	2	336699
10	anim13L	19	2	408080
10	anim13L	20	2	5555aa
10	anim13R	1	3	9e6124
10	anim13R	2	3	a25d2e
10	anim13R	3	3	808000
10	anim13R	4	3	996633
10	anim13R	5	2	5580aa
10	anim13R	6	1	fa952f
10	anim13R	7	2	406f96
10	anim13R	8	2	46748b
10	anim13R	9	1	ff9224
10	anim13R	10	1	ff8000
10	anim13R	11	1	ff8b2e
10	anim13R	12	1	ff8040
10	anim13R	13	1	e87a0d
10	anim13R	14	2	386184
10	anim13R	15	2	5555aa
10	anim13R	16	2	008080
10	anim13R	17	2	336699
10	anim13R	18	2	40609f
10	anim13R	19	2	408080
10	anim13R	20	2	0000ff
10	anim14L	1	3	9e6124
10	anim14L	2	3	996633
10	anim14L	3	3	a25d2e
10	anim14L	4	3	808000
10	anim14L	5	1	fa952f
10	anim14L	6	1	ff8040
10	anim14L	7	2	5580aa
10	anim14L	8	2	406f96
10	anim14L	9	1	ff8b2e
10	anim14L	10	1	ff8000
10	anim14L	11	2	46748b
10	anim14L	12	1	ff9224
10	anim14L	13	1	e87a0d
10	anim14L	14	2	40609f
10	anim14L	15	2	008080
10	anim14L	16	2	386184
10	anim14L	17	2	0000ff
10	anim14L	18	2	336699
10	anim14L	19	2	408080
10	anim14L	20	2	5555aa
10	anim14R	1	3	9e6124
10	anim14R	2	3	a25d2e
10	anim14R	3	3	808000
10	anim14R	4	3	996633
10	anim14R	5	2	5580aa
10	anim14R	6	1	fa952f
10	anim14R	7	2	406f96
10	anim14R	8	2	46748b
10	anim14R	9	1	ff9224
10	anim14R	10	1	ff8000
10	anim14R	11	1	ff8b2e
10	anim14R	12	1	ff8040
10	anim14R	13	1	e87a0d
10	anim14R	14	2	386184
10	anim14R	15	2	5555aa
10	anim14R	16	2	008080
10	anim14R	17	2	336699
10	anim14R	18	2	40609f
10	anim14R	19	2	408080
10	anim14R	20	2	0000ff
10	anim15L	1	3	9e6124
10	anim15L	2	3	996633
10	anim15L	3	3	a25d2e
10	anim15L	4	3	808000
10	anim15L	5	1	fa952f
10	anim15L	6	1	ff8040
10	anim15L	7	2	5580aa
10	anim15L	8	2	406f96
10	anim15L	9	1	ff8000
10	anim15L	10	1	ff9224
10	anim15L	11	1	ff8b2e
10	anim15L	12	2	46748b
10	anim15L	13	1	e87a0d
10	anim15L	14	2	408080
10	anim15L	15	2	386184
10	anim15L	16	2	0000ff
10	anim15L	17	2	336699
10	anim15L	18	2	008080
10	anim15L	19	2	40609f
10	anim15L	20	2	5555aa
10	anim15R	1	3	9e6124
10	anim15R	2	3	a25d2e
10	anim15R	3	3	808000
10	anim15R	4	3	996633
10	anim15R	5	1	fa952f
10	anim15R	6	1	ff8040
10	anim15R	7	2	5580aa
10	anim15R	8	2	406f96
10	anim15R	9	2	46748b
10	anim15R	10	1	ff8b2e
10	anim15R	11	1	ff8000
10	anim15R	12	1	ff9224
10	anim15R	13	1	e87a0d
10	anim15R	14	2	386184
10	anim15R	15	2	408080
10	anim15R	16	2	008080
10	anim15R	17	2	5555aa
10	anim15R	18	2	0000ff
10	anim15R	19	2	40609f
10	anim15R	20	2	336699
10	anim16L	1	3	9e6124
10	anim16L	2	3	996633
10	anim16L	3	3	a25d2e
10	anim16L	4	3	808000
10	anim16L	5	1	fa952f
10	anim16L	6	1	ff8040
10	anim16L	7	2	5580aa
10	anim16L	8	2	406f96
10	anim16L	9	1	ff8b2e
10	anim16L	10	1	ff8000
10	anim16L	11	2	46748b
10	anim16L	12	1	ff9224
10	anim16L	13	1	e87a0d
10	anim16L	14	2	40609f
10	anim16L	15	2	008080
10	anim16L	16	2	386184
10	anim16L	17	2	0000ff
10	anim16L	18	2	336699
10	anim16L	19	2	408080
10	anim16L	20	2	5555aa
10	anim16R	1	3	9e6124
10	anim16R	2	3	a25d2e
10	anim16R	3	3	808000
10	anim16R	4	3	996633
10	anim16R	5	2	5580aa
10	anim16R	6	1	fa952f
10	anim16R	7	2	406f96
10	anim16R	8	2	46748b
10	anim16R	9	1	ff9224
10	anim16R	10	1	ff8000
10	anim16R	11	1	ff8b2e
10	anim16R	12	1	ff8040
10	anim16R	13	1	e87a0d
10	anim16R	14	2	386184
10	anim16R	15	2	5555aa
10	anim16R	16	2	008080
10	anim16R	17	2	336699
10	anim16R	18	2	40609f
10	anim16R	19	2	408080
10	anim16R	20	2	0000ff
10	anim17L	1	3	808000
10	anim17L	2	3	9e6124
10	anim17L	3	3	a25d2e
10	anim17L	4	3	996633
10	anim17L	5	1	fa952f
10	anim17L	6	2	5580aa
10	anim17L	7	1	ff9224
10	anim17L	8	2	406f96
10	anim17L	9	1	ff8040
10	anim17L	10	1	ff8b2e
10	anim17L	11	2	46748b
10	anim17L	12	1	ff8000
10	anim17L	13	2	008080
10	anim17L	14	2	386184
10	anim17L	15	2	336699
10	anim17L	16	2	40609f
10	anim17L	17	2	5555aa
10	anim17L	18	2	0000ff
10	anim17L	19	2	408080
10	anim17R	1	3	a25d2e
10	anim17R	2	3	9e6124
10	anim17R	3	3	996633
10	anim17R	4	3	808000
10	anim17R	5	1	fa952f
10	anim17R	6	2	40609f
10	anim17R	7	1	ff8040
10	anim17R	8	2	5580aa
10	anim17R	9	1	ff9224
10	anim17R	10	2	46748b
10	anim17R	11	2	406f96
10	anim17R	12	1	ff8b2e
10	anim17R	13	1	ff8000
10	anim17R	14	1	e87a0d
10	anim17R	15	2	408080
10	anim17R	16	2	386184
10	anim17R	17	2	0000ff
10	anim17R	18	2	5555aa
10	anim17R	19	2	008080
10	anim17R	20	2	336699
10	anim18L	1	3	808000
10	anim18L	2	3	9e6124
10	anim18L	3	3	996633
10	anim18L	4	3	a25d2e
10	anim18L	5	1	ffff00
10	anim18L	6	1	fa952f
10	anim18L	7	1	ff8040
10	anim18L	8	2	5580aa
10	anim18L	9	1	ff9224
10	anim18L	10	2	0000ff
10	anim18L	11	2	406f96
10	anim18L	12	2	46748b
10	anim18L	13	1	ff8b2e
10	anim18L	14	1	ff8000
10	anim18L	15	1	e87a0d
10	anim18L	16	2	408080
10	anim18L	17	2	386184
10	anim18L	18	2	336699
10	anim18L	19	2	5555aa
10	anim18L	20	2	008080
10	anim18L	21	2	40609f
10	anim18R	1	3	996633
10	anim18R	2	3	9e6124
10	anim18R	3	3	a25d2e
10	anim18R	4	3	808000
10	anim18R	5	2	5555aa
10	anim18R	6	2	40609f
10	anim18R	7	2	406f96
10	anim18R	8	2	408080
10	anim18R	9	2	386184
10	anim18R	10	2	5580aa
10	anim18R	11	1	fa952f
10	anim18R	12	1	ff8040
10	anim18R	13	1	ff9224
10	anim18R	14	1	ff8b2e
10	anim18R	15	2	0000ff
10	anim18R	16	2	008080
10	anim18R	17	2	46748b
10	anim18R	18	2	336699
10	anim18R	19	1	ffff00
10	anim18R	20	1	ff8000
10	anim18R	21	1	e87a0d
10	anim1L	1	3	9e6124
10	anim1L	2	3	996633
10	anim1L	3	3	a25d2e
10	anim1L	4	3	808000
10	anim1L	5	1	fa952f
10	anim1L	6	1	e87a0d
10	anim1L	7	1	ff8b2e
10	anim1L	8	1	ff9224
10	anim1L	9	2	406f96
10	anim1L	10	2	5580aa
10	anim1L	11	2	40609f
10	anim1L	12	1	ff8040
10	anim1L	13	2	336699
10	anim1L	14	2	386184
10	anim1L	15	2	408080
10	anim1R	1	3	9e6124
10	anim1R	2	3	a25d2e
10	anim1R	3	3	808000
10	anim1R	4	3	996633
10	anim1R	5	1	fa952f
10	anim1R	6	1	ff9224
10	anim1R	7	1	ff8040
10	anim1R	8	2	5580aa
10	anim1R	9	1	e87a0d
10	anim1R	10	2	406f96
10	anim1R	11	2	336699
10	anim1R	12	2	008080
10	anim2L	1	3	9e6124
10	anim2L	2	3	996633
10	anim2L	3	3	a25d2e
10	anim2L	4	3	808000
10	anim2L	5	1	fa952f
10	anim2L	6	1	e87a0d
10	anim2L	7	1	ff8b2e
10	anim2L	8	1	ff9224
10	anim2L	9	2	406f96
10	anim2L	10	2	5580aa
10	anim2L	11	2	40609f
10	anim2L	12	1	ff8040
10	anim2L	13	2	336699
10	anim2L	14	2	386184
10	anim2L	15	2	408080
10	anim2R	1	3	9e6124
10	anim2R	2	3	a25d2e
10	anim2R	3	3	808000
10	anim2R	4	3	996633
10	anim2R	5	1	fa952f
10	anim2R	6	1	ff9224
10	anim2R	7	1	ff8b2e
10	anim2R	8	1	ff8040
10	anim2R	9	2	5580aa
10	anim2R	10	1	e87a0d
10	anim2R	11	2	406f96
10	anim2R	12	2	336699
10	anim2R	13	2	008080
10	anim3L	1	3	9e6124
10	anim3L	2	3	a25d2e
10	anim3L	3	3	996633
10	anim3L	4	1	fa952f
10	anim3L	5	2	5580aa
10	anim3L	6	2	406f96
10	anim3L	7	2	46748b
10	anim3L	8	3	808000
10	anim3L	9	2	408080
10	anim3L	10	1	ff8b2e
10	anim3L	11	1	ff9224
10	anim3L	12	1	ff8040
10	anim3L	13	1	e87a0d
10	anim3L	14	2	386184
10	anim3L	15	2	5555aa
10	anim3L	16	2	336699
10	anim3L	17	2	0000ff
10	anim3L	18	2	008080
10	anim3L	19	2	40609f
10	anim3R	1	3	808000
10	anim3R	2	3	9e6124
10	anim3R	3	3	996633
10	anim3R	4	3	a25d2e
10	anim3R	5	1	fa952f
10	anim3R	6	2	5580aa
10	anim3R	7	2	406f96
10	anim3R	8	1	ff8b2e
10	anim3R	9	2	336699
10	anim3R	10	1	ff9224
10	anim3R	11	1	e87a0d
10	anim3R	12	1	ff8040
10	anim3R	13	2	5555aa
10	anim3R	14	2	386184
10	anim3R	15	2	408080
10	anim3R	16	2	40609f
10	anim3R	17	2	008080
10	dieL	1	3	9e6124
10	dieL	2	3	a25d2e
10	dieL	3	3	996633
10	dieL	4	3	808000
10	dieL	5	1	fa952f
10	dieL	6	2	5580aa
10	dieL	7	2	406f96
10	dieL	8	1	e87a0d
10	dieL	9	1	ff9224
10	dieL	10	1	ff8040
10	dieL	11	2	336699
10	dieL	12	2	5555aa
10	dieL	13	2	0000ff
10	dieL	14	2	008080
10	dieL	15	2	386184
10	dieL	16	2	408080
10	dieR	1	3	9e6124
10	dieR	2	3	996633
10	dieR	3	2	5580aa
10	dieR	4	1	fa952f
10	dieR	5	2	406f96
10	dieR	6	2	386184
10	dieR	7	2	5555aa
10	dieR	8	1	ff9224
10	dieR	9	1	e87a0d
10	dieR	10	2	0000ff
10	dieR	11	2	008080
10	dieR	12	2	408080
10	hitL	1	3	9e6124
10	hitL	2	1	fa952f
10	hitL	3	2	5580aa
10	hitL	4	1	ff9224
10	hitL	5	1	e87a0d
10	hitL	6	2	408080
10	hitL	7	2	386184
10	hitL	8	2	0000ff
10	hitL	9	2	406f96
10	hitL	10	2	008080
10	hitR	1	3	9e6124
10	hitR	2	1	fa952f
10	hitR	3	2	5580aa
10	hitR	4	1	ff9224
10	hitR	5	2	406f96
10	hitR	6	1	e87a0d
10	hitR	7	2	408080
10	hitR	8	2	0000ff
10	runB	1	3	9e6124
10	runB	2	1	fa952f
10	runB	3	2	5580aa
10	runB	4	1	ff9224
10	runB	5	2	386184
10	runB	6	2	406f96
10	runB	7	1	e87a0d
10	runB	8	2	408080
10	runB	9	2	5555aa
10	runB	10	2	008080
10	runB	11	2	0000ff
10	runF	1	3	9e6124
10	runF	2	1	fa952f
10	runF	3	1	ff9224
10	runF	4	1	e87a0d
10	runF	5	2	406f96
10	runF	6	2	5580aa
10	runF	7	2	408080
10	runF	8	2	5555aa
10	runF	9	2	008080
10	runF	10	2	0000ff
10	runF	11	2	386184
10	runL	1	3	9e6124
10	runL	2	1	fa952f
10	runL	3	1	ff9224
10	runL	4	2	5580aa
10	runL	5	2	406f96
10	runL	6	1	e87a0d
10	runL	7	2	5555aa
10	runL	8	2	386184
10	runL	9	2	0000ff
10	runL	10	2	008080
10	runL	11	2	408080
10	runR	1	3	9e6124
10	runR	2	1	fa952f
10	runR	3	2	406f96
10	runR	4	1	ff9224
10	runR	5	1	e87a0d
10	runR	6	2	396482
10	runR	7	2	0000ff
10	runR	8	2	008080
10	runS	1	3	9e6124
10	runS	2	1	fa952f
10	runS	3	1	e87a0d
10	runS	4	1	ff9224
10	runS	5	2	406f96
10	runS	6	2	396482
10	runS	7	2	008080
10	runS	8	2	0000ff
10	staticB	1	3	9e6124
10	staticB	2	2	406f96
10	staticB	3	1	fa952f
10	staticB	4	1	e87a0d
10	staticF	1	3	9e6124
10	staticF	2	2	406f96
10	staticF	3	1	fa952f
10	staticL	1	3	9e6124
10	staticL	2	2	406f96
10	staticL	3	1	fa952f
10	staticL	4	1	e87a0d
10	staticR	1	3	9e6124
10	staticR	2	2	406f96
10	staticR	3	1	fa952f
10	staticS	1	3	9e6124
10	staticS	2	2	406f96
10	staticS	3	1	fa952f
10	walkB	1	3	9e6124
10	walkB	2	2	406f96
10	walkB	3	2	396482
10	walkB	4	1	e87a0d
10	walkB	5	1	fa952f
10	walkB	6	1	ff9224
10	walkF	1	3	9e6124
10	walkF	2	2	406f96
10	walkF	3	2	386184
10	walkF	4	1	fa952f
10	walkF	5	1	ff9224
10	walkF	6	1	e87a0d
10	walkL	1	3	9e6124
10	walkL	2	1	fa952f
10	walkL	3	2	406f96
10	walkL	4	2	386184
10	walkL	5	1	ff9224
10	walkL	6	1	e87a0d
10	walkR	1	3	9e6124
10	walkR	2	1	fa952f
10	walkR	3	2	406f96
10	walkR	4	1	e87a0d
10	walkS	1	3	9e6124
10	walkS	2	2	406f96
10	walkS	3	1	fa952f
10	walkS	4	1	e87a0d
11	anim0L	1	3	a25d2e
11	anim0L	2	3	9e6124
11	anim0L	3	3	808000
11	anim0L	4	3	ff0000
11	anim0L	5	3	926d24
11	anim0L	6	3	996633
11	anim0L	7	3	aa551c
11	anim0L	8	3	aa5500
11	anim0L	9	3	808040
11	anim0L	10	2	408080
11	anim0L	11	2	496d92
11	anim0L	12	1	fa952f
11	anim0L	13	2	406f96
11	anim0L	14	1	ffff00
11	anim0L	15	1	d48125
11	anim0L	16	2	0000ff
11	anim0L	17	2	3c678d
11	anim0L	18	2	386184
11	anim0R	1	3	9e6124
11	anim0R	2	3	808000
11	anim0R	3	3	a25d2e
11	anim0R	4	3	996633
11	anim0R	5	3	ff0000
11	anim0R	6	3	aa5500
11	anim0R	7	3	aa551c
11	anim0R	8	3	926d24
11	anim0R	9	3	808040
11	anim0R	10	2	496d92
11	anim0R	11	2	386184
11	anim0R	12	2	408080
11	anim0R	13	1	fa952f
11	anim0R	14	2	406f96
11	anim0R	15	2	5555aa
11	anim0R	16	2	008080
11	anim0R	17	2	0000ff
11	anim0R	18	1	d48125
11	anim0R	19	1	ffff00
11	anim0R	20	2	3c678d
11	anim10L	1	3	9e6124
11	anim10L	2	3	a25d2e
11	anim10L	3	3	808040
11	anim10L	4	3	aa551c
11	anim10L	5	3	ff0000
11	anim10L	6	3	926d24
11	anim10L	7	3	aa5500
11	anim10L	8	3	996633
11	anim10L	9	3	808000
11	anim10L	10	2	3c678d
11	anim10L	11	2	496d92
11	anim10L	12	2	5555aa
11	anim10L	13	1	ffaa2b
11	anim10L	14	2	406f96
11	anim10L	15	2	386184
11	anim10L	16	2	408080
11	anim10L	17	1	fa952f
11	anim10L	18	1	ff8040
11	anim10L	19	1	ffff00
11	anim10L	20	1	ff8000
11	anim10L	21	1	d48125
11	anim10L	22	2	008080
11	anim10L	23	2	0000ff
11	anim10R	1	3	996633
11	anim10R	2	3	aa551c
11	anim10R	3	3	9e6124
11	anim10R	4	3	a25d2e
11	anim10R	5	3	808040
11	anim10R	6	3	ff0000
11	anim10R	7	3	808000
11	anim10R	8	3	aa5500
11	anim10R	9	3	926d24
11	anim10R	10	2	496d92
11	anim10R	11	2	408080
11	anim10R	12	2	406f96
11	anim10R	13	1	ffaa2b
11	anim10R	14	1	fa952f
11	anim10R	15	1	ffff00
11	anim10R	16	1	ff8040
11	anim10R	17	1	d48125
11	anim10R	18	1	ff8000
11	anim10R	19	2	3c678d
11	anim10R	20	2	008080
11	anim10R	21	2	5555aa
11	anim10R	22	2	0000ff
11	anim10R	23	2	386184
11	anim11L	1	3	9e6124
11	anim11L	2	3	a25d2e
11	anim11L	3	3	aa5500
11	anim11L	4	3	926d24
11	anim11L	5	3	808040
11	anim11L	6	3	ff0000
11	anim11L	7	3	aa551c
11	anim11L	8	3	996633
11	anim11L	9	3	808000
11	anim11L	10	1	ffaa2b
11	anim11L	11	2	496d92
11	anim11L	12	2	5555aa
11	anim11L	13	2	406f96
11	anim11L	14	2	008080
11	anim11L	15	1	fa952f
11	anim11L	16	1	ff8040
11	anim11L	17	1	ff8000
11	anim11L	18	1	ffff00
11	anim11L	19	2	408080
11	anim11L	20	2	0000ff
11	anim11L	21	2	3c678d
11	anim11R	1	3	aa551c
11	anim11R	2	3	9e6124
11	anim11R	3	3	996633
11	anim11R	4	3	a25d2e
11	anim11R	5	3	926d24
11	anim11R	6	3	ff0000
11	anim11R	7	3	aa5500
11	anim11R	8	3	808040
11	anim11R	9	3	808000
11	anim11R	10	2	496d92
11	anim11R	11	2	5555aa
11	anim11R	12	2	406f96
11	anim11R	13	2	0000ff
11	anim11R	14	1	ffaa2b
11	anim11R	15	1	fa952f
11	anim11R	16	1	ff8000
11	anim11R	17	1	ff8040
11	anim11R	18	1	ffff00
11	anim11R	19	1	d48125
11	anim11R	20	2	3c678d
11	anim11R	21	2	408080
11	anim11R	22	2	008080
11	anim11R	23	2	386184
11	anim12L	1	3	9e6124
11	anim12L	2	3	a25d2e
11	anim12L	3	3	aa5500
11	anim12L	4	3	926d24
11	anim12L	5	3	808040
11	anim12L	6	3	ff0000
11	anim12L	7	3	aa551c
11	anim12L	8	3	996633
11	anim12L	9	3	808000
11	anim12L	10	1	ffaa2b
11	anim12L	11	2	496d92
11	anim12L	12	2	5555aa
11	anim12L	13	2	406f96
11	anim12L	14	2	008080
11	anim12L	15	1	fa952f
11	anim12L	16	1	ff8040
11	anim12L	17	1	ff8000
11	anim12L	18	1	ffff00
11	anim12L	19	2	408080
11	anim12L	20	2	0000ff
11	anim12L	21	2	3c678d
11	anim12R	1	3	aa551c
11	anim12R	2	3	9e6124
11	anim12R	3	3	ff0000
11	anim12R	4	3	996633
11	anim12R	5	3	a25d2e
11	anim12R	6	3	926d24
11	anim12R	7	3	aa5500
11	anim12R	8	3	808040
11	anim12R	9	3	808000
11	anim12R	10	2	496d92
11	anim12R	11	2	5555aa
11	anim12R	12	2	0000ff
11	anim12R	13	2	406f96
11	anim12R	14	1	ffaa2b
11	anim12R	15	1	ff8040
11	anim12R	16	1	fa952f
11	anim12R	17	1	ff8000
11	anim12R	18	1	ffff00
11	anim12R	19	1	d48125
11	anim12R	20	2	408080
11	anim12R	21	2	008080
11	anim12R	22	2	3c678d
11	anim12R	23	2	386184
11	anim13L	1	3	9e6124
11	anim13L	2	3	a25d2e
11	anim13L	3	3	aa5500
11	anim13L	4	3	926d24
11	anim13L	5	3	808040
11	anim13L	6	3	ff0000
11	anim13L	7	3	aa551c
11	anim13L	8	3	996633
11	anim13L	9	3	808000
11	anim13L	10	1	ffaa2b
11	anim13L	11	2	496d92
11	anim13L	12	2	5555aa
11	anim13L	13	2	406f96
11	anim13L	14	2	008080
11	anim13L	15	1	fa952f
11	anim13L	16	1	ff8040
11	anim13L	17	1	ff8000
11	anim13L	18	1	ffff00
11	anim13L	19	1	d48125
11	anim13L	20	2	408080
11	anim13L	21	2	0000ff
11	anim13L	22	2	3c678d
11	anim13R	1	3	aa551c
11	anim13R	2	3	9e6124
11	anim13R	3	3	996633
11	anim13R	4	3	a25d2e
11	anim13R	5	3	926d24
11	anim13R	6	3	ff0000
11	anim13R	7	3	aa5500
11	anim13R	8	3	808040
11	anim13R	9	3	808000
11	anim13R	10	2	496d92
11	anim13R	11	2	5555aa
11	anim13R	12	2	0000ff
11	anim13R	13	2	406f96
11	anim13R	14	1	ffaa2b
11	anim13R	15	1	fa952f
11	anim13R	16	1	ff8000
11	anim13R	17	1	ff8040
11	anim13R	18	1	ffff00
11	anim13R	19	1	d48125
11	anim13R	20	2	3c678d
11	anim13R	21	2	408080
11	anim13R	22	2	008080
11	anim13R	23	2	386184
11	anim14L	1	3	9e6124
11	anim14L	2	3	a25d2e
11	anim14L	3	3	aa5500
11	anim14L	4	3	926d24
11	anim14L	5	3	808040
11	anim14L	6	3	ff0000
11	anim14L	7	3	aa551c
11	anim14L	8	3	996633
11	anim14L	9	3	808000
11	anim14L	10	1	ffaa2b
11	anim14L	11	2	496d92
11	anim14L	12	2	5555aa
11	anim14L	13	2	406f96
11	anim14L	14	2	008080
11	anim14L	15	1	fa952f
11	anim14L	16	1	ff8040
11	anim14L	17	1	ff8000
11	anim14L	18	1	ffff00
11	anim14L	19	1	d48125
11	anim14L	20	2	408080
11	anim14L	21	2	0000ff
11	anim14L	22	2	3c678d
11	anim14R	1	3	aa551c
11	anim14R	2	3	9e6124
11	anim14R	3	3	996633
11	anim14R	4	3	a25d2e
11	anim14R	5	3	926d24
11	anim14R	6	3	ff0000
11	anim14R	7	3	aa5500
11	anim14R	8	3	808040
11	anim14R	9	3	808000
11	anim14R	10	2	496d92
11	anim14R	11	2	5555aa
11	anim14R	12	2	0000ff
11	anim14R	13	2	406f96
11	anim14R	14	1	ffaa2b
11	anim14R	15	1	fa952f
11	anim14R	16	1	ff8000
11	anim14R	17	1	ff8040
11	anim14R	18	1	ffff00
11	anim14R	19	1	d48125
11	anim14R	20	2	3c678d
11	anim14R	21	2	408080
11	anim14R	22	2	008080
11	anim14R	23	2	386184
11	anim15L	1	3	9e6124
11	anim15L	2	3	a25d2e
11	anim15L	3	3	aa5500
11	anim15L	4	3	926d24
11	anim15L	5	3	808040
11	anim15L	6	3	ff0000
11	anim15L	7	3	aa551c
11	anim15L	8	3	996633
11	anim15L	9	3	808000
11	anim15L	10	1	ffaa2b
11	anim15L	11	2	496d92
11	anim15L	12	2	5555aa
11	anim15L	13	2	386184
11	anim15L	14	2	406f96
11	anim15L	15	2	008080
11	anim15L	16	1	fa952f
11	anim15L	17	1	ff8040
11	anim15L	18	1	ff8000
11	anim15L	19	1	ffff00
11	anim15L	20	1	d48125
11	anim15L	21	2	408080
11	anim15L	22	2	0000ff
11	anim15L	23	2	3c678d
11	anim15R	1	3	aa551c
11	anim15R	2	3	9e6124
11	anim15R	3	3	996633
11	anim15R	4	3	a25d2e
11	anim15R	5	3	926d24
11	anim15R	6	3	ff0000
11	anim15R	7	3	aa5500
11	anim15R	8	3	808040
11	anim15R	9	3	808000
11	anim15R	10	2	496d92
11	anim15R	11	2	5555aa
11	anim15R	12	2	0000ff
11	anim15R	13	2	406f96
11	anim15R	14	1	ffaa2b
11	anim15R	15	1	fa952f
11	anim15R	16	1	ff8000
11	anim15R	17	1	ff8040
11	anim15R	18	1	ffff00
11	anim15R	19	1	d48125
11	anim15R	20	2	3c678d
11	anim15R	21	2	408080
11	anim15R	22	2	008080
11	anim15R	23	2	386184
11	anim16L	1	3	9e6124
11	anim16L	2	3	a25d2e
11	anim16L	3	3	aa5500
11	anim16L	4	3	926d24
11	anim16L	5	3	808040
11	anim16L	6	3	ff0000
11	anim16L	7	3	aa551c
11	anim16L	8	3	996633
11	anim16L	9	3	808000
11	anim16L	10	1	ffaa2b
11	anim16L	11	2	496d92
11	anim16L	12	2	5555aa
11	anim16L	13	2	406f96
11	anim16L	14	2	008080
11	anim16L	15	1	fa952f
11	anim16L	16	1	ff8040
11	anim16L	17	1	ff8000
11	anim16L	18	1	ffff00
11	anim16L	19	1	d48125
11	anim16L	20	2	408080
11	anim16L	21	2	0000ff
11	anim16L	22	2	3c678d
11	anim16R	1	3	aa551c
11	anim16R	2	3	9e6124
11	anim16R	3	3	996633
11	anim16R	4	3	a25d2e
11	anim16R	5	3	926d24
11	anim16R	6	3	ff0000
11	anim16R	7	3	aa5500
11	anim16R	8	3	808040
11	anim16R	9	3	808000
11	anim16R	10	2	496d92
11	anim16R	11	2	5555aa
11	anim16R	12	2	0000ff
11	anim16R	13	2	406f96
11	anim16R	14	1	ffaa2b
11	anim16R	15	1	fa952f
11	anim16R	16	1	ff8000
11	anim16R	17	1	ff8040
11	anim16R	18	1	ffff00
11	anim16R	19	1	d48125
11	anim16R	20	2	3c678d
11	anim16R	21	2	408080
11	anim16R	22	2	008080
11	anim16R	23	2	386184
11	anim17L	1	3	808000
11	anim17L	2	3	926d24
11	anim17L	3	3	9e6124
11	anim17L	4	3	ff0000
11	anim17L	5	3	808040
11	anim17L	6	3	aa551c
11	anim17L	7	3	996633
11	anim17L	8	3	a25d2e
11	anim17L	9	3	aa5500
11	anim17L	10	2	496d92
11	anim17L	11	2	406f96
11	anim17L	12	1	ffaa2b
11	anim17L	13	1	fa952f
11	anim17L	14	2	5555aa
11	anim17L	15	2	408080
11	anim17L	16	1	ff8040
11	anim17L	17	1	ff8000
11	anim17L	18	1	d48125
11	anim17L	19	1	ffff00
11	anim17L	20	2	0000ff
11	anim17L	21	2	3c678d
11	anim17L	22	2	008080
11	anim17R	1	3	a25d2e
11	anim17R	2	3	808000
11	anim17R	3	3	9e6124
11	anim17R	4	3	ff0000
11	anim17R	5	3	aa5500
11	anim17R	6	3	aa551c
11	anim17R	7	3	926d24
11	anim17R	8	3	808040
11	anim17R	9	3	996633
11	anim17R	10	2	496d92
11	anim17R	11	1	fa952f
11	anim17R	12	1	ffaa2b
11	anim17R	13	1	d48125
11	anim17R	14	2	408080
11	anim17R	15	2	406f96
11	anim17R	16	1	ff8040
11	anim17R	17	2	5555aa
11	anim17R	18	2	0000ff
11	anim17R	19	1	ff8000
11	anim17R	20	1	ffff00
11	anim17R	21	2	008080
11	anim17R	22	2	3c678d
11	anim17R	23	2	386184
11	anim18L	1	3	808000
11	anim18L	2	3	9e6124
11	anim18L	3	3	996633
11	anim18L	4	3	99661a
11	anim18L	5	3	a25d2e
11	anim18L	6	3	ff0000
11	anim18L	7	3	926d24
11	anim18L	8	3	aa5500
11	anim18L	9	3	aa551c
11	anim18L	10	3	808040
11	anim18L	11	2	408080
11	anim18L	12	1	ffaa2b
11	anim18L	13	2	496d92
11	anim18L	14	2	406f96
11	anim18L	15	2	0000ff
11	anim18L	16	2	008080
11	anim18L	17	1	fa952f
11	anim18L	18	1	ff8040
11	anim18L	19	1	ffff00
11	anim18L	20	2	5555aa
11	anim18L	21	1	ff8000
11	anim18L	22	1	d48125
11	anim18L	23	2	386184
11	anim18L	24	2	3c678d
11	anim18R	1	3	996633
11	anim18R	2	3	9e6124
11	anim18R	3	3	808000
11	anim18R	4	3	aa5500
11	anim18R	5	3	ff0000
11	anim18R	6	3	a25d2e
11	anim18R	7	3	808040
11	anim18R	8	3	926d24
11	anim18R	9	3	aa551c
11	anim18R	10	2	496d92
11	anim18R	11	1	ffaa2b
11	anim18R	12	2	406f96
11	anim18R	13	2	408080
11	anim18R	14	2	3c678d
11	anim18R	15	1	fa952f
11	anim18R	16	2	0000ff
11	anim18R	17	1	ff8000
11	anim18R	18	1	ff8040
11	anim18R	19	2	5555aa
11	anim18R	20	1	ffff00
11	anim18R	21	1	d48125
11	anim18R	22	2	386184
11	anim18R	23	2	008080
11	anim1L	1	3	9e6124
11	anim1L	2	3	926d24
11	anim1L	3	3	996633
11	anim1L	4	3	a25d2e
11	anim1L	5	3	aa5500
11	anim1L	6	3	ff0000
11	anim1L	7	3	808000
11	anim1L	8	3	808040
11	anim1L	9	3	aa551c
11	anim1L	10	2	496d92
11	anim1L	11	2	5555aa
11	anim1L	12	2	406f96
11	anim1L	13	2	008080
11	anim1L	14	1	fa952f
11	anim1L	15	2	408080
11	anim1L	16	1	ffff00
11	anim1L	17	1	d48125
11	anim1R	1	3	808040
11	anim1R	2	3	996633
11	anim1R	3	3	9e6124
11	anim1R	4	3	aa551c
11	anim1R	5	3	a25d2e
11	anim1R	6	3	aa5500
11	anim1R	7	3	ff0000
11	anim1R	8	3	926d24
11	anim1R	9	3	808000
11	anim1R	10	1	fa952f
11	anim1R	11	2	496d92
11	anim1R	12	2	406f96
11	anim1R	13	2	386184
11	anim1R	14	1	ffff00
11	anim1R	15	1	d48125
11	anim1R	16	2	408080
11	anim1R	17	2	0000ff
11	anim2L	1	3	9e6124
11	anim2L	2	3	926d24
11	anim2L	3	3	996633
11	anim2L	4	3	a25d2e
11	anim2L	5	3	aa5500
11	anim2L	6	3	ff0000
11	anim2L	7	3	808000
11	anim2L	8	3	808040
11	anim2L	9	3	aa551c
11	anim2L	10	2	496d92
11	anim2L	11	2	5555aa
11	anim2L	12	2	406f96
11	anim2L	13	2	008080
11	anim2L	14	1	fa952f
11	anim2L	15	2	408080
11	anim2L	16	1	ffff00
11	anim2L	17	1	d48125
11	anim2R	1	3	808040
11	anim2R	2	3	996633
11	anim2R	3	3	9e6124
11	anim2R	4	3	aa551c
11	anim2R	5	3	a25d2e
11	anim2R	6	3	aa5500
11	anim2R	7	3	ff0000
11	anim2R	8	3	926d24
11	anim2R	9	3	808000
11	anim2R	10	1	fa952f
11	anim2R	11	2	496d92
11	anim2R	12	2	406f96
11	anim2R	13	2	386184
11	anim2R	14	1	ffff00
11	anim2R	15	1	d48125
11	anim2R	16	2	408080
11	anim2R	17	2	0000ff
11	anim3L	1	3	9e6124
11	anim3L	2	3	808040
11	anim3L	3	3	996633
11	anim3L	4	3	aa551c
11	anim3L	5	3	ff0000
11	anim3L	6	3	a25d2e
11	anim3L	7	3	926d24
11	anim3L	8	3	aa5500
11	anim3L	9	2	496d92
11	anim3L	10	1	fa952f
11	anim3L	11	2	406f96
11	anim3L	12	2	5555aa
11	anim3L	13	1	ffff00
11	anim3L	14	1	ff8000
11	anim3L	15	2	3c678d
11	anim3R	1	3	9e6124
11	anim3R	2	3	aa5500
11	anim3R	3	3	808000
11	anim3R	4	3	996633
11	anim3R	5	3	808040
11	anim3R	6	3	ff0000
11	anim3R	7	3	aa551c
11	anim3R	8	3	a25d2e
11	anim3R	9	3	926d24
11	anim3R	10	2	496d92
11	anim3R	11	1	fa952f
11	anim3R	12	2	406f96
11	anim3R	13	2	5555aa
11	anim3R	14	2	008080
11	anim3R	15	2	408080
11	anim3R	16	1	ffff00
11	anim3R	17	1	d48125
11	anim3R	18	2	3c678d
11	anim3R	19	2	386184
11	anim3R	20	2	0000ff
11	dieL	1	3	9e6124
11	dieL	2	3	ff0000
11	dieL	3	3	926d24
11	dieL	4	3	a25d2e
11	dieL	5	3	996633
11	dieL	6	3	808000
11	dieL	7	3	808040
11	dieL	8	3	aa551c
11	dieL	9	3	aa5500
11	dieL	10	1	fa952f
11	dieL	11	2	406f96
11	dieL	12	2	4d6699
11	dieL	13	2	0000ff
11	dieL	14	2	408080
11	dieL	15	2	008080
11	dieL	16	1	ffff00
11	dieL	17	2	5555aa
11	dieL	18	1	d48125
11	dieL	19	2	3c678d
11	dieL	20	2	386184
11	dieR	1	3	9e6124
11	dieR	2	3	a25d2e
11	dieR	3	3	996633
11	dieR	4	3	aa551c
11	dieR	5	3	aa5500
11	dieR	6	3	808000
11	dieR	7	3	ff0000
11	dieR	8	3	926d24
11	dieR	9	3	808040
11	dieR	10	2	4d6699
11	dieR	11	1	fa952f
11	dieR	12	2	406f96
11	dieR	13	2	408080
11	dieR	14	2	008080
11	dieR	15	2	0000ff
11	dieR	16	2	3c678d
11	dieR	17	2	5555aa
11	dieR	18	1	d48125
11	dieR	19	1	ffff00
11	dieR	20	2	386184
11	hitL	1	3	9e6124
11	hitL	2	3	aa552b
11	hitL	3	3	926d24
11	hitL	4	3	808000
11	hitL	5	3	aa551c
11	hitL	6	3	996633
11	hitL	7	2	406f96
11	hitL	8	1	fa952f
11	hitL	9	3	808040
11	hitL	10	2	4d6699
11	hitL	11	1	ffff00
11	hitL	12	2	008080
11	hitL	13	2	0000ff
11	hitL	14	2	408080
11	hitR	1	3	9e6124
11	hitR	2	3	996633
11	hitR	3	3	808040
11	hitR	4	2	4d6699
11	hitR	5	3	926d24
11	hitR	6	2	408080
11	hitR	7	1	fa952f
11	hitR	8	3	aa552b
11	hitR	9	1	ffff00
11	hitR	10	1	d48125
11	hitR	11	2	406f96
11	hitR	12	2	0000ff
11	runB	1	3	996633
11	runB	2	3	9e6124
11	runB	3	3	926d24
11	runB	4	3	ff0000
11	runB	5	3	808000
11	runB	6	3	aa5500
11	runB	7	3	aa552b
11	runB	8	3	aa551c
11	runB	9	2	386184
11	runB	10	2	4d6699
11	runB	11	2	3c678d
11	runB	12	2	408080
11	runB	13	2	406f96
11	runB	14	2	5555aa
11	runB	15	1	fa952f
11	runB	16	1	d48125
11	runB	17	2	0000ff
11	runB	18	1	ffff00
11	runB	19	2	008080
11	runF	1	3	808000
11	runF	2	3	ff0000
11	runF	3	3	9e6124
11	runF	4	3	996633
11	runF	5	3	926d24
11	runF	6	3	aa551c
11	runF	7	3	aa552b
11	runF	8	3	aa5500
11	runF	9	1	fa952f
11	runF	10	1	ffff00
11	runF	11	1	d48125
11	runF	12	2	406f96
11	runF	13	2	4d6699
11	runF	14	2	0000ff
11	runF	15	2	008080
11	runF	16	2	3c678d
11	runF	17	2	408080
11	runF	18	2	5555aa
11	runL	1	3	9e6124
11	runL	2	3	926d24
11	runL	3	3	808000
11	runL	4	3	aa551c
11	runL	5	3	aa5500
11	runL	6	3	996633
11	runL	7	3	aa552b
11	runL	8	3	ff0000
11	runL	9	2	4d6699
11	runL	10	1	fa952f
11	runL	11	2	5555aa
11	runL	12	2	408080
11	runL	13	2	406f96
11	runL	14	1	ffff00
11	runL	15	2	3c678d
11	runL	16	2	386184
11	runL	17	1	d48125
11	runL	18	2	0000ff
11	runL	19	2	008080
11	runR	1	3	9e6124
11	runR	2	3	996633
11	runR	3	3	aa5500
11	runR	4	3	aa551c
11	runR	5	3	926d24
11	runR	6	3	ff0000
11	runR	7	3	808000
11	runR	8	3	aa552b
11	runR	9	2	4d6699
11	runR	10	1	fa952f
11	runR	11	2	406f96
11	runR	12	1	d48125
11	runR	13	2	3c678d
11	runR	14	2	5555aa
11	runR	15	2	386184
11	runR	16	2	008080
11	runR	17	2	408080
11	runR	18	2	0000ff
11	runS	1	3	a25d2e
11	runS	2	3	9e6124
11	runS	3	3	ff0000
11	runS	4	3	926d24
11	runS	5	3	996633
11	runS	6	3	aa5500
11	runS	7	3	808000
11	runS	8	3	aa551c
11	runS	9	2	406f96
11	runS	10	2	408080
11	runS	11	2	4d6699
11	runS	12	1	fa952f
11	runS	13	2	008080
11	runS	14	1	d48125
11	runS	15	2	0000ff
11	runS	16	2	386184
11	runS	17	2	3c678d
11	runS	18	2	5555aa
11	staticB	1	3	9e6124
11	staticB	2	2	406f96
11	staticB	3	1	fa952f
11	staticB	4	1	d48125
11	staticF	1	3	9e6124
11	staticF	2	2	406f96
11	staticF	3	1	fa952f
11	staticL	1	3	9e6124
11	staticL	2	1	fa952f
11	staticL	3	2	406f96
11	staticR	1	3	9e6124
11	staticR	2	1	fa952f
11	staticR	3	2	406f96
11	staticS	1	3	9e6124
11	staticS	2	2	406f96
11	staticS	3	1	fa952f
11	walkB	1	3	926d24
11	walkB	2	3	9e6124
11	walkB	3	3	a25d2e
11	walkB	4	3	ff0000
11	walkB	5	3	aa5500
11	walkB	6	3	996633
11	walkB	7	3	808000
11	walkB	8	3	aa551c
11	walkB	9	2	4d6699
11	walkB	10	2	408080
11	walkB	11	2	386184
11	walkB	12	2	3d688d
11	walkB	13	2	0000ff
11	walkB	14	1	fa952f
11	walkB	15	1	d48125
11	walkB	16	2	406f96
11	walkB	17	2	5555aa
11	walkB	18	2	008080
11	walkF	1	3	996633
11	walkF	2	3	9e6124
11	walkF	3	3	ff0000
11	walkF	4	3	a25d2e
11	walkF	5	3	aa551c
11	walkF	6	3	aa5500
11	walkF	7	3	926d24
11	walkF	8	3	808000
11	walkF	9	2	408080
11	walkF	10	2	4d6699
11	walkF	11	2	406f96
11	walkF	12	2	5555aa
11	walkF	13	1	fa952f
11	walkF	14	1	d48125
11	walkF	15	2	008080
11	walkF	16	2	0000ff
11	walkF	17	2	3d688d
11	walkF	18	2	386184
11	walkL	1	3	9e6124
11	walkL	2	3	ff0000
11	walkL	3	3	996633
11	walkL	4	3	aa551c
11	walkL	5	3	a25d2e
11	walkL	6	3	926d24
11	walkL	7	3	808000
11	walkL	8	3	aa5500
11	walkL	9	1	fa952f
11	walkL	10	2	408080
11	walkL	11	2	4d6699
11	walkL	12	2	3d688d
11	walkL	13	2	406f96
11	walkL	14	2	0000ff
11	walkL	15	2	008080
11	walkL	16	2	5555aa
11	walkL	17	1	d48125
11	walkL	18	2	386184
11	walkR	1	3	9e6124
11	walkR	2	3	ff0000
11	walkR	3	3	996633
11	walkR	4	3	aa5500
11	walkR	5	3	926d24
11	walkR	6	3	a25d2e
11	walkR	7	3	aa551c
11	walkR	8	3	808000
11	walkR	9	2	406f96
11	walkR	10	2	3d688d
11	walkR	11	2	386184
11	walkR	12	1	fa952f
11	walkR	13	1	d48125
11	walkS	1	3	9e6124
11	walkS	2	2	406f96
11	walkS	3	2	386184
11	walkS	4	1	fa952f
11	walkS	5	2	3d688d
11	walkS	6	1	d48125
20	anim0L	1	2	ffffff
20	anim0L	2	1	555555
20	anim0L	3	1	333366
20	anim0L	4	1	3e3c73
20	anim0L	5	1	404080
20	anim0L	6	1	000000
20	anim0L	7	1	333380
20	anim0L	8	1	49496d
20	anim0L	9	1	40406a
20	anim0L	10	1	000080
20	anim0L	11	2	ffd919
20	anim0L	12	3	ffce8c
20	anim0L	13	3	ffffff
20	anim0L	14	3	ffff80
20	anim0L	15	2	d8b20e
20	anim0L	16	2	be9808
20	anim0L	17	2	ffcc00
20	anim0L	18	3	ffcc99
20	anim0L	19	3	ffaaaa
20	anim0L	20	2	fffae3
20	anim0L	21	2	fff7c4
20	anim0L	22	2	ffff00
20	anim0L	23	2	8f7301
20	anim0L	24	2	ffe31c
20	anim0L	25	2	ffd52b
20	anim0L	26	2	ffe66b
20	anim0L	27	2	fffdf5
20	anim0L	28	2	ecc813
20	anim0L	29	2	c7a00a
20	anim0L	30	2	ffbf00
20	anim0L	31	2	ffe047
20	anim0L	32	2	e2bc11
20	anim0L	33	3	ffbf80
20	anim0L	34	3	e4b57a
20	anim0L	35	2	d1b444
20	anim0L	36	3	dbb66d
20	anim0R	1	1	40406a
20	anim0R	2	1	333366
20	anim0R	3	1	49496d
20	anim0R	4	2	ffffff
20	anim0R	5	1	3e3c73
20	anim0R	6	1	333380
20	anim0R	7	1	000080
20	anim0R	8	1	404080
20	anim0R	9	1	555555
20	anim0R	10	2	ffff00
20	anim0R	11	2	ffd919
20	anim0R	12	2	fff7c4
20	anim0R	13	3	ffce8c
20	anim0R	14	3	ffffff
20	anim0R	15	1	000000
20	anim0R	16	2	be9808
20	anim0R	17	2	d8b20e
20	anim0R	18	2	ffe047
20	anim0R	19	3	ffcc99
20	anim0R	20	2	ecc813
20	anim0R	21	2	ffe31c
20	anim0R	22	2	ffe66b
20	anim0R	23	3	ffff80
20	anim0R	24	2	c7a00a
20	anim0R	25	2	ffd52b
20	anim0R	26	2	fffdf5
20	anim0R	27	2	8f7301
20	anim0R	28	2	fffae3
20	anim0R	29	3	e4b57a
20	anim0R	30	2	ffcc00
20	anim0R	31	2	ffbf00
20	anim0R	32	3	ffaaaa
20	anim0R	33	2	e2bc11
20	anim0R	34	2	d1b444
20	anim10L	1	2	ffdb24
20	anim10L	2	2	ffd919
20	anim10L	3	2	ffff00
20	anim10L	4	2	ffbf00
20	anim10L	5	2	cda90b
20	anim10L	6	2	c7a00a
20	anim10L	7	2	8f7301
20	anim10L	8	2	f6d117
20	anim10L	9	2	dfb910
20	anim10L	10	2	ecc813
20	anim10L	11	2	d1b444
20	anim10L	12	1	333366
20	anim10L	13	1	000000
20	anim10L	14	2	ffcc00
20	anim10L	15	2	ffe047
20	anim10L	16	1	40406a
20	anim10L	17	1	49496d
20	anim10L	18	2	ffffff
20	anim10L	19	1	3e3c73
20	anim10L	20	1	404080
20	anim10L	21	2	fffdf5
20	anim10L	22	2	ffe66b
20	anim10L	23	1	555555
20	anim10L	24	2	fff7c4
20	anim10L	25	3	ffff80
20	anim10L	26	2	ffe61a
20	anim10L	27	3	ffce8c
20	anim10L	28	1	000080
20	anim10L	29	2	fffae3
20	anim10L	30	3	ffbf80
20	anim10L	31	2	be9808
20	anim10L	32	3	ffffff
20	anim10L	33	3	ffcc99
20	anim10L	34	3	ffaaaa
20	anim10L	35	3	e4b57a
20	anim10L	36	1	2b2b80
20	anim10L	37	3	dbb66d
20	anim10R	1	2	ffff00
20	anim10R	2	2	ffd919
20	anim10R	3	2	ffcc00
20	anim10R	4	2	ffdb24
20	anim10R	5	2	f6d117
20	anim10R	6	2	ffe61a
20	anim10R	7	2	d1b444
20	anim10R	8	2	ecc813
20	anim10R	9	2	dfb910
20	anim10R	10	2	be9808
20	anim10R	11	1	000000
20	anim10R	12	1	3e3c73
20	anim10R	13	1	333366
20	anim10R	14	1	555555
20	anim10R	15	1	2b2b80
20	anim10R	16	1	40406a
20	anim10R	17	2	8f7301
20	anim10R	18	2	ffbf00
20	anim10R	19	2	ffffff
20	anim10R	20	1	49496d
20	anim10R	21	2	ffe047
20	anim10R	22	1	404080
20	anim10R	23	2	ffe66b
20	anim10R	24	3	ffff80
20	anim10R	25	3	ffce8c
20	anim10R	26	2	fff7c4
20	anim10R	27	2	fffdf5
20	anim10R	28	1	000080
20	anim10R	29	3	ffbf80
20	anim10R	30	3	ffcc99
20	anim10R	31	3	ffffff
20	anim10R	32	3	ffaaaa
20	anim10R	33	3	e4b57a
20	anim10R	34	2	fffae3
20	anim10R	35	2	c7a00a
20	anim10R	36	2	cda90b
20	anim11L	1	1	333366
20	anim11L	2	1	000000
20	anim11L	3	1	49496d
20	anim11L	4	2	ffffff
20	anim11L	5	1	3e3c73
20	anim11L	6	1	40406a
20	anim11L	7	1	333380
20	anim11L	8	1	404080
20	anim11L	9	1	555555
20	anim11L	10	3	ffffff
20	anim11L	11	3	ffce8c
20	anim11L	12	3	ffcc99
20	anim11L	13	3	ffff80
20	anim11L	14	2	ffd919
20	anim11L	15	2	fffae3
20	anim11L	16	2	fffdf1
20	anim11L	17	2	fff7c4
20	anim11L	18	2	ffe66b
20	anim11L	19	2	ffdb24
20	anim11L	20	2	ffe047
20	anim11L	21	3	ffaaaa
20	anim11L	22	3	ffbf80
20	anim11L	23	2	ffff00
20	anim11L	24	2	ffe61a
20	anim11L	25	2	f5cf16
20	anim11L	26	2	cda90b
20	anim11L	27	1	000080
20	anim11L	28	2	ecc813
20	anim11L	29	2	ffbf00
20	anim11L	30	2	be9808
20	anim11L	31	2	dfb910
20	anim11L	32	2	8f7301
20	anim11L	33	2	ffcc00
20	anim11R	1	1	333366
20	anim11R	2	1	3e3c73
20	anim11R	3	1	333380
20	anim11R	4	1	40406a
20	anim11R	5	1	49496d
20	anim11R	6	1	555555
20	anim11R	7	1	000080
20	anim11R	8	2	ffffff
20	anim11R	9	1	404080
20	anim11R	10	2	ffd919
20	anim11R	11	1	000000
20	anim11R	12	2	fffae3
20	anim11R	13	2	fff7c4
20	anim11R	14	3	ffffff
20	anim11R	15	2	ffbf00
20	anim11R	16	3	ffce8c
20	anim11R	17	3	ffff80
20	anim11R	18	2	ffdb24
20	anim11R	19	2	ffe66b
20	anim11R	20	2	ffe047
20	anim11R	21	3	ffcc99
20	anim11R	22	2	ffcc00
20	anim11R	23	2	ffe61a
20	anim11R	24	3	ffbf80
20	anim11R	25	3	e4b57a
20	anim11R	26	3	ffaaaa
20	anim11R	27	2	ffff00
20	anim11R	28	2	dfb910
20	anim11R	29	2	be9808
20	anim11R	30	2	cda90b
20	anim11R	31	2	8f7301
20	anim11R	32	2	f5cf16
20	anim11R	33	2	c7a00a
20	anim11R	34	2	ecc813
20	anim11R	35	2	fffdf5
20	anim11R	36	2	d1b444
20	anim12L	1	1	333366
20	anim12L	2	1	000000
20	anim12L	3	1	49496d
20	anim12L	4	2	ffffff
20	anim12L	5	1	3e3c73
20	anim12L	6	1	40406a
20	anim12L	7	1	333380
20	anim12L	8	1	404080
20	anim12L	9	1	555555
20	anim12L	10	3	ffffff
20	anim12L	11	3	ffce8c
20	anim12L	12	3	ffcc99
20	anim12L	13	3	ffff80
20	anim12L	14	2	ffd919
20	anim12L	15	2	fff9d9
20	anim12L	16	2	fffbe7
20	anim12L	17	2	fffdf1
20	anim12L	18	2	fff6c6
20	anim12L	19	2	ffe66b
20	anim12L	20	2	ffdb24
20	anim12L	21	2	ffe047
20	anim12L	22	2	ffde3d
20	anim12L	23	3	ffaaaa
20	anim12L	24	3	ffbf80
20	anim12L	25	2	ffff00
20	anim12L	26	2	ffe61a
20	anim12L	27	2	f5cf16
20	anim12L	28	3	f4c385
20	anim12L	29	2	cda90b
20	anim12L	30	1	000080
20	anim12L	31	2	ecc813
20	anim12L	32	2	d6b10d
20	anim12L	33	2	ffbf00
20	anim12L	34	2	be9808
20	anim12L	35	2	dfb910
20	anim12L	36	2	8f7301
20	anim12L	37	2	ffcc00
20	anim12R	1	1	333366
20	anim12R	2	1	3e3c73
20	anim12R	3	1	333380
20	anim12R	4	1	40406a
20	anim12R	5	1	49496d
20	anim12R	6	1	555555
20	anim12R	7	1	000080
20	anim12R	8	2	ffffff
20	anim12R	9	1	404080
20	anim12R	10	2	ffd919
20	anim12R	11	1	000000
20	anim12R	12	2	fffae3
20	anim12R	13	2	fff6c6
20	anim12R	14	3	ffffff
20	anim12R	15	2	ffbf00
20	anim12R	16	3	ffce8c
20	anim12R	17	3	ffff80
20	anim12R	18	2	ffdb24
20	anim12R	19	2	ffe66b
20	anim12R	20	2	ffe047
20	anim12R	21	3	ffcc99
20	anim12R	22	2	ffcc00
20	anim12R	23	2	ffde3d
20	anim12R	24	2	ffe61a
20	anim12R	25	3	ffbf80
20	anim12R	26	3	f4c385
20	anim12R	27	3	ffaaaa
20	anim12R	28	3	e4b57a
20	anim12R	29	2	ffff00
20	anim12R	30	2	dfb910
20	anim12R	31	2	be9808
20	anim12R	32	2	cda90b
20	anim12R	33	2	8f7301
20	anim12R	34	2	f5cf16
20	anim12R	35	2	c7a00a
20	anim12R	36	2	d6b10d
20	anim12R	37	2	ecc813
20	anim12R	38	2	fffdf1
20	anim12R	39	2	d1b444
20	anim13L	1	1	333366
20	anim13L	2	1	000000
20	anim13L	3	1	49496d
20	anim13L	4	2	ffffff
20	anim13L	5	1	3e3c73
20	anim13L	6	1	40406a
20	anim13L	7	1	333380
20	anim13L	8	1	404080
20	anim13L	9	1	555555
20	anim13L	10	3	ffffff
20	anim13L	11	3	ffce8c
20	anim13L	12	3	ffcc99
20	anim13L	13	3	ffff80
20	anim13L	14	2	ffd919
20	anim13L	15	2	fff9d9
20	anim13L	16	2	fffbe7
20	anim13L	17	2	fffdf1
20	anim13L	18	2	fff6c6
20	anim13L	19	2	ffe66b
20	anim13L	20	2	ffdb24
20	anim13L	21	2	ffe047
20	anim13L	22	2	ffde3d
20	anim13L	23	3	ffaaaa
20	anim13L	24	3	ffbf80
20	anim13L	25	2	ffff00
20	anim13L	26	2	ffe61a
20	anim13L	27	2	f5cf16
20	anim13L	28	2	ffbf00
20	anim13L	29	3	f4c385
20	anim13L	30	2	cda70b
20	anim13L	31	1	000080
20	anim13L	32	2	e5bf11
20	anim13L	33	2	ecc813
20	anim13L	34	2	be9808
20	anim13L	35	2	dbb70f
20	anim13L	36	2	8f7301
20	anim13L	37	2	ffcc00
20	anim13R	1	1	333366
20	anim13R	2	1	3e3c73
20	anim13R	3	1	000000
20	anim13R	4	1	333380
20	anim13R	5	1	40406a
20	anim13R	6	1	49496d
20	anim13R	7	1	555555
20	anim13R	8	1	000080
20	anim13R	9	2	ffffff
20	anim13R	10	1	404080
20	anim13R	11	2	ffd919
20	anim13R	12	2	fffbe7
20	anim13R	13	2	fff6c6
20	anim13R	14	3	ffffff
20	anim13R	15	2	ffbf00
20	anim13R	16	3	ffce8c
20	anim13R	17	3	ffff80
20	anim13R	18	2	ffdb24
20	anim13R	19	2	ffe66b
20	anim13R	20	2	ffde3d
20	anim13R	21	3	ffcc99
20	anim13R	22	2	ffe047
20	anim13R	23	2	ffcc00
20	anim13R	24	2	ffe61a
20	anim13R	25	3	ffbf80
20	anim13R	26	3	f4c385
20	anim13R	27	3	ffaaaa
20	anim13R	28	3	e4b57a
20	anim13R	29	2	fff9d9
20	anim13R	30	2	ffff00
20	anim13R	31	2	dbb70f
20	anim13R	32	2	be9808
20	anim13R	33	2	cda70b
20	anim13R	34	2	8f7301
20	anim13R	35	2	e5bf11
20	anim13R	36	2	f5cf16
20	anim13R	37	2	ecc813
20	anim13R	38	2	fffdf1
20	anim13R	39	2	d1b444
20	anim14L	1	1	333366
20	anim14L	2	1	000000
20	anim14L	3	1	49496d
20	anim14L	4	2	ffffff
20	anim14L	5	1	3e3c73
20	anim14L	6	1	40406a
20	anim14L	7	1	333380
20	anim14L	8	1	404080
20	anim14L	9	1	555555
20	anim14L	10	3	ffffff
20	anim14L	11	3	ffce8c
20	anim14L	12	3	ffcc99
20	anim14L	13	3	ffff80
20	anim14L	14	2	ffd919
20	anim14L	15	2	fff9d9
20	anim14L	16	2	fffbe7
20	anim14L	17	2	fffdf1
20	anim14L	18	2	fff6c6
20	anim14L	19	2	ffe66b
20	anim14L	20	2	ffdb24
20	anim14L	21	2	ffe047
20	anim14L	22	2	ffde3d
20	anim14L	23	3	ffaaaa
20	anim14L	24	3	ffbf80
20	anim14L	25	2	ffff00
20	anim14L	26	2	ffe61a
20	anim14L	27	2	f5cf16
20	anim14L	28	2	ffbf00
20	anim14L	29	3	f4c385
20	anim14L	30	2	cda70b
20	anim14L	31	1	000080
20	anim14L	32	2	e5bf11
20	anim14L	33	2	ecc813
20	anim14L	34	2	be9808
20	anim14L	35	2	dbb70f
20	anim14L	36	2	8f7301
20	anim14L	37	2	ffcc00
20	anim14R	1	1	333366
20	anim14R	2	1	3e3c73
20	anim14R	3	1	000000
20	anim14R	4	1	333380
20	anim14R	5	1	40406a
20	anim14R	6	1	49496d
20	anim14R	7	1	555555
20	anim14R	8	1	000080
20	anim14R	9	2	ffffff
20	anim14R	10	1	404080
20	anim14R	11	2	ffd919
20	anim14R	12	2	fffbe7
20	anim14R	13	2	fff6c6
20	anim14R	14	3	ffffff
20	anim14R	15	2	ffbf00
20	anim14R	16	3	ffce8c
20	anim14R	17	3	ffff80
20	anim14R	18	2	ffdb24
20	anim14R	19	2	ffe66b
20	anim14R	20	2	ffde3d
20	anim14R	21	3	ffcc99
20	anim14R	22	2	ffe047
20	anim14R	23	2	ffcc00
20	anim14R	24	2	ffe61a
20	anim14R	25	3	ffbf80
20	anim14R	26	3	f4c385
20	anim14R	27	3	ffaaaa
20	anim14R	28	3	e4b57a
20	anim14R	29	2	fff9d9
20	anim14R	30	2	ffff00
20	anim14R	31	2	dbb70f
20	anim14R	32	2	be9808
20	anim14R	33	2	cda70b
20	anim14R	34	2	8f7301
20	anim14R	35	2	e5bf11
20	anim14R	36	2	f5cf16
20	anim14R	37	2	ecc813
20	anim14R	38	2	fffdf1
20	anim14R	39	2	d1b444
20	anim15L	1	1	333366
20	anim15L	2	1	000000
20	anim15L	3	1	49496d
20	anim15L	4	2	ffffff
20	anim15L	5	1	3e3c73
20	anim15L	6	1	40406a
20	anim15L	7	1	333380
20	anim15L	8	1	404080
20	anim15L	9	1	555555
20	anim15L	10	3	ffffff
20	anim15L	11	3	ffce8c
20	anim15L	12	3	ffcc99
20	anim15L	13	3	ffff80
20	anim15L	14	2	ffd919
20	anim15L	15	2	fff9d9
20	anim15L	16	2	fffbe7
20	anim15L	17	2	fffdf1
20	anim15L	18	2	fff6c6
20	anim15L	19	2	ffe66b
20	anim15L	20	2	ffdb24
20	anim15L	21	2	ffe047
20	anim15L	22	2	ffde3d
20	anim15L	23	3	ffaaaa
20	anim15L	24	3	ffbf80
20	anim15L	25	2	ffff00
20	anim15L	26	2	ffe61a
20	anim15L	27	2	f5cf16
20	anim15L	28	3	f4c385
20	anim15L	29	2	cda70b
20	anim15L	30	1	000080
20	anim15L	31	2	e5bf11
20	anim15L	32	2	ffbf00
20	anim15L	33	2	be9808
20	anim15L	34	2	dbb70f
20	anim15L	35	2	8f7301
20	anim15L	36	2	ecc813
20	anim15L	37	2	ffcc00
20	anim15R	1	1	333366
20	anim15R	2	1	3e3c73
20	anim15R	3	1	000000
20	anim15R	4	1	333380
20	anim15R	5	1	40406a
20	anim15R	6	1	49496d
20	anim15R	7	1	555555
20	anim15R	8	1	000080
20	anim15R	9	2	ffffff
20	anim15R	10	1	404080
20	anim15R	11	2	ffd919
20	anim15R	12	2	fffbe7
20	anim15R	13	2	fff6c6
20	anim15R	14	3	ffffff
20	anim15R	15	2	ffbf00
20	anim15R	16	3	ffce8c
20	anim15R	17	3	ffff80
20	anim15R	18	2	ffdb24
20	anim15R	19	2	ffe66b
20	anim15R	20	2	ffde3d
20	anim15R	21	3	ffcc99
20	anim15R	22	2	ffe047
20	anim15R	23	2	ffcc00
20	anim15R	24	2	ffe61a
20	anim15R	25	3	ffbf80
20	anim15R	26	3	f4c385
20	anim15R	27	3	ffaaaa
20	anim15R	28	3	e4b57a
20	anim15R	29	2	fff9d9
20	anim15R	30	2	ffff00
20	anim15R	31	2	dbb70f
20	anim15R	32	2	be9808
20	anim15R	33	2	cda70b
20	anim15R	34	2	8f7301
20	anim15R	35	2	e5bf11
20	anim15R	36	2	f5cf16
20	anim15R	37	2	ecc813
20	anim15R	38	2	fffdf1
20	anim15R	39	2	d1b444
20	anim16L	1	1	333366
20	anim16L	2	1	000000
20	anim16L	3	1	49496d
20	anim16L	4	2	ffffff
20	anim16L	5	1	3e3c73
20	anim16L	6	1	40406a
20	anim16L	7	1	333380
20	anim16L	8	1	404080
20	anim16L	9	1	555555
20	anim16L	10	3	ffffff
20	anim16L	11	3	ffce8c
20	anim16L	12	3	ffcc99
20	anim16L	13	3	ffff80
20	anim16L	14	2	ffd919
20	anim16L	15	2	fff9d9
20	anim16L	16	2	fffbe7
20	anim16L	17	2	fffdf1
20	anim16L	18	2	fff6c6
20	anim16L	19	2	ffe66b
20	anim16L	20	2	ffdb24
20	anim16L	21	2	ffe047
20	anim16L	22	2	ffde3d
20	anim16L	23	3	ffaaaa
20	anim16L	24	3	ffbf80
20	anim16L	25	2	ffff00
20	anim16L	26	2	ffe61a
20	anim16L	27	2	f5cf16
20	anim16L	28	2	ffbf00
20	anim16L	29	3	f4c385
20	anim16L	30	2	cda70b
20	anim16L	31	1	000080
20	anim16L	32	2	e5bf11
20	anim16L	33	2	ecc813
20	anim16L	34	2	be9808
20	anim16L	35	2	dbb70f
20	anim16L	36	2	8f7301
20	anim16L	37	2	ffcc00
20	anim16R	1	1	333366
20	anim16R	2	1	3e3c73
20	anim16R	3	1	000000
20	anim16R	4	1	333380
20	anim16R	5	1	40406a
20	anim16R	6	1	49496d
20	anim16R	7	1	555555
20	anim16R	8	1	000080
20	anim16R	9	2	ffffff
20	anim16R	10	1	404080
20	anim16R	11	2	ffd919
20	anim16R	12	2	fffbe7
20	anim16R	13	2	fff6c6
20	anim16R	14	3	ffffff
20	anim16R	15	2	ffbf00
20	anim16R	16	3	ffce8c
20	anim16R	17	3	ffff80
20	anim16R	18	2	ffdb24
20	anim16R	19	2	ffe66b
20	anim16R	20	2	ffde3d
20	anim16R	21	3	ffcc99
20	anim16R	22	2	ffe047
20	anim16R	23	2	ffcc00
20	anim16R	24	2	ffe61a
20	anim16R	25	3	ffbf80
20	anim16R	26	3	f4c385
20	anim16R	27	3	ffaaaa
20	anim16R	28	3	e4b57a
20	anim16R	29	2	fff9d9
20	anim16R	30	2	ffff00
20	anim16R	31	2	dbb70f
20	anim16R	32	2	be9808
20	anim16R	33	2	cda70b
20	anim16R	34	2	8f7301
20	anim16R	35	2	e5bf11
20	anim16R	36	2	f5cf16
20	anim16R	37	2	ecc813
20	anim16R	38	2	fffdf1
20	anim16R	39	2	d1b444
20	anim17L	1	1	333366
20	anim17L	2	1	40406a
20	anim17L	3	1	333380
20	anim17L	4	1	404080
20	anim17L	5	2	ffffff
20	anim17L	6	1	3e3c73
20	anim17L	7	1	555555
20	anim17L	8	1	000000
20	anim17L	9	1	49496d
20	anim17L	10	2	ffd919
20	anim17L	11	2	ffdb24
20	anim17L	12	2	f5cf16
20	anim17L	13	2	e5bf11
20	anim17L	14	1	000080
20	anim17L	15	2	ffe66b
20	anim17L	16	3	ffce8c
20	anim17L	17	3	ffffff
20	anim17L	18	2	ffe047
20	anim17L	19	2	ffcc00
20	anim17L	20	2	cda70b
20	anim17L	21	3	ffcc99
20	anim17L	22	2	ffe61a
20	anim17L	23	3	ffff80
20	anim17L	24	2	ffde3d
20	anim17L	25	2	8f7301
20	anim17L	26	2	ffff00
20	anim17L	27	2	ffbf00
20	anim17L	28	3	ffbf80
20	anim17L	29	2	fff9d9
20	anim17L	30	2	fffdf1
20	anim17L	31	2	dbb70f
20	anim17L	32	2	d1b444
20	anim17L	33	2	fff6c6
20	anim17L	34	2	fffbe7
20	anim17L	35	2	be9808
20	anim17L	36	3	e4b57a
20	anim17L	37	3	ffaaaa
20	anim17L	38	2	ecc813
20	anim17L	39	3	f4c385
20	anim17R	1	1	40406a
20	anim17R	2	1	333366
20	anim17R	3	1	3e3c73
20	anim17R	4	1	000000
20	anim17R	5	1	404080
20	anim17R	6	2	ffffff
20	anim17R	7	1	49496d
20	anim17R	8	1	000080
20	anim17R	9	1	333380
20	anim17R	10	1	555555
20	anim17R	11	2	ffd919
20	anim17R	12	2	ffbf00
20	anim17R	13	2	ffdb24
20	anim17R	14	2	be9808
20	anim17R	15	2	cda70b
20	anim17R	16	2	ecc813
20	anim17R	17	2	fff6c6
20	anim17R	18	3	ffffff
20	anim17R	19	3	ffce8c
20	anim17R	20	3	ffcc99
20	anim17R	21	2	f5cf16
20	anim17R	22	2	fff9d9
20	anim17R	23	3	ffff80
20	anim17R	24	3	ffaaaa
20	anim17R	25	2	ffe66b
20	anim17R	26	2	dbb70f
20	anim17R	27	3	ffbf80
20	anim17R	28	2	e5bf11
20	anim17R	29	2	ffe61a
20	anim17R	30	2	ffff00
20	anim17R	31	2	ffcc00
20	anim17R	32	3	f4c385
20	anim17R	33	2	ffe047
20	anim17R	34	3	e4b57a
20	anim17R	35	2	ffde3d
20	anim17R	36	2	fffdf1
20	anim17R	37	2	8f7301
20	anim18L	1	2	ffd919
20	anim18L	2	2	f5cf16
20	anim18L	3	2	ffcc00
20	anim18L	4	2	ffffff
20	anim18L	5	1	40406a
20	anim18L	6	1	333366
20	anim18L	7	1	3e3c73
20	anim18L	8	1	555555
20	anim18L	9	1	000000
20	anim18L	10	2	dbb70f
20	anim18L	11	2	ffe047
20	anim18L	12	2	fff6c6
20	anim18L	13	1	000080
20	anim18L	14	1	404080
20	anim18L	15	1	49496d
20	anim18L	16	1	333380
20	anim18L	17	2	ffe66b
20	anim18L	18	2	fff9d9
20	anim18L	19	2	ffe61a
20	anim18L	20	2	ffdb24
20	anim18L	21	2	ffde3d
20	anim18L	22	2	ffff00
20	anim18L	23	2	ecc813
20	anim18L	24	3	ffce8c
20	anim18L	25	3	ffff80
20	anim18L	26	3	ffffff
20	anim18L	27	2	e5bf11
20	anim18L	28	2	ffbf00
20	anim18L	29	2	fffbe7
20	anim18L	30	3	ffcc99
20	anim18L	31	2	fffdf1
20	anim18L	32	3	ffbf80
20	anim18L	33	2	8f7301
20	anim18L	34	2	cda70b
20	anim18L	35	3	ffaaaa
20	anim18L	36	3	f4c385
20	anim18R	1	2	be9808
20	anim18R	2	2	cda70b
20	anim18R	3	2	dbb70f
20	anim18R	4	2	ffd919
20	anim18R	5	2	ffe61a
20	anim18R	6	2	ffdb24
20	anim18R	7	1	333366
20	anim18R	8	1	40406a
20	anim18R	9	1	555555
20	anim18R	10	1	49496d
20	anim18R	11	1	3e3c73
20	anim18R	12	1	404080
20	anim18R	13	2	f5cf16
20	anim18R	14	2	ffffff
20	anim18R	15	2	fffdf1
20	anim18R	16	2	fff6c6
20	anim18R	17	1	000000
20	anim18R	18	1	333380
20	anim18R	19	2	e5bf11
20	anim18R	20	2	fff9d9
20	anim18R	21	2	ffe66b
20	anim18R	22	2	ffde3d
20	anim18R	23	1	000080
20	anim18R	24	3	ffff80
20	anim18R	25	2	8f7301
20	anim18R	26	2	ffe047
20	anim18R	27	3	ffce8c
20	anim18R	28	2	d1b444
20	anim18R	29	3	ffffff
20	anim18R	30	2	ecc813
20	anim18R	31	2	ffbf00
20	anim18R	32	3	ffcc99
20	anim18R	33	3	f4c385
20	anim18R	34	2	ffcc00
20	anim18R	35	3	ffbf80
20	anim18R	36	3	ffaaaa
20	anim18R	37	2	ffff00
20	anim18R	38	2	fffbe7
20	anim18R	39	3	e4b57a
20	anim1L	1	2	ffd919
20	anim1L	2	2	ffe31c
20	anim1L	3	2	ffd52b
20	anim1L	4	2	d5b00e
20	anim1L	5	2	e2bc11
20	anim1L	6	2	ecc813
20	anim1L	7	2	8f7301
20	anim1L	8	2	be9808
20	anim1L	9	2	ffff00
20	anim1L	10	2	ffcc00
20	anim1L	11	2	ffbf00
20	anim1L	12	2	ffe047
20	anim1L	13	3	ffff80
20	anim1L	14	3	ffce8c
20	anim1L	15	2	ffe66b
20	anim1L	16	2	fff7c4
20	anim1L	17	2	ffffff
20	anim1L	18	2	fffdf5
20	anim1L	19	1	333366
20	anim1L	20	1	49496d
20	anim1L	21	1	404080
20	anim1L	22	3	ffffff
20	anim1L	23	1	555555
20	anim1L	24	1	40406a
20	anim1L	25	1	3e3c73
20	anim1L	26	3	ffcc99
20	anim1L	27	1	000000
20	anim1L	28	1	333380
20	anim1L	29	1	000080
20	anim1L	30	3	ffbf80
20	anim1L	31	3	e4b57a
20	anim1L	32	3	ffaaaa
20	anim1L	33	2	fffae3
20	anim1L	34	2	c7a00a
20	anim1R	1	2	ffbf00
20	anim1R	2	2	ffd919
20	anim1R	3	2	ffe31c
20	anim1R	4	2	ffff00
20	anim1R	5	2	ffd52b
20	anim1R	6	2	ffe66b
20	anim1R	7	2	ffe047
20	anim1R	8	3	ffff80
20	anim1R	9	3	ffce8c
20	anim1R	10	2	fff7c4
20	anim1R	11	1	3e3c73
20	anim1R	12	1	333366
20	anim1R	13	1	49496d
20	anim1R	14	2	ffcc00
20	anim1R	15	1	40406a
20	anim1R	16	2	ffffff
20	anim1R	17	1	404080
20	anim1R	18	1	555555
20	anim1R	19	3	ffcc99
20	anim1R	20	3	ffffff
20	anim1R	21	1	333380
20	anim1R	22	3	ffbf80
20	anim1R	23	1	000000
20	anim1R	24	1	000080
20	anim1R	25	2	fffae3
20	anim1R	26	2	fffdf5
20	anim1R	27	3	e4b57a
20	anim1R	28	2	8f7301
20	anim1R	29	2	be9808
20	anim1R	30	2	ecc813
20	anim1R	31	2	e2bc11
20	anim1R	32	2	d5b00e
20	anim1R	33	2	c7a00a
20	anim1R	34	2	d1b444
20	anim1R	35	3	ffaaaa
20	anim2L	1	2	ffd919
20	anim2L	2	2	ffe31c
20	anim2L	3	2	ffd52b
20	anim2L	4	2	d8b20e
20	anim2L	5	2	e2bc11
20	anim2L	6	2	ecc813
20	anim2L	7	2	8f7301
20	anim2L	8	2	be9808
20	anim2L	9	2	cda90b
20	anim2L	10	2	ffff00
20	anim2L	11	2	ffcc00
20	anim2L	12	2	ffbf00
20	anim2L	13	2	ffe047
20	anim2L	14	3	ffff80
20	anim2L	15	3	ffce8c
20	anim2L	16	2	ffe66b
20	anim2L	17	2	fff7c4
20	anim2L	18	2	ffffff
20	anim2L	19	2	fffdf5
20	anim2L	20	1	333366
20	anim2L	21	1	49496d
20	anim2L	22	1	404080
20	anim2L	23	3	ffffff
20	anim2L	24	1	555555
20	anim2L	25	1	40406a
20	anim2L	26	1	3e3c73
20	anim2L	27	3	ffcc99
20	anim2L	28	1	000000
20	anim2L	29	1	2b2b80
20	anim2L	30	1	000080
20	anim2L	31	3	ffbf80
20	anim2L	32	3	e4b57a
20	anim2L	33	3	ffaaaa
20	anim2L	34	2	fffae3
20	anim2L	35	2	c7a00a
20	anim2R	1	2	ffcc00
20	anim2R	2	2	ffd919
20	anim2R	3	2	ffe31c
20	anim2R	4	2	ffd52b
20	anim2R	5	2	ffbf00
20	anim2R	6	2	ecc813
20	anim2R	7	2	ffe66b
20	anim2R	8	2	ffe047
20	anim2R	9	3	ffff80
20	anim2R	10	3	ffce8c
20	anim2R	11	2	fff7c4
20	anim2R	12	2	ffff00
20	anim2R	13	1	3e3c73
20	anim2R	14	1	333366
20	anim2R	15	1	40406a
20	anim2R	16	3	ffbf80
20	anim2R	17	1	49496d
20	anim2R	18	2	ffffff
20	anim2R	19	1	404080
20	anim2R	20	1	555555
20	anim2R	21	3	ffcc99
20	anim2R	22	3	ffffff
20	anim2R	23	1	2b2b80
20	anim2R	24	1	000000
20	anim2R	25	1	000080
20	anim2R	26	3	ffaaaa
20	anim2R	27	2	fffae3
20	anim2R	28	2	fffdf5
20	anim2R	29	3	e4b57a
20	anim2R	30	2	be9808
20	anim2R	31	2	8f7301
20	anim2R	32	2	e2bc11
20	anim2R	33	2	d5b00e
20	anim2R	34	2	c7a00a
20	anim2R	35	2	d1b444
20	anim3L	1	2	ffffff
20	anim3L	2	1	333366
20	anim3L	3	1	3e3c73
20	anim3L	4	1	404080
20	anim3L	5	1	555555
20	anim3L	6	1	40406a
20	anim3L	7	3	ffffff
20	anim3L	8	3	ffcc99
20	anim3L	9	3	ffce8c
20	anim3L	10	1	49496d
20	anim3L	11	2	fffae3
20	anim3L	12	1	000080
20	anim3L	13	3	ffff80
20	anim3L	14	2	ffe66b
20	anim3L	15	2	ffd919
20	anim3L	16	2	ffe047
20	anim3L	17	1	000000
20	anim3L	18	1	2b2b80
20	anim3L	19	2	ffe61a
20	anim3L	20	2	fffdf5
20	anim3L	21	2	ffff00
20	anim3L	22	2	ffdb24
20	anim3L	23	2	fff7c4
20	anim3L	24	3	ffbf80
20	anim3L	25	3	ffaaaa
20	anim3L	26	2	8f7301
20	anim3L	27	2	ecc813
20	anim3L	28	2	f6d117
20	anim3L	29	2	cda90b
20	anim3L	30	2	be9808
20	anim3L	31	2	dfb910
20	anim3L	32	2	ffcc00
20	anim3L	33	2	ffbf00
20	anim3R	1	1	333366
20	anim3R	2	2	ffffff
20	anim3R	3	1	49496d
20	anim3R	4	1	3e3c73
20	anim3R	5	1	000080
20	anim3R	6	1	404080
20	anim3R	7	1	555555
20	anim3R	8	1	40406a
20	anim3R	9	3	ffffff
20	anim3R	10	3	ffce8c
20	anim3R	11	3	ffcc99
20	anim3R	12	3	ffff80
20	anim3R	13	2	fffae3
20	anim3R	14	2	ffdb24
20	anim3R	15	2	fff7c4
20	anim3R	16	3	ffbf80
20	anim3R	17	2	ffd919
20	anim3R	18	2	ffe66b
20	anim3R	19	2	ffe047
20	anim3R	20	3	e4b57a
20	anim3R	21	2	ffe61a
20	anim3R	22	2	fffdf5
20	anim3R	23	1	000000
20	anim3R	24	2	ffff00
20	anim3R	25	3	ffaaaa
20	anim3R	26	2	ffbf00
20	anim3R	27	1	2b2b80
20	anim3R	28	2	ffcc00
20	anim3R	29	2	8f7301
20	anim3R	30	2	dfb910
20	anim3R	31	2	be9808
20	anim3R	32	2	ecc813
20	anim3R	33	2	d1b444
20	anim3R	34	2	cda90b
20	anim3R	35	2	f6d117
20	anim3R	36	2	c7a00a
20	dieL	1	1	3e3c73
20	dieL	2	1	333380
20	dieL	3	2	ffffff
20	dieL	4	1	404080
20	dieL	5	1	555555
20	dieL	6	1	49496d
20	dieL	7	1	333366
20	dieL	8	1	40406a
20	dieL	9	3	ffcc99
20	dieL	10	3	ffce8c
20	dieL	11	3	ffffff
20	dieL	12	1	000080
20	dieL	13	3	ffff80
20	dieL	14	2	ffd919
20	dieL	15	2	ffff00
20	dieL	16	3	ffaaaa
20	dieL	17	1	000000
20	dieL	18	2	ffe66b
20	dieL	19	2	ffe31c
20	dieL	20	2	fff7c4
20	dieL	21	2	fffae3
20	dieL	22	2	ffd52b
20	dieL	23	2	ffe047
20	dieL	24	2	fffdf5
20	dieL	25	2	c29d08
20	dieL	26	2	ffcc00
20	dieL	27	2	ffbf00
20	dieL	28	2	e5bf11
20	dieL	29	2	8f7301
20	dieL	30	2	d8b20e
20	dieL	31	2	ecc813
20	dieL	32	3	e4b57a
20	dieL	33	2	d1b444
20	dieR	1	1	40406a
20	dieR	2	1	3e3c73
20	dieR	3	1	333366
20	dieR	4	2	ffffff
20	dieR	5	1	333380
20	dieR	6	1	464674
20	dieR	7	1	555555
20	dieR	8	3	ffff80
20	dieR	9	3	ffce8c
20	dieR	10	3	ffffff
20	dieR	11	3	ffcc99
20	dieR	12	1	000000
20	dieR	13	1	404080
20	dieR	14	3	e4b57a
20	dieR	15	2	ffe31c
20	dieR	16	2	ffe047
20	dieR	17	2	ffd52b
20	dieR	18	2	ffd919
20	dieR	19	2	ffff00
20	dieR	20	2	fff7c4
20	dieR	21	3	dbb66d
20	dieR	22	3	ffaaaa
20	dieR	23	2	ffbf00
20	dieR	24	2	ffcc00
20	dieR	25	2	fffae3
20	dieR	26	2	ecc813
20	dieR	27	2	c29d08
20	dieR	28	2	d8b20e
20	dieR	29	2	e5bf11
20	dieR	30	2	8f7301
20	dieR	31	2	d1b444
20	hitL	1	1	3e3c73
20	hitL	2	1	333366
20	hitL	3	1	464674
20	hitL	4	2	ffffff
20	hitL	5	1	555555
20	hitL	6	3	ffffff
20	hitL	7	3	ffce8c
20	hitL	8	3	ffcc99
20	hitL	9	2	ffe047
20	hitL	10	2	fff7c4
20	hitL	11	3	ffff80
20	hitL	12	2	fffae3
20	hitL	13	2	c29d08
20	hitL	14	2	ffd919
20	hitL	15	2	ffdb24
20	hitL	16	2	ecc813
20	hitL	17	1	40406a
20	hitL	18	2	ffff00
20	hitL	19	2	ffe61a
20	hitL	20	1	333380
20	hitL	21	2	ffbf00
20	hitL	22	1	000000
20	hitR	1	1	40406a
20	hitR	2	1	333366
20	hitR	3	1	3e3c73
20	hitR	4	1	464674
20	hitR	5	2	ffffff
20	hitR	6	1	555555
20	hitR	7	3	ffffff
20	hitR	8	3	ffce8c
20	hitR	9	3	ffcc99
20	hitR	10	3	ffff80
20	hitR	11	2	ffe047
20	hitR	12	2	ffdb24
20	hitR	13	2	ffbf00
20	hitR	14	2	fff7c4
20	hitR	15	2	ffd919
20	hitR	16	2	ffe61a
20	hitR	17	2	ffff00
20	hitR	18	1	333380
20	hitR	19	2	ecc813
20	hitR	20	2	e5bf11
20	hitR	21	2	d8b20e
20	hitR	22	2	8f7301
20	runB	1	1	333366
20	runB	2	1	3e3c73
20	runB	3	2	fffae3
20	runB	4	2	ffffff
20	runB	5	1	40406a
20	runB	6	1	464674
20	runB	7	1	333380
20	runB	8	1	555555
20	runB	9	1	000000
20	runB	10	2	ffe047
20	runB	11	2	ffd919
20	runB	12	2	ffe61a
20	runB	13	2	ffdb24
20	runB	14	2	ffbf00
20	runB	15	2	ffff00
20	runB	16	3	ffff80
20	runB	17	3	ffce8c
20	runB	18	2	ffcc00
20	runB	19	2	fff7c4
20	runB	20	3	ffffff
20	runB	21	3	ffcc99
20	runB	22	2	f4ce15
20	runF	1	2	ffd919
20	runF	2	2	ffe61a
20	runF	3	3	ffce8c
20	runF	4	3	ffcc99
20	runF	5	2	ffffff
20	runF	6	1	333366
20	runF	7	1	000000
20	runF	8	1	3e3c73
20	runF	9	3	ffff80
20	runF	10	1	49496d
20	runF	11	3	ffffff
20	runF	12	1	333380
20	runF	13	1	555555
20	runF	14	2	ffe047
20	runF	15	1	40406a
20	runF	16	2	ffdb24
20	runF	17	2	fff7c4
20	runF	18	2	ffff00
20	runF	19	2	ffbf00
20	runF	20	2	fffae3
20	runF	21	2	ffcc00
20	runF	22	2	f4ce15
20	runF	23	2	8f7301
20	runF	24	2	e5bf11
20	runF	25	2	c29d08
20	runF	26	2	d8b20e
20	runL	1	1	39386a
20	runL	2	1	3e3c73
20	runL	3	1	333380
20	runL	4	1	000000
20	runL	5	1	555555
20	runL	6	2	ffffff
20	runL	7	1	464674
20	runL	8	3	ffcc99
20	runL	9	3	ffce8c
20	runL	10	2	e5bf11
20	runL	11	2	ffd919
20	runL	12	2	c29d08
20	runL	13	2	ffe61a
20	runL	14	2	fffae3
20	runL	15	2	fff7c4
20	runL	16	2	ffe047
20	runL	17	3	ffff80
20	runL	18	3	ffffff
20	runL	19	2	ffdb24
20	runL	20	2	f4ce15
20	runL	21	2	d8b20e
20	runL	22	2	ffff00
20	runL	23	2	ffcc00
20	runL	24	2	ffbf00
20	runR	1	1	3e3c73
20	runR	2	1	39386a
20	runR	3	1	000000
20	runR	4	2	ffffff
20	runR	5	1	464674
20	runR	6	1	333380
20	runR	7	1	555555
20	runR	8	2	c29d08
20	runR	9	2	ffd919
20	runR	10	2	e5bf11
20	runR	11	2	ffe61a
20	runR	12	3	ffff80
20	runR	13	2	ffe047
20	runR	14	2	f4ce15
20	runR	15	3	ffce8c
20	runR	16	2	fff7c4
20	runR	17	3	ffffff
20	runR	18	2	ffdb24
20	runR	19	2	d8b20e
20	runR	20	2	ffff00
20	runR	21	2	ffbf00
20	runR	22	2	ffcc00
20	runS	1	1	3e3c73
20	runS	2	1	555555
20	runS	3	1	464674
20	runS	4	1	333380
20	runS	5	1	39386a
20	runS	6	2	ffffff
20	runS	7	1	000000
20	runS	8	2	ffd52b
20	runS	9	2	ffd919
20	runS	10	2	e5bf11
20	runS	11	2	ffff00
20	runS	12	3	ffffff
20	runS	13	3	ffce8c
20	runS	14	2	fff7c4
20	runS	15	2	c29d08
20	runS	16	2	ffe31c
20	runS	17	2	ffe047
20	runS	18	2	f0ca16
20	runS	19	2	ffcc00
20	runS	20	2	ffbf00
20	staticB	1	1	3e3c73
20	staticB	2	2	ffffff
20	staticB	3	3	ffce8c
20	staticB	4	2	ffd919
20	staticF	1	1	3e3c73
20	staticF	2	2	ffffff
20	staticF	3	3	ffce8c
20	staticF	4	2	ffd919
20	staticL	1	1	3e3c73
20	staticL	2	2	ffffff
20	staticL	3	3	ffce8c
20	staticL	4	2	ffd919
20	staticR	1	1	3e3c73
20	staticR	2	2	ffffff
20	staticR	3	3	ffce8c
20	staticR	4	2	ffd919
20	staticS	1	1	3e3c73
20	staticS	2	2	ffffff
20	staticS	3	3	ffce8c
20	staticS	4	2	ffd919
20	walkB	1	1	39386a
20	walkB	2	2	ffffff
20	walkB	3	1	3e3c73
20	walkB	4	1	000000
20	walkB	5	1	333380
20	walkB	6	1	464674
20	walkB	7	1	555555
20	walkB	8	3	ffce8c
20	walkB	9	2	fff7c4
20	walkB	10	2	ffe047
20	walkB	11	2	ffd919
20	walkB	12	2	ffe31c
20	walkB	13	2	ffd52b
20	walkB	14	2	ffff00
20	walkB	15	2	ffcc00
20	walkB	16	2	edc714
20	walkF	1	2	ffffff
20	walkF	2	1	3e3c73
20	walkF	3	1	555555
20	walkF	4	1	333380
20	walkF	5	1	464674
20	walkF	6	1	000000
20	walkF	7	3	ffce8c
20	walkF	8	2	fff7c4
20	walkF	9	2	ffcc00
20	walkF	10	2	ffe047
20	walkF	11	2	ffe31c
20	walkF	12	2	ffd919
20	walkF	13	2	ffff00
20	walkF	14	2	edc714
20	walkF	15	2	c7a00a
20	walkL	1	1	3e3c73
20	walkL	2	1	333380
20	walkL	3	2	ffffff
20	walkL	4	1	555555
20	walkL	5	1	464674
20	walkL	6	1	000000
20	walkL	7	3	ffce8c
20	walkL	8	2	fff7c4
20	walkL	9	2	ffe047
20	walkL	10	2	ffd919
20	walkL	11	2	ffcc00
20	walkL	12	2	ffff00
20	walkL	13	2	edc714
20	walkL	14	2	c7a00a
20	walkR	1	1	3e3c73
20	walkR	2	1	000000
20	walkR	3	2	ffffff
20	walkR	4	1	464674
20	walkR	5	3	ffce8c
20	walkR	6	2	fff7c4
20	walkR	7	2	ffe047
20	walkR	8	2	ffff00
20	walkR	9	2	ffd919
20	walkR	10	1	333380
20	walkR	11	2	ffcc00
20	walkR	12	2	edc714
20	walkR	13	2	c7a00a
20	walkS	1	1	3e3c73
20	walkS	2	1	464674
20	walkS	3	2	ffffff
20	walkS	4	3	ffce8c
20	walkS	5	2	ffd919
20	walkS	6	1	000000
20	walkS	7	2	ffff00
20	walkS	8	2	ffcc00
20	walkS	9	2	edc714
20	walkS	10	2	c7a00a
21	anim0L	1	1	333366
21	anim0L	2	1	3e3c73
21	anim0L	3	1	50576e
21	anim0L	4	1	555555
21	anim0L	5	2	ffffff
21	anim0L	6	1	000000
21	anim0L	7	1	000080
21	anim0L	8	1	474f65
21	anim0L	9	3	ffffff
21	anim0L	10	3	ffce8c
21	anim0L	11	3	ffff80
21	anim0L	12	3	ffaaaa
21	anim0L	13	2	fffdf3
21	anim0L	14	2	ffe31c
21	anim0L	15	2	ffd919
21	anim0L	16	2	fffbe8
21	anim0L	17	3	e4b57a
21	anim0L	18	3	ffd580
21	anim0L	19	2	ffe45f
21	anim0L	20	2	ffcc00
21	anim0L	21	2	ffff00
21	anim0L	22	3	ffcc80
21	anim0L	23	2	ffd52b
21	anim0L	24	2	ffbf00
21	anim0L	25	3	febf74
21	anim0L	26	2	f3cf17
21	anim0R	1	1	3e3c73
21	anim0R	2	1	404040
21	anim0R	3	1	2b2b55
21	anim0R	4	1	32394d
21	anim0R	5	1	2e2e46
21	anim0R	6	1	50576e
21	anim0R	7	1	333366
21	anim0R	8	1	000080
21	anim0R	9	1	474f65
21	anim0R	10	1	555555
21	anim0R	11	2	ffffff
21	anim0R	12	1	000000
21	anim0R	13	3	ffce8c
21	anim0R	14	3	ffffff
21	anim0R	15	3	ffd580
21	anim0R	16	3	ffaaaa
21	anim0R	17	3	ffff80
21	anim0R	18	2	ffff00
21	anim0R	19	2	ffd919
21	anim0R	20	2	ffe31c
21	anim0R	21	3	e4b57a
21	anim0R	22	3	ffcc80
21	anim0R	23	2	ffe45f
21	anim0R	24	3	febf74
21	anim0R	25	2	fffbe8
21	anim0R	26	2	ffd52b
21	anim0R	27	2	fffdf3
21	anim0R	28	2	f3cf17
21	anim0R	29	2	ffcc00
21	anim0R	30	2	ffbf00
21	anim0R	31	2	d3b412
21	anim10L	1	2	ffe31c
21	anim10L	2	2	ffd919
21	anim10L	3	2	ffff00
21	anim10L	4	2	ffbf00
21	anim10L	5	2	ffcc00
21	anim10L	6	2	ffd52b
21	anim10L	7	1	3e3c73
21	anim10L	8	1	000000
21	anim10L	9	1	555555
21	anim10L	10	1	50576e
21	anim10L	11	2	ffe45f
21	anim10L	12	1	333366
21	anim10L	13	1	000080
21	anim10L	14	2	ffffff
21	anim10L	15	1	474f65
21	anim10L	16	3	ffd580
21	anim10L	17	3	ffff80
21	anim10L	18	2	f3cf17
21	anim10L	19	3	ffce8c
21	anim10L	20	2	fffbe8
21	anim10L	21	3	ffaaaa
21	anim10L	22	3	ffcc80
21	anim10L	23	3	ffffff
21	anim10L	24	2	fffdf3
21	anim10L	25	3	ffbf80
21	anim10L	26	1	3e465b
21	anim10L	27	3	e4b57a
21	anim10L	28	1	404040
21	anim10R	1	2	ffd919
21	anim10R	2	2	ffd52b
21	anim10R	3	2	ffff00
21	anim10R	4	2	ffcc00
21	anim10R	5	2	ffe31c
21	anim10R	6	2	ffbf00
21	anim10R	7	2	f3cf17
21	anim10R	8	1	3e3c73
21	anim10R	9	1	474f65
21	anim10R	10	1	50576e
21	anim10R	11	1	2e2e46
21	anim10R	12	1	000000
21	anim10R	13	2	ffe45f
21	anim10R	14	1	363c53
21	anim10R	15	1	333366
21	anim10R	16	1	343948
21	anim10R	17	1	404040
21	anim10R	18	1	000080
21	anim10R	19	1	3e465b
21	anim10R	20	3	ffff80
21	anim10R	21	1	2b3555
21	anim10R	22	1	273b3b
21	anim10R	23	1	555555
21	anim10R	24	3	ffaaaa
21	anim10R	25	3	ffce8c
21	anim10R	26	2	fffbe8
21	anim10R	27	3	ffd580
21	anim10R	28	2	ffffff
21	anim10R	29	3	ffbf80
21	anim10R	30	3	ffffff
21	anim10R	31	3	ffcc80
21	anim10R	32	2	fffdf3
21	anim10R	33	3	e4b57a
21	anim10R	34	3	febf74
21	anim11L	1	1	3e3c73
21	anim11L	2	1	000000
21	anim11L	3	1	000080
21	anim11L	4	1	50576e
21	anim11L	5	1	474f65
21	anim11L	6	1	333366
21	anim11L	7	1	555555
21	anim11L	8	2	ffffff
21	anim11L	9	3	ffbf80
21	anim11L	10	3	ffffff
21	anim11L	11	3	ffff80
21	anim11L	12	3	ffce8c
21	anim11L	13	2	fffbe8
21	anim11L	14	2	ffd919
21	anim11L	15	3	e4b57a
21	anim11L	16	2	ffe45f
21	anim11L	17	2	fffdf3
21	anim11L	18	3	ffd580
21	anim11L	19	3	ffaaaa
21	anim11L	20	3	ffcc80
21	anim11L	21	2	ffe31c
21	anim11L	22	2	ffd52b
21	anim11L	23	2	ffbf00
21	anim11L	24	2	ffff00
21	anim11L	25	2	f3cf17
21	anim11L	26	2	ffcc00
21	anim11L	27	1	3e465b
21	anim11R	1	1	000080
21	anim11R	2	1	555555
21	anim11R	3	1	3e3c73
21	anim11R	4	1	333333
21	anim11R	5	1	50576e
21	anim11R	6	1	363c53
21	anim11R	7	1	333366
21	anim11R	8	1	343948
21	anim11R	9	1	000000
21	anim11R	10	1	474f65
21	anim11R	11	2	ffd919
21	anim11R	12	2	ffffff
21	anim11R	13	2	ffe31c
21	anim11R	14	2	ffe45f
21	anim11R	15	2	ffd52b
21	anim11R	16	1	3e465b
21	anim11R	17	3	ffffff
21	anim11R	18	3	ffce8c
21	anim11R	19	3	ffff80
21	anim11R	20	3	ffaaaa
21	anim11R	21	2	f3cf17
21	anim11R	22	2	ffbf00
21	anim11R	23	1	273b3b
21	anim11R	24	2	fffbe8
21	anim11R	25	3	ffbf80
21	anim11R	26	2	fffdf3
21	anim11R	27	3	ffcc80
21	anim11R	28	3	e4b57a
21	anim11R	29	3	ffd580
21	anim11R	30	2	ffff00
21	anim11R	31	2	ffcc00
21	anim11R	32	3	febf74
21	anim12L	1	1	3e3c73
21	anim12L	2	1	000000
21	anim12L	3	1	555555
21	anim12L	4	1	50576e
21	anim12L	5	1	000080
21	anim12L	6	1	474f65
21	anim12L	7	2	ffffff
21	anim12L	8	2	fffbe8
21	anim12L	9	1	333366
21	anim12L	10	1	3e465b
21	anim12L	11	3	ffffff
21	anim12L	12	1	333333
21	anim12L	13	3	ffff80
21	anim12L	14	3	ffce8c
21	anim12L	15	2	fffdf3
21	anim12L	16	2	ffd919
21	anim12L	17	3	ffaaaa
21	anim12L	18	3	ffbf80
21	anim12L	19	2	f3cf17
21	anim12L	20	3	ffcc80
21	anim12L	21	3	e4b57a
21	anim12L	22	2	ffe31c
21	anim12L	23	2	ffe45f
21	anim12L	24	3	ffd580
21	anim12L	25	2	ffd52b
21	anim12L	26	2	ffff00
21	anim12L	27	2	ffcc00
21	anim12L	28	2	ffbf00
21	anim12L	29	1	404040
21	anim12R	1	1	50576e
21	anim12R	2	1	3e3c73
21	anim12R	3	1	333366
21	anim12R	4	1	3e465b
21	anim12R	5	1	363c53
21	anim12R	6	1	474f65
21	anim12R	7	1	343948
21	anim12R	8	1	404040
21	anim12R	9	1	333333
21	anim12R	10	2	ffd919
21	anim12R	11	1	2e2e46
21	anim12R	12	2	ffe45f
21	anim12R	13	1	000000
21	anim12R	14	2	ffffff
21	anim12R	15	2	ffe31c
21	anim12R	16	1	555555
21	anim12R	17	2	fffbe8
21	anim12R	18	2	fffdf3
21	anim12R	19	2	ffbf00
21	anim12R	20	2	ffff00
21	anim12R	21	3	ffce8c
21	anim12R	22	3	ffffff
21	anim12R	23	1	000080
21	anim12R	24	3	ffff80
21	anim12R	25	3	ffd580
21	anim12R	26	2	ffd52b
21	anim12R	27	1	2b2b55
21	anim12R	28	3	ffbf80
21	anim12R	29	3	e4b57a
21	anim12R	30	3	ffcc80
21	anim12R	31	1	273b3b
21	anim12R	32	2	ffcc00
21	anim12R	33	3	ffaaaa
21	anim12R	34	2	f3cf17
21	anim13L	1	1	3e3c73
21	anim13L	2	1	000000
21	anim13L	3	1	555555
21	anim13L	4	1	50576e
21	anim13L	5	1	333366
21	anim13L	6	1	000080
21	anim13L	7	1	474f65
21	anim13L	8	2	ffffff
21	anim13L	9	2	fffdf3
21	anim13L	10	1	3e465b
21	anim13L	11	3	ffffff
21	anim13L	12	3	ffff80
21	anim13L	13	3	ffce8c
21	anim13L	14	2	ffd919
21	anim13L	15	2	fffbe8
21	anim13L	16	3	ffaaaa
21	anim13L	17	3	ffbf80
21	anim13L	18	3	ffcc80
21	anim13L	19	2	f3cf17
21	anim13L	20	3	ffd580
21	anim13L	21	3	e4b57a
21	anim13L	22	2	ffff00
21	anim13L	23	2	ffe45f
21	anim13L	24	2	ffd52b
21	anim13L	25	2	ffe31c
21	anim13L	26	2	ffbf00
21	anim13L	27	2	ffcc00
21	anim13L	28	1	404040
21	anim13R	1	1	50576e
21	anim13R	2	1	3e3c73
21	anim13R	3	1	333366
21	anim13R	4	1	3e465b
21	anim13R	5	1	474f65
21	anim13R	6	1	000000
21	anim13R	7	1	343948
21	anim13R	8	1	363c53
21	anim13R	9	1	404040
21	anim13R	10	1	000080
21	anim13R	11	2	ffd919
21	anim13R	12	2	ffff00
21	anim13R	13	1	2b3555
21	anim13R	14	2	ffd52b
21	anim13R	15	2	ffffff
21	anim13R	16	2	fffbe8
21	anim13R	17	2	fffdf3
21	anim13R	18	2	ffcc00
21	anim13R	19	3	ffffff
21	anim13R	20	3	ffce8c
21	anim13R	21	2	ffe31c
21	anim13R	22	3	ffff80
21	anim13R	23	3	ffd580
21	anim13R	24	2	ffe45f
21	anim13R	25	3	ffcc80
21	anim13R	26	1	555555
21	anim13R	27	3	e4b57a
21	anim13R	28	3	ffbf80
21	anim13R	29	1	273b3b
21	anim13R	30	2	f3cf17
21	anim13R	31	2	ffbf00
21	anim13R	32	3	ffaaaa
21	anim13R	33	3	febf74
21	anim13R	34	2	eac615
21	anim14L	1	1	000080
21	anim14L	2	1	3e3c73
21	anim14L	3	1	50576e
21	anim14L	4	1	333366
21	anim14L	5	2	ffffff
21	anim14L	6	1	555555
21	anim14L	7	1	474f65
21	anim14L	8	1	000000
21	anim14L	9	3	ffd580
21	anim14L	10	3	ffffff
21	anim14L	11	3	ffff80
21	anim14L	12	3	ffce8c
21	anim14L	13	2	ffd919
21	anim14L	14	2	fffbe8
21	anim14L	15	3	ffaaaa
21	anim14L	16	3	ffff00
21	anim14L	17	2	ffd52b
21	anim14L	18	3	e4b57a
21	anim14L	19	3	ffcc80
21	anim14L	20	2	ffe45f
21	anim14L	21	3	ffbf80
21	anim14L	22	2	ffe31c
21	anim14L	23	2	ffff00
21	anim14L	24	2	fffdf3
21	anim14L	25	2	ffbf00
21	anim14L	26	2	ffcc00
21	anim14L	27	3	febf74
21	anim14L	28	2	f3cf17
21	anim14L	29	1	3e465b
21	anim14R	1	1	50576e
21	anim14R	2	1	3e3c73
21	anim14R	3	1	3e465b
21	anim14R	4	1	363c53
21	anim14R	5	1	474f65
21	anim14R	6	1	343948
21	anim14R	7	1	333366
21	anim14R	8	1	2b2b55
21	anim14R	9	2	ffd919
21	anim14R	10	1	2b3555
21	anim14R	11	2	ffe45f
21	anim14R	12	2	ffffff
21	anim14R	13	2	f3cf17
21	anim14R	14	2	fffbe8
21	anim14R	15	1	000080
21	anim14R	16	2	fffdf3
21	anim14R	17	2	ffd52b
21	anim14R	18	1	000000
21	anim14R	19	2	ffff00
21	anim14R	20	3	ffffff
21	anim14R	21	3	ffce8c
21	anim14R	22	3	ffff80
21	anim14R	23	3	ffd580
21	anim14R	24	2	ffe31c
21	anim14R	25	1	555555
21	anim14R	26	3	e4b57a
21	anim14R	27	3	ffbf80
21	anim14R	28	3	ffaaaa
21	anim14R	29	2	ffcc00
21	anim14R	30	3	ffcc80
21	anim14R	31	2	ffbf00
21	anim14R	32	1	404040
21	anim15L	1	1	000080
21	anim15L	2	1	3e3c73
21	anim15L	3	1	50576e
21	anim15L	4	1	333366
21	anim15L	5	2	ffffff
21	anim15L	6	1	474f65
21	anim15L	7	1	555555
21	anim15L	8	1	2b2b55
21	anim15L	9	1	000000
21	anim15L	10	3	ffd580
21	anim15L	11	3	ffffff
21	anim15L	12	3	ffff80
21	anim15L	13	3	ffce8c
21	anim15L	14	2	ffd919
21	anim15L	15	2	fffbe8
21	anim15L	16	3	ffaaaa
21	anim15L	17	3	ffff00
21	anim15L	18	2	ffd52b
21	anim15L	19	2	ffe31c
21	anim15L	20	3	ffcc80
21	anim15L	21	3	e4b57a
21	anim15L	22	2	ffe45f
21	anim15L	23	3	ffbf80
21	anim15L	24	2	fffdf3
21	anim15L	25	2	ffff00
21	anim15L	26	2	ffcc00
21	anim15L	27	3	febf74
21	anim15L	28	2	ffbf00
21	anim15L	29	2	f3cf17
21	anim15R	1	1	50576e
21	anim15R	2	1	3e3c73
21	anim15R	3	1	3e465b
21	anim15R	4	1	363c53
21	anim15R	5	1	474f65
21	anim15R	6	1	333366
21	anim15R	7	1	343948
21	anim15R	8	1	333333
21	anim15R	9	2	ffff00
21	anim15R	10	2	ffd919
21	anim15R	11	1	2b3555
21	anim15R	12	2	ffe45f
21	anim15R	13	2	ffffff
21	anim15R	14	2	fffbe8
21	anim15R	15	2	fffdf3
21	anim15R	16	2	ffe31c
21	anim15R	17	1	000080
21	anim15R	18	2	ffd52b
21	anim15R	19	3	ffffff
21	anim15R	20	3	ffce8c
21	anim15R	21	3	ffff80
21	anim15R	22	3	ffd580
21	anim15R	23	1	2b2b55
21	anim15R	24	1	000000
21	anim15R	25	3	ffbf80
21	anim15R	26	3	e4b57a
21	anim15R	27	1	555555
21	anim15R	28	2	ffbf00
21	anim15R	29	3	ffaaaa
21	anim15R	30	3	ffcc80
21	anim15R	31	2	f3cf17
21	anim15R	32	2	ffcc00
21	anim15R	33	3	febf74
21	anim16L	1	1	3e3c73
21	anim16L	2	1	50576e
21	anim16L	3	1	333366
21	anim16L	4	1	000000
21	anim16L	5	1	474f65
21	anim16L	6	1	3e465b
21	anim16L	7	2	ffffff
21	anim16L	8	1	555555
21	anim16L	9	1	000080
21	anim16L	10	3	ffce8c
21	anim16L	11	3	ffffff
21	anim16L	12	3	ffff80
21	anim16L	13	2	ffd919
21	anim16L	14	2	ffe31c
21	anim16L	15	2	fffbe8
21	anim16L	16	2	fffdf3
21	anim16L	17	2	ffe45f
21	anim16L	18	3	e4b57a
21	anim16L	19	3	ffbf80
21	anim16L	20	2	ffd52b
21	anim16L	21	2	ffff00
21	anim16L	22	2	ffbf00
21	anim16L	23	3	ffd580
21	anim16L	24	3	ffcc80
21	anim16L	25	3	ffaaaa
21	anim16L	26	2	ffcc00
21	anim16L	27	2	f3cf17
21	anim16L	28	2	eac615
21	anim16R	1	1	50576e
21	anim16R	2	1	3e3c73
21	anim16R	3	1	3e465b
21	anim16R	4	1	363c53
21	anim16R	5	1	333366
21	anim16R	6	1	474f65
21	anim16R	7	1	373d49
21	anim16R	8	1	304040
21	anim16R	9	1	404040
21	anim16R	10	2	ffff00
21	anim16R	11	2	ffd919
21	anim16R	12	1	2d374d
21	anim16R	13	2	ffe45f
21	anim16R	14	2	ffffff
21	anim16R	15	2	fffbe8
21	anim16R	16	1	555555
21	anim16R	17	2	fffdf3
21	anim16R	18	2	ffe31c
21	anim16R	19	1	000080
21	anim16R	20	2	ffbf00
21	anim16R	21	3	ffffff
21	anim16R	22	3	ffce8c
21	anim16R	23	3	ffff80
21	anim16R	24	3	ffd580
21	anim16R	25	3	ffcc80
21	anim16R	26	1	000000
21	anim16R	27	3	ffbf80
21	anim16R	28	3	e4b57a
21	anim16R	29	2	ffd52b
21	anim16R	30	2	ffcc00
21	anim16R	31	3	ffaaaa
21	anim16R	32	2	f3cf17
21	anim16R	33	3	febf74
21	anim17L	1	1	3e3c73
21	anim17L	2	1	000080
21	anim17L	3	1	474f65
21	anim17L	4	1	50576e
21	anim17L	5	1	000000
21	anim17L	6	1	555555
21	anim17L	7	1	333366
21	anim17L	8	2	fffdf3
21	anim17L	9	2	ffffff
21	anim17L	10	2	f3cf17
21	anim17L	11	2	ffd919
21	anim17L	12	2	ffe31c
21	anim17L	13	3	ffce8c
21	anim17L	14	3	ffffff
21	anim17L	15	2	ffe45f
21	anim17L	16	3	ffdb92
21	anim17L	17	3	ffff80
21	anim17L	18	2	ffd52b
21	anim17L	19	2	ffbf00
21	anim17L	20	2	fffbe8
21	anim17L	21	2	ffff00
21	anim17L	22	2	ffcc00
21	anim17L	23	3	ffcc80
21	anim17L	24	3	ffaaaa
21	anim17L	25	3	ffbf80
21	anim17L	26	3	ffd580
21	anim17R	1	1	50576e
21	anim17R	2	1	3e3c73
21	anim17R	3	1	363c53
21	anim17R	4	1	333333
21	anim17R	5	1	2d374d
21	anim17R	6	1	000080
21	anim17R	7	1	2b2b55
21	anim17R	8	1	555555
21	anim17R	9	1	2e2e46
21	anim17R	10	1	333366
21	anim17R	11	1	3e465b
21	anim17R	12	1	474f65
21	anim17R	13	1	404040
21	anim17R	14	1	000000
21	anim17R	15	1	244949
21	anim17R	16	2	ffd919
21	anim17R	17	2	ffbf00
21	anim17R	18	2	ffffff
21	anim17R	19	2	ffe31c
21	anim17R	20	3	ffffff
21	anim17R	21	3	ffdb92
21	anim17R	22	2	ffe45f
21	anim17R	23	3	ffce8c
21	anim17R	24	2	ffd52b
21	anim17R	25	3	ffff80
21	anim17R	26	2	f3cf17
21	anim17R	27	3	ffbf80
21	anim17R	28	2	fffbe8
21	anim17R	29	3	ffd580
21	anim17R	30	3	ffaaaa
21	anim17R	31	2	fffdf3
21	anim17R	32	3	e4b57a
21	anim17R	33	3	ffcc80
21	anim17R	34	2	ffff00
21	anim17R	35	2	ffcc00
21	anim17R	36	2	eac615
21	anim18L	1	2	ffd919
21	anim18L	2	2	ffcc00
21	anim18L	3	2	ffe31c
21	anim18L	4	1	565c76
21	anim18L	5	1	3e3c73
21	anim18L	6	1	000080
21	anim18L	7	1	000000
21	anim18L	8	1	555555
21	anim18L	9	1	333366
21	anim18L	10	1	3e465b
21	anim18L	11	2	ffe45f
21	anim18L	12	2	ffffff
21	anim18L	13	2	ffd52b
21	anim18L	14	2	fffbe8
21	anim18L	15	2	fffdf3
21	anim18L	16	2	f3cf17
21	anim18L	17	3	ffdb92
21	anim18L	18	2	ffff00
21	anim18L	19	2	eac615
21	anim18L	20	3	ffffff
21	anim18L	21	3	ffff80
21	anim18L	22	1	2b2b55
21	anim18L	23	2	ffbf00
21	anim18L	24	3	ffce8c
21	anim18L	25	1	474f65
21	anim18L	26	3	ffaaaa
21	anim18L	27	3	ffcc80
21	anim18L	28	2	d3b412
21	anim18L	29	3	e4b57a
21	anim18L	30	3	ffbf80
21	anim18L	31	3	ffd580
21	anim18L	32	3	febf74
21	anim18R	1	2	ffd919
21	anim18R	2	2	ffe31c
21	anim18R	3	1	333344
21	anim18R	4	1	333333
21	anim18R	5	1	373d49
21	anim18R	6	1	555555
21	anim18R	7	1	2d374d
21	anim18R	8	1	363c53
21	anim18R	9	1	244949
21	anim18R	10	1	273b3b
21	anim18R	11	1	333366
21	anim18R	12	1	3e3c73
21	anim18R	13	1	2b2b55
21	anim18R	14	1	3e465b
21	anim18R	15	1	565c76
21	anim18R	16	1	474f65
21	anim18R	17	1	000000
21	anim18R	18	2	ffe45f
21	anim18R	19	2	ffcc00
21	anim18R	20	2	ffffff
21	anim18R	21	1	000080
21	anim18R	22	2	ffd52b
21	anim18R	23	3	ffff80
21	anim18R	24	2	ffff00
21	anim18R	25	2	fffbe8
21	anim18R	26	3	ffdb92
21	anim18R	27	3	ffce8c
21	anim18R	28	2	ffbf00
21	anim18R	29	3	ffffff
21	anim18R	30	2	f3cf17
21	anim18R	31	3	ffbf80
21	anim18R	32	3	ffd580
21	anim18R	33	3	ffcc80
21	anim18R	34	2	fffdf3
21	anim18R	35	3	ffaaaa
21	anim18R	36	3	e4b57a
21	anim1L	1	2	ffd919
21	anim1L	2	2	ffe31c
21	anim1L	3	2	f3cf17
21	anim1L	4	2	ffd52b
21	anim1L	5	2	ffff00
21	anim1L	6	2	ffcc00
21	anim1L	7	2	ffbf00
21	anim1L	8	3	ffff80
21	anim1L	9	3	ffce8c
21	anim1L	10	2	fffbe8
21	anim1L	11	3	ffd580
21	anim1L	12	2	ffe45f
21	anim1L	13	2	ffffff
21	anim1L	14	1	333366
21	anim1L	15	1	3e3c73
21	anim1L	16	1	50576e
21	anim1L	17	3	ffffff
21	anim1L	18	1	000000
21	anim1L	19	1	000080
21	anim1L	20	1	555555
21	anim1L	21	3	ffcc80
21	anim1L	22	1	474f65
21	anim1L	23	3	ffbf80
21	anim1L	24	3	ffaaaa
21	anim1L	25	2	fffdf3
21	anim1L	26	3	e4b57a
21	anim1L	27	2	eac615
21	anim1L	28	1	3c4259
21	anim1R	1	2	ffbf00
21	anim1R	2	2	ffd919
21	anim1R	3	2	ffe31c
21	anim1R	4	2	ffff00
21	anim1R	5	2	ffcc00
21	anim1R	6	2	ffd52b
21	anim1R	7	3	ffff80
21	anim1R	8	2	ffe45f
21	anim1R	9	3	ffd580
21	anim1R	10	3	ffce8c
21	anim1R	11	2	f3cf17
21	anim1R	12	1	333333
21	anim1R	13	1	404040
21	anim1R	14	1	32394d
21	anim1R	15	1	000080
21	anim1R	16	1	474f65
21	anim1R	17	1	50576e
21	anim1R	18	3	ffbf80
21	anim1R	19	1	333366
21	anim1R	20	1	000000
21	anim1R	21	1	3e3c73
21	anim1R	22	2	ffffff
21	anim1R	23	3	ffcc80
21	anim1R	24	3	ffffff
21	anim1R	25	1	3c4259
21	anim1R	26	2	fffbe8
21	anim1R	27	1	555555
21	anim1R	28	2	fffdf3
21	anim1R	29	1	273b3b
21	anim1R	30	3	ffaaaa
21	anim1R	31	3	e4b57a
21	anim1R	32	2	eac615
21	anim1R	33	3	febf74
21	anim2L	1	2	ffd919
21	anim2L	2	2	ffe31c
21	anim2L	3	2	f3cf17
21	anim2L	4	2	ffd52b
21	anim2L	5	2	ffff00
21	anim2L	6	2	ffcc00
21	anim2L	7	2	ffbf00
21	anim2L	8	3	ffff80
21	anim2L	9	3	ffce8c
21	anim2L	10	2	fffbe8
21	anim2L	11	3	ffd580
21	anim2L	12	2	ffe45f
21	anim2L	13	2	ffffff
21	anim2L	14	1	333366
21	anim2L	15	1	3e3c73
21	anim2L	16	1	50576e
21	anim2L	17	3	ffffff
21	anim2L	18	1	000000
21	anim2L	19	1	000080
21	anim2L	20	1	555555
21	anim2L	21	3	ffcc80
21	anim2L	22	1	474f65
21	anim2L	23	3	ffbf80
21	anim2L	24	3	ffaaaa
21	anim2L	25	2	fffdf3
21	anim2L	26	3	e4b57a
21	anim2L	27	2	eac615
21	anim2L	28	1	3c4259
21	anim2R	1	2	ffcc00
21	anim2R	2	2	ffd919
21	anim2R	3	2	ffd52b
21	anim2R	4	2	ffe31c
21	anim2R	5	2	ffbf00
21	anim2R	6	2	f3cf17
21	anim2R	7	2	eac615
21	anim2R	8	3	ffff80
21	anim2R	9	2	ffe45f
21	anim2R	10	3	ffd580
21	anim2R	11	3	ffce8c
21	anim2R	12	2	ffff00
21	anim2R	13	1	2e2e46
21	anim2R	14	1	404040
21	anim2R	15	1	32394d
21	anim2R	16	1	333333
21	anim2R	17	1	000080
21	anim2R	18	1	474f65
21	anim2R	19	1	50576e
21	anim2R	20	1	333366
21	anim2R	21	1	000000
21	anim2R	22	3	ffaaaa
21	anim2R	23	1	3e3c73
21	anim2R	24	1	3c4259
21	anim2R	25	2	ffffff
21	anim2R	26	3	e4b57a
21	anim2R	27	3	ffffff
21	anim2R	28	3	ffbf80
21	anim2R	29	3	ffcc80
21	anim2R	30	2	fffbe8
21	anim2R	31	1	555555
21	anim2R	32	2	fffdf3
21	anim2R	33	1	273b3b
21	anim3L	1	1	3e3c73
21	anim3L	2	1	50576e
21	anim3L	3	2	ffffff
21	anim3L	4	3	ffffff
21	anim3L	5	3	ffff80
21	anim3L	6	3	ffce8c
21	anim3L	7	1	474f65
21	anim3L	8	3	ffaaaa
21	anim3L	9	2	ffe45f
21	anim3L	10	2	fffbe8
21	anim3L	11	3	e4b57a
21	anim3L	12	3	ffcc80
21	anim3L	13	1	000080
21	anim3L	14	1	333366
21	anim3L	15	2	ffe31c
21	anim3L	16	3	ffd580
21	anim3L	17	1	000000
21	anim3L	18	2	ffd919
21	anim3L	19	2	ffd52b
21	anim3L	20	2	fffdf3
21	anim3L	21	3	ffbf80
21	anim3L	22	2	ffff00
21	anim3L	23	1	555555
21	anim3L	24	2	f3cf17
21	anim3L	25	2	ffcc00
21	anim3L	26	3	febf74
21	anim3L	27	2	ffbf00
21	anim3L	28	1	3e465b
21	anim3R	1	1	50576e
21	anim3R	2	1	3e3c73
21	anim3R	3	1	363c53
21	anim3R	4	1	2e2e46
21	anim3R	5	1	3e465b
21	anim3R	6	1	000000
21	anim3R	7	1	474f65
21	anim3R	8	1	555555
21	anim3R	9	1	343948
21	anim3R	10	2	ffffff
21	anim3R	11	1	333366
21	anim3R	12	3	ffffff
21	anim3R	13	3	ffce8c
21	anim3R	14	3	ffff80
21	anim3R	15	3	ffcc80
21	anim3R	16	2	ffd52b
21	anim3R	17	2	fffbe8
21	anim3R	18	2	ffe31c
21	anim3R	19	3	e4b57a
21	anim3R	20	1	000080
21	anim3R	21	2	ffe45f
21	anim3R	22	2	fffdf3
21	anim3R	23	3	ffbf80
21	anim3R	24	2	ffd919
21	anim3R	25	3	ffd580
21	anim3R	26	1	273b3b
21	anim3R	27	1	404040
21	anim3R	28	2	ffff00
21	anim3R	29	2	ffbf00
21	anim3R	30	2	f3cf17
21	anim3R	31	2	ffcc00
21	anim3R	32	3	ffaaaa
21	dieL	1	1	333366
21	dieL	2	1	3e3c73
21	dieL	3	1	555555
21	dieL	4	2	ffffff
21	dieL	5	1	50576e
21	dieL	6	1	000080
21	dieL	7	1	474f65
21	dieL	8	1	000000
21	dieL	9	3	ffffff
21	dieL	10	3	ffff80
21	dieL	11	3	ffce8c
21	dieL	12	3	ffcc80
21	dieL	13	3	febf74
21	dieL	14	2	ffe45f
21	dieL	15	3	e4b57a
21	dieL	16	2	ffe31c
21	dieL	17	2	fffbe8
21	dieL	18	2	fffdf3
21	dieL	19	3	ffd580
21	dieL	20	2	ffd52b
21	dieL	21	2	ffff00
21	dieL	22	2	ffd919
21	dieL	23	2	ffcc00
21	dieL	24	2	ffbf00
21	dieL	25	2	f3cf17
21	dieL	26	3	ffaaaa
21	dieR	1	1	343948
21	dieR	2	1	50576e
21	dieR	3	1	3e3c73
21	dieR	4	1	333366
21	dieR	5	1	343c54
21	dieR	6	2	ffffff
21	dieR	7	1	2b2b55
21	dieR	8	1	404040
21	dieR	9	3	ffffff
21	dieR	10	3	ffce8c
21	dieR	11	1	2b3555
21	dieR	12	1	555555
21	dieR	13	3	ffcc80
21	dieR	14	3	e4b57a
21	dieR	15	3	ffff80
21	dieR	16	1	474f65
21	dieR	17	1	000080
21	dieR	18	2	ffd52b
21	dieR	19	3	ffd580
21	dieR	20	2	ffe31c
21	dieR	21	1	000000
21	dieR	22	2	ffe45f
21	dieR	23	2	ffd919
21	dieR	24	3	ffaaaa
21	dieR	25	3	febf74
21	dieR	26	2	ffff00
21	dieR	27	2	fffdf3
21	dieR	28	2	ffbf00
21	dieR	29	2	ffcc00
21	dieR	30	2	f3cf17
21	hitL	1	1	3e3c73
21	hitL	2	1	50576e
21	hitL	3	1	555555
21	hitL	4	2	ffffff
21	hitL	5	3	ffffff
21	hitL	6	3	ffff80
21	hitL	7	3	ffce8c
21	hitL	8	2	ffd52b
21	hitL	9	2	ffe31c
21	hitL	10	2	ffd919
21	hitL	11	2	f3cf17
21	hitL	12	3	ffd580
21	hitL	13	2	ffbf00
21	hitL	14	3	febf74
21	hitL	15	2	ffff00
21	hitL	16	1	474f65
21	hitR	1	1	404040
21	hitR	2	1	474f65
21	hitR	3	1	3e3c73
21	hitR	4	1	50576e
21	hitR	5	1	343c54
21	hitR	6	2	ffffff
21	hitR	7	1	333366
21	hitR	8	1	555555
21	hitR	9	3	ffffff
21	hitR	10	3	ffce8c
21	hitR	11	3	ffff80
21	hitR	12	2	ffe31c
21	hitR	13	3	ffaaaa
21	hitR	14	2	ffd52b
21	hitR	15	2	ffd919
21	hitR	16	2	ffbf00
21	hitR	17	2	f3cf17
21	hitR	18	2	ffcc00
21	hitR	19	3	ffd580
21	hitR	20	1	000000
21	hitR	21	1	000080
21	hitR	22	3	ffcc80
21	runB	1	1	000080
21	runB	2	1	3e3c73
21	runB	3	1	000000
21	runB	4	1	50576e
21	runB	5	1	333366
21	runB	6	1	474f65
21	runB	7	1	555555
21	runB	8	2	ffd52b
21	runB	9	2	ffff00
21	runB	10	2	ffd919
21	runB	11	2	ffe31c
21	runB	12	2	ffbf00
21	runB	13	3	ffff80
21	runB	14	3	ffce8c
21	runB	15	3	ffffff
21	runB	16	2	ffffff
21	runB	17	3	ffcc80
21	runB	18	2	ffcc00
21	runB	19	3	ffd580
21	runB	20	3	ffaaaa
21	runB	21	3	febf74
21	runB	22	2	f3cf17
21	runB	23	1	343c54
21	runF	1	2	ffd52b
21	runF	2	2	ffd919
21	runF	3	2	ffe31c
21	runF	4	3	ffce8c
21	runF	5	1	3e3c73
21	runF	6	1	50576e
21	runF	7	1	474f65
21	runF	8	1	555555
21	runF	9	1	000080
21	runF	10	3	ffff80
21	runF	11	1	333366
21	runF	12	1	000000
21	runF	13	3	ffffff
21	runF	14	2	ffff00
21	runF	15	2	ffffff
21	runF	16	3	ffd580
21	runF	17	2	f3cf17
21	runF	18	3	ffcc80
21	runF	19	1	2b3555
21	runF	20	3	ffaaaa
21	runF	21	2	ffbf00
21	runF	22	2	ffcc00
21	runF	23	2	eac615
21	runF	24	2	947a09
21	runF	25	2	655101
21	runF	26	2	b99b0d
21	runF	27	2	d3b412
21	runL	1	1	3e3c73
21	runL	2	1	555555
21	runL	3	1	000000
21	runL	4	1	474f65
21	runL	5	1	333366
21	runL	6	1	50576e
21	runL	7	1	000080
21	runL	8	1	2b2b55
21	runL	9	2	ffffff
21	runL	10	2	ffd919
21	runL	11	3	ffffff
21	runL	12	3	ffaaaa
21	runL	13	3	ffce8c
21	runL	14	2	ffcc00
21	runL	15	2	ffff00
21	runL	16	2	ffe31c
21	runL	17	3	ffff80
21	runL	18	2	ffd52b
21	runL	19	3	ffd580
21	runL	20	3	e4b57a
21	runL	21	2	ffbf00
21	runL	22	2	f3cf17
21	runL	23	1	404040
21	runR	1	1	50576e
21	runR	2	1	3e3c73
21	runR	3	1	2e2e46
21	runR	4	1	000080
21	runR	5	1	474f65
21	runR	6	2	ffff00
21	runR	7	2	ffcc00
21	runR	8	1	343c54
21	runR	9	1	404040
21	runR	10	1	000000
21	runR	11	1	333333
21	runR	12	1	343948
21	runR	13	1	555555
21	runR	14	2	ffd919
21	runR	15	1	333366
21	runR	16	2	ffe31c
21	runR	17	3	ffce8c
21	runR	18	3	ffff80
21	runR	19	2	ffffff
21	runR	20	3	ffffff
21	runR	21	2	ffbf00
21	runR	22	3	ffaaaa
21	runR	23	2	f3cf17
21	runS	1	1	3e3c73
21	runS	2	1	000000
21	runS	3	1	50576e
21	runS	4	1	333366
21	runS	5	1	000080
21	runS	6	2	ffffff
21	runS	7	2	ffd919
21	runS	8	3	ffce8c
21	runS	9	1	474f65
21	runS	10	1	555555
21	runS	11	2	ffe31c
21	runS	12	3	ffffff
21	runS	13	3	ffff80
21	runS	14	2	ffff00
21	runS	15	3	ffaaaa
21	runS	16	2	ffcc00
21	runS	17	2	ffbf00
21	runS	18	2	f3cf17
21	runS	19	2	eac615
21	runS	20	1	2b2b55
21	runS	21	1	343c54
21	staticB	1	1	3e3c73
21	staticB	2	3	ffce8c
21	staticB	3	2	ffffff
21	staticB	4	2	ffd919
21	staticF	1	1	3e3c73
21	staticF	2	2	ffffff
21	staticF	3	3	ffce8c
21	staticF	4	2	ffd919
21	staticL	1	1	3e3c73
21	staticL	2	2	ffffff
21	staticL	3	3	ffce8c
21	staticL	4	2	ffd919
21	staticR	1	1	3e3c73
21	staticR	2	2	ffffff
21	staticR	3	3	ffce8c
21	staticR	4	2	ffd919
21	staticS	1	1	3e3c73
21	staticS	2	2	ffffff
21	staticS	3	3	ffce8c
21	staticS	4	2	ffd919
21	walkB	1	1	3e3c73
21	walkB	2	1	333333
21	walkB	3	1	50576e
21	walkB	4	1	474f65
21	walkB	5	1	2b3555
21	walkB	6	1	000080
21	walkB	7	1	555555
21	walkB	8	1	2b2b55
21	walkB	9	1	343c54
21	walkB	10	1	404040
21	walkB	11	2	ffffff
21	walkB	12	3	ffffff
21	walkB	13	3	ffce8c
21	walkB	14	3	ffaaaa
21	walkB	15	3	ffff80
21	walkB	16	2	ffe31c
21	walkB	17	2	ffcc00
21	walkB	18	2	ffd919
21	walkB	19	2	ffff00
21	walkB	20	2	f3cf17
21	walkB	21	2	ffbf00
21	walkF	1	1	3e3c73
21	walkF	2	1	333333
21	walkF	3	1	000080
21	walkF	4	1	50576e
21	walkF	5	1	555555
21	walkF	6	1	474f65
21	walkF	7	1	2b3555
21	walkF	8	1	404040
21	walkF	9	2	ffffff
21	walkF	10	3	ffffff
21	walkF	11	3	ffce8c
21	walkF	12	3	ffff80
21	walkF	13	3	ffaaaa
21	walkF	14	2	ffff00
21	walkF	15	2	ffd919
21	walkF	16	2	ffe31c
21	walkF	17	2	ffcc00
21	walkF	18	2	ffbf00
21	walkF	19	2	f3cf17
21	walkF	20	2	b99b0d
21	walkF	21	2	655101
21	walkF	22	2	eac615
21	walkL	1	1	3e3c73
21	walkL	2	1	555555
21	walkL	3	1	333333
21	walkL	4	1	474f65
21	walkL	5	1	50576e
21	walkL	6	1	000080
21	walkL	7	2	ffffff
21	walkL	8	1	2b2b55
21	walkL	9	1	404040
21	walkL	10	3	ffffff
21	walkL	11	3	ffce8c
21	walkL	12	3	ffff80
21	walkL	13	1	2b3555
21	walkL	14	2	ffd919
21	walkL	15	1	343c54
21	walkL	16	2	ffcc00
21	walkL	17	2	ffff00
21	walkL	18	2	ffbf00
21	walkR	1	1	50576e
21	walkR	2	1	3e3c73
21	walkR	3	1	2b3555
21	walkR	4	1	333333
21	walkR	5	1	343c54
21	walkR	6	1	343948
21	walkR	7	1	273b3b
21	walkR	8	1	244949
21	walkR	9	1	404040
21	walkR	10	1	2b2b55
21	walkR	11	1	555555
21	walkR	12	1	000080
21	walkR	13	1	474f65
21	walkR	14	2	ffffff
21	walkR	15	3	ffffff
21	walkR	16	3	ffce8c
21	walkR	17	3	ffff80
21	walkR	18	2	ffd919
21	walkR	19	2	ffff00
21	walkR	20	2	ffcc00
21	walkR	21	2	ffbf00
21	walkS	1	1	3e3c73
21	walkS	2	2	ffffff
21	walkS	3	3	ffce8c
21	walkS	4	2	ffd919
21	walkS	5	2	ffff00
21	walkS	6	2	ffcc00
21	walkS	7	2	ffbf00
30	anim0L	1	3	ffffff
30	anim0L	2	3	ff910b
30	anim0L	3	2	b47d01
30	anim0L	4	1	675a43
30	anim0L	5	1	ae8255
30	anim0L	6	2	dea64b
30	anim0L	7	1	483f31
30	anim0L	8	2	ca7015
30	anim0L	9	2	ffff00
30	anim0L	10	2	ff8080
30	anim0L	11	2	ff0000
30	anim0R	1	3	ff910b
30	anim0R	2	2	b47d01
30	anim0R	3	3	ffffff
30	anim0R	4	2	ca7015
30	anim0R	5	2	ffff00
30	anim0R	6	1	675a43
30	anim0R	7	1	ae8255
30	anim0R	8	2	dea64b
30	anim0R	9	2	ff8080
30	anim0R	10	2	ff0000
30	anim0R	11	1	483f31
30	anim10L	1	3	ffffff
30	anim10L	2	3	ff910b
30	anim10L	3	2	b47d01
30	anim10L	4	2	ca7015
30	anim10L	5	1	ae8255
30	anim10L	6	2	ffff00
30	anim10L	7	2	dea64b
30	anim10L	8	1	675a43
30	anim10L	9	1	483f31
30	anim10L	10	2	ff8080
30	anim10L	11	2	ff0000
30	anim10R	1	3	ffffff
30	anim10R	2	3	ff910b
30	anim10R	3	2	ca7015
30	anim10R	4	2	b47d01
30	anim10R	5	1	ae8255
30	anim10R	6	2	dea64b
30	anim10R	7	1	675a43
30	anim10R	8	2	ffff00
30	anim10R	9	2	ff8080
30	anim10R	10	1	483f31
30	anim10R	11	2	ff0000
30	anim11L	1	3	ff910b
30	anim11L	2	3	ffffff
30	anim11L	3	2	b47d01
30	anim11L	4	2	ca7015
30	anim11L	5	2	dea64b
30	anim11L	6	1	ae8255
30	anim11L	7	1	675a43
30	anim11L	8	2	ffff00
30	anim11L	9	1	483f31
30	anim11L	10	2	ff8080
30	anim11L	11	2	ff0000
30	anim11R	1	3	ffffff
30	anim11R	2	3	ff910b
30	anim11R	3	2	b47d01
30	anim11R	4	2	ffff00
30	anim11R	5	2	ca7015
30	anim11R	6	2	dea64b
30	anim11R	7	1	675a43
30	anim11R	8	1	ae8255
30	anim11R	9	1	483f31
30	anim11R	10	2	ff8080
30	anim11R	11	2	ff0000
30	anim12L	1	3	ff910b
30	anim12L	2	3	ffffff
30	anim12L	3	2	b47d01
30	anim12L	4	2	ca7015
30	anim12L	5	2	dea64b
30	anim12L	6	1	ae8255
30	anim12L	7	1	675a43
30	anim12L	8	2	ffff00
30	anim12L	9	1	483f31
30	anim12L	10	2	ff8080
30	anim12L	11	2	ff0000
30	anim12R	1	3	ffffff
30	anim12R	2	3	ff910b
30	anim12R	3	2	b47d01
30	anim12R	4	2	ffff00
30	anim12R	5	2	ca7015
30	anim12R	6	2	dea64b
30	anim12R	7	1	675a43
30	anim12R	8	1	ae8255
30	anim12R	9	1	483f31
30	anim12R	10	2	ff8080
30	anim12R	11	2	ff0000
30	anim13L	1	3	ff910b
30	anim13L	2	3	ffffff
30	anim13L	3	2	b47d01
30	anim13L	4	2	ca7015
30	anim13L	5	2	dea64b
30	anim13L	6	1	ae8255
30	anim13L	7	1	675a43
30	anim13L	8	2	ffff00
30	anim13L	9	1	483f31
30	anim13L	10	2	ff8080
30	anim13L	11	2	ff0000
30	anim13R	1	3	ff910b
30	anim13R	2	3	ffffff
30	anim13R	3	2	b47d01
30	anim13R	4	2	ffff00
30	anim13R	5	2	ca7015
30	anim13R	6	2	dea64b
30	anim13R	7	1	675a43
30	anim13R	8	1	ae8255
30	anim13R	9	1	483f31
30	anim13R	10	2	ff8080
30	anim13R	11	2	ff0000
30	anim14L	1	3	ff910b
30	anim14L	2	3	ffffff
30	anim14L	3	2	b47d01
30	anim14L	4	2	ca7015
30	anim14L	5	2	dea64b
30	anim14L	6	1	ae8255
30	anim14L	7	1	675a43
30	anim14L	8	2	ffff00
30	anim14L	9	1	483f31
30	anim14L	10	2	ff8080
30	anim14L	11	2	ff0000
30	anim14R	1	3	ff910b
30	anim14R	2	3	ffffff
30	anim14R	3	2	b47d01
30	anim14R	4	2	ffff00
30	anim14R	5	2	ca7015
30	anim14R	6	2	dea64b
30	anim14R	7	1	675a43
30	anim14R	8	1	ae8255
30	anim14R	9	1	483f31
30	anim14R	10	2	ff8080
30	anim14R	11	2	ff0000
30	anim15L	1	3	ff910b
30	anim15L	2	3	ffffff
30	anim15L	3	2	b47d01
30	anim15L	4	2	ca7015
30	anim15L	5	2	dea64b
30	anim15L	6	1	ae8255
30	anim15L	7	1	675a43
30	anim15L	8	2	ffff00
30	anim15L	9	1	483f31
30	anim15L	10	2	ff8080
30	anim15L	11	2	ff0000
30	anim15R	1	3	ffffff
30	anim15R	2	3	ff910b
30	anim15R	3	2	b47d01
30	anim15R	4	2	ffff00
30	anim15R	5	2	ca7015
30	anim15R	6	2	dea64b
30	anim15R	7	1	675a43
30	anim15R	8	1	ae8255
30	anim15R	9	1	483f31
30	anim15R	10	2	ff8080
30	anim15R	11	2	ff0000
30	anim16L	1	3	ff910b
30	anim16L	2	3	ffffff
30	anim16L	3	2	b47d01
30	anim16L	4	2	ca7015
30	anim16L	5	2	dea64b
30	anim16L	6	1	ae8255
30	anim16L	7	1	675a43
30	anim16L	8	2	ffff00
30	anim16L	9	1	483f31
30	anim16L	10	2	ff8080
30	anim16L	11	2	ff0000
30	anim16R	1	3	ff910b
30	anim16R	2	3	ffffff
30	anim16R	3	2	b47d01
30	anim16R	4	2	ffff00
30	anim16R	5	2	ca7015
30	anim16R	6	2	dea64b
30	anim16R	7	1	675a43
30	anim16R	8	1	ae8255
30	anim16R	9	1	483f31
30	anim16R	10	2	ff8080
30	anim16R	11	2	ff0000
30	anim17L	1	3	ff910b
30	anim17L	2	3	ffffff
30	anim17L	3	2	b47d01
30	anim17L	4	2	ca7015
30	anim17L	5	2	dea64b
30	anim17L	6	2	ffff00
30	anim17L	7	1	ae8255
30	anim17L	8	1	675a43
30	anim17L	9	1	483f31
30	anim17L	10	2	ff0000
30	anim17R	1	3	ff910b
30	anim17R	2	3	ffffff
30	anim17R	3	2	b47d01
30	anim17R	4	2	ca7015
30	anim17R	5	2	ffff00
30	anim17R	6	1	675a43
30	anim17R	7	1	ae8255
30	anim17R	8	2	dea64b
30	anim17R	9	2	ff8080
30	anim17R	10	1	483f31
30	anim17R	11	2	ff0000
30	anim18L	1	3	ff910b
30	anim18L	2	3	ffffff
30	anim18L	3	2	b47d01
30	anim18L	4	2	ffff00
30	anim18L	5	1	675a43
30	anim18L	6	2	ca7015
30	anim18L	7	1	ae8255
30	anim18L	8	2	dea64b
30	anim18L	9	1	483f31
30	anim18L	10	2	ff8080
30	anim18L	11	2	ff0000
30	anim18R	1	3	ffffff
30	anim18R	2	3	ff910b
30	anim18R	3	2	ca7015
30	anim18R	4	2	b47d01
30	anim18R	5	1	675a43
30	anim18R	6	2	dea64b
30	anim18R	7	2	ffff00
30	anim18R	8	1	ae8255
30	anim18R	9	2	ff8080
30	anim18R	10	1	483f31
30	anim18R	11	2	ff0000
30	anim1L	1	3	ff910b
30	anim1L	2	3	ffffff
30	anim1L	3	2	b47d01
30	anim1L	4	2	ca7015
30	anim1L	5	2	dea64b
30	anim1L	6	1	ae8255
30	anim1L	7	1	675a43
30	anim1L	8	1	483f31
30	anim1L	9	2	ff0000
30	anim1L	10	2	ffff00
30	anim1R	1	3	ff910b
30	anim1R	2	3	ffffff
30	anim1R	3	2	b47d01
30	anim1R	4	2	ffff00
30	anim1R	5	2	dea64b
30	anim1R	6	2	ca7015
30	anim1R	7	1	ae8255
30	anim1R	8	1	675a43
30	anim1R	9	1	483f31
30	anim1R	10	2	ff8080
30	anim1R	11	2	ff0000
30	anim2L	1	3	ff910b
30	anim2L	2	3	ffffff
30	anim2L	3	2	b47d01
30	anim2L	4	2	ca7015
30	anim2L	5	2	dea64b
30	anim2L	6	1	ae8255
30	anim2L	7	1	675a43
30	anim2L	8	1	483f31
30	anim2L	9	2	ff0000
30	anim2L	10	2	ffff00
30	anim2R	1	3	ff910b
30	anim2R	2	3	ffffff
30	anim2R	3	2	b47d01
30	anim2R	4	2	ffff00
30	anim2R	5	2	dea64b
30	anim2R	6	2	ca7015
30	anim2R	7	1	ae8255
30	anim2R	8	1	675a43
30	anim2R	9	1	483f31
30	anim2R	10	2	ff8080
30	anim2R	11	2	ff0000
30	anim3L	1	3	ff910b
30	anim3L	2	2	b47d01
30	anim3L	3	2	ffff00
30	anim3L	4	3	ffffff
30	anim3L	5	2	dea64b
30	anim3L	6	1	675a43
30	anim3L	7	2	ca7015
30	anim3L	8	1	ae8255
30	anim3L	9	1	483f31
30	anim3L	10	2	ff8080
30	anim3L	11	2	ff0000
30	anim3R	1	3	ff910b
30	anim3R	2	3	ffffff
30	anim3R	3	2	ca7015
30	anim3R	4	2	b47d01
30	anim3R	5	2	ffff00
30	anim3R	6	2	dea64b
30	anim3R	7	1	675a43
30	anim3R	8	1	ae8255
30	anim3R	9	1	483f31
30	anim3R	10	2	ff8080
30	anim3R	11	2	ff0000
30	dieL	1	3	ff910b
30	dieL	2	2	b47d01
30	dieL	3	3	ffffff
30	dieL	4	2	ca7015
30	dieL	5	1	675a43
30	dieL	6	1	483f31
30	dieL	7	2	ffff00
30	dieL	8	2	dea64b
30	dieL	9	1	ae8255
30	dieL	10	2	ff0000
30	dieL	11	2	ff8080
30	dieR	1	2	b47d01
30	dieR	2	1	675a43
30	dieR	3	2	dea64b
30	dieR	4	3	ff910b
30	dieR	5	1	ae8255
30	dieR	6	2	ca7015
30	dieR	7	3	ffffff
30	dieR	8	2	ff8080
30	dieR	9	2	ff0000
30	dieR	10	1	483f31
30	hitL	1	3	ff910b
30	hitL	2	2	b47d01
30	hitL	3	2	dea64b
30	hitL	4	1	ae8255
30	hitL	5	3	ffffff
30	hitL	6	1	675a43
30	hitL	7	2	ca7015
30	hitL	8	1	483f31
30	hitR	1	3	ff910b
30	hitR	2	3	ffffff
30	hitR	3	2	b47d01
30	hitR	4	2	ca7015
30	hitR	5	2	dea64b
30	hitR	6	1	675a43
30	hitR	7	1	ae8255
30	hitR	8	2	ff0000
30	runB	1	3	ff910b
30	runB	2	1	483f31
30	runB	3	1	ae8255
30	runB	4	1	675a43
30	runB	5	3	ffffff
30	runB	6	2	b47d01
30	runB	7	2	ca7015
30	runB	8	2	dea64b
30	runB	9	2	ff8080
30	runB	10	2	ff0000
30	runF	1	3	ff910b
30	runF	2	2	b47d01
30	runF	3	3	ffffff
30	runF	4	2	dea64b
30	runF	5	2	ca7015
30	runF	6	1	ae8255
30	runF	7	1	675a43
30	runF	8	1	483f31
30	runF	9	2	ff8080
30	runF	10	2	ff0000
30	runL	1	3	ff910b
30	runL	2	3	ffffff
30	runL	3	2	b47d01
30	runL	4	2	dea64b
30	runL	5	2	ca7015
30	runL	6	1	675a43
30	runL	7	1	ae8255
30	runL	8	1	483f31
30	runL	9	2	ff8080
30	runR	1	3	ff910b
30	runR	2	2	b47d01
30	runR	3	3	ffffff
30	runR	4	2	dea64b
30	runR	5	1	ae8255
30	runR	6	2	ca7015
30	runR	7	1	675a43
30	runR	8	1	483f31
30	runR	9	2	ff8080
30	runS	1	3	ff910b
30	runS	2	1	483f31
30	runS	3	1	675a43
30	runS	4	1	ae8255
30	runS	5	2	dea64b
30	runS	6	2	b47d01
30	runS	7	3	ffffff
30	runS	8	2	ca7015
30	runS	9	2	ff8080
30	staticB	1	3	ff910b
30	staticB	2	1	483f31
30	staticB	3	1	675a43
30	staticB	4	2	b47d01
30	staticF	1	3	ffffff
30	staticF	2	1	675a43
30	staticF	3	2	b47d01
30	staticL	1	3	ff910b
30	staticL	2	3	ffffff
30	staticL	3	2	b47d01
30	staticL	4	1	675a43
30	staticL	5	1	483f31
30	staticR	1	3	ff910b
30	staticR	2	3	ffffff
30	staticR	3	2	b47d01
30	staticR	4	1	675a43
30	staticS	1	3	ffffff
30	staticS	2	1	675a43
30	staticS	3	2	b47d01
30	walkB	1	3	ff910b
30	walkB	2	1	483f31
30	walkB	3	1	675a43
30	walkB	4	1	ae8255
30	walkB	5	3	ffffff
30	walkB	6	2	dea64b
30	walkB	7	2	ca7015
30	walkB	8	2	b47d01
30	walkF	1	3	ff910b
30	walkF	2	3	ffffff
30	walkF	3	2	dea64b
30	walkF	4	2	ca7015
30	walkF	5	2	b47d01
30	walkF	6	1	ae8255
30	walkF	7	1	675a43
30	walkF	8	1	483f31
30	walkL	1	3	ff910b
30	walkL	2	3	ffffff
30	walkL	3	2	b47d01
30	walkL	4	2	ca7015
30	walkL	5	1	675a43
30	walkL	6	1	ae8255
30	walkL	7	1	483f31
30	walkL	8	2	dea64b
30	walkR	1	3	ff910b
30	walkR	2	3	ffffff
30	walkR	3	2	b47d01
30	walkR	4	2	dea64b
30	walkR	5	2	ca7015
30	walkR	6	1	ae8255
30	walkR	7	1	675a43
30	walkR	8	1	483f31
30	walkS	1	3	ff910b
30	walkS	2	3	ffffff
30	walkS	3	1	675a43
30	walkS	4	2	dea64b
30	walkS	5	1	483f31
30	walkS	6	2	b47d01
30	walkS	7	2	ca7015
31	anim0L	1	3	fff5df
31	anim0L	2	1	66664d
31	anim0L	3	1	675a43
31	anim0L	4	1	555555
31	anim0L	5	3	ffffff
31	anim0L	6	1	804040
31	anim0L	7	1	5d5d46
31	anim0L	8	2	ff910b
31	anim0L	9	2	ffff00
31	anim0L	10	2	ff8914
31	anim0R	1	1	66664d
31	anim0R	2	1	675a43
31	anim0R	3	1	555555
31	anim0R	4	3	fff5df
31	anim0R	5	3	ffffff
31	anim0R	6	2	ff910b
31	anim0R	7	1	804040
31	anim0R	8	2	ffff00
31	anim0R	9	1	5d5d46
31	anim0R	10	2	ff8914
31	anim0R	11	2	ff9900
31	anim10L	1	3	ffffff
31	anim10L	2	3	fff5df
31	anim10L	3	1	555555
31	anim10L	4	1	66664d
31	anim10L	5	1	675a43
31	anim10L	6	1	5d5d46
31	anim10L	7	1	804040
31	anim10R	1	3	fff5df
31	anim10R	2	3	ffffff
31	anim10R	3	1	66664d
31	anim10R	4	1	675a43
31	anim10R	5	1	804040
31	anim10R	6	1	5d5d46
31	anim10R	7	1	555555
31	anim10R	8	2	ff910b
31	anim10R	9	2	ffff00
31	anim11L	1	3	fff5df
31	anim11L	2	3	ffffff
31	anim11L	3	1	66664d
31	anim11L	4	1	675a43
31	anim11L	5	1	5d5d46
31	anim11L	6	1	555555
31	anim11L	7	2	ffff00
31	anim11L	8	2	ff910b
31	anim11L	9	1	804040
31	anim11L	10	2	ff9900
31	anim11R	1	3	fff5df
31	anim11R	2	3	ffffff
31	anim11R	3	1	66664d
31	anim11R	4	1	675a43
31	anim11R	5	1	555555
31	anim11R	6	1	5d5d46
31	anim11R	7	2	ff910b
31	anim11R	8	2	ffff00
31	anim11R	9	1	804040
31	anim11R	10	2	ff8914
31	anim12L	1	3	fff5df
31	anim12L	2	3	ffffff
31	anim12L	3	1	66664d
31	anim12L	4	1	675a43
31	anim12L	5	1	5d5d46
31	anim12L	6	1	555555
31	anim12L	7	2	ffff00
31	anim12L	8	2	ff910b
31	anim12L	9	1	804040
31	anim12L	10	2	ff9900
31	anim12R	1	3	fff5df
31	anim12R	2	3	ffffff
31	anim12R	3	1	66664d
31	anim12R	4	1	675a43
31	anim12R	5	1	555555
31	anim12R	6	1	5d5d46
31	anim12R	7	2	ff910b
31	anim12R	8	2	ffff00
31	anim12R	9	1	804040
31	anim12R	10	2	ff8914
31	anim13L	1	3	fff5df
31	anim13L	2	3	ffffff
31	anim13L	3	1	66664d
31	anim13L	4	1	675a43
31	anim13L	5	1	5d5d46
31	anim13L	6	1	555555
31	anim13L	7	2	ffff00
31	anim13L	8	2	ff910b
31	anim13L	9	1	804040
31	anim13L	10	2	ff9900
31	anim13R	1	3	ffffff
31	anim13R	2	3	fff5df
31	anim13R	3	1	66664d
31	anim13R	4	1	675a43
31	anim13R	5	1	555555
31	anim13R	6	1	5d5d46
31	anim13R	7	2	ff910b
31	anim13R	8	2	ffff00
31	anim13R	9	1	804040
31	anim13R	10	2	ff8914
31	anim14L	1	3	fff5df
31	anim14L	2	3	ffffff
31	anim14L	3	1	66664d
31	anim14L	4	1	675a43
31	anim14L	5	1	5d5d46
31	anim14L	6	1	555555
31	anim14L	7	2	ffff00
31	anim14L	8	2	ff910b
31	anim14L	9	1	804040
31	anim14L	10	2	ff9900
31	anim14R	1	3	ffffff
31	anim14R	2	3	fff5df
31	anim14R	3	1	66664d
31	anim14R	4	1	675a43
31	anim14R	5	1	555555
31	anim14R	6	1	5d5d46
31	anim14R	7	2	ff910b
31	anim14R	8	2	ffff00
31	anim14R	9	1	804040
31	anim14R	10	2	ff8914
31	anim15L	1	3	fff5df
31	anim15L	2	3	ffffff
31	anim15L	3	1	66664d
31	anim15L	4	1	675a43
31	anim15L	5	1	5d5d46
31	anim15L	6	1	555555
31	anim15L	7	2	ffff00
31	anim15L	8	2	ff910b
31	anim15L	9	1	804040
31	anim15L	10	2	ff9900
31	anim15R	1	3	ffffff
31	anim15R	2	3	fff5df
31	anim15R	3	1	66664d
31	anim15R	4	1	675a43
31	anim15R	5	1	555555
31	anim15R	6	1	5d5d46
31	anim15R	7	2	ff910b
31	anim15R	8	2	ffff00
31	anim15R	9	1	804040
31	anim15R	10	2	ff8914
31	anim16L	1	3	fff5df
31	anim16L	2	3	ffffff
31	anim16L	3	1	66664d
31	anim16L	4	1	675a43
31	anim16L	5	1	5d5d46
31	anim16L	6	1	555555
31	anim16L	7	2	ffff00
31	anim16L	8	2	ff910b
31	anim16L	9	1	804040
31	anim16L	10	2	ff9900
31	anim16R	1	3	ffffff
31	anim16R	2	3	fff5df
31	anim16R	3	1	66664d
31	anim16R	4	1	675a43
31	anim16R	5	1	555555
31	anim16R	6	1	5d5d46
31	anim16R	7	2	ff910b
31	anim16R	8	2	ffff00
31	anim16R	9	1	804040
31	anim16R	10	2	ff8914
31	anim17L	1	3	fff5df
31	anim17L	2	3	ffffff
31	anim17L	3	1	675a43
31	anim17L	4	1	555555
31	anim17L	5	1	66664d
31	anim17L	6	1	804040
31	anim17L	7	1	5d5d46
31	anim17R	1	3	fff5df
31	anim17R	2	3	ffffff
31	anim17R	3	1	66664d
31	anim17R	4	1	675a43
31	anim17R	5	1	5d5d46
31	anim17R	6	1	804040
31	anim17R	7	1	555555
31	anim17R	8	2	ffff00
31	anim17R	9	2	ff8914
31	anim17R	10	2	ff910b
31	anim18L	1	3	fff5df
31	anim18L	2	3	ffffff
31	anim18L	3	1	555555
31	anim18L	4	1	675a43
31	anim18L	5	1	66664d
31	anim18L	6	1	5d5d46
31	anim18L	7	1	804040
31	anim18R	1	3	ffffff
31	anim18R	2	3	fff5df
31	anim18R	3	1	66664d
31	anim18R	4	1	675a43
31	anim18R	5	1	5d5d46
31	anim18R	6	1	555555
31	anim18R	7	1	804040
31	anim18R	8	2	ffff00
31	anim18R	9	2	ff910b
31	anim18R	10	2	ff8914
31	anim1L	1	3	ffffff
31	anim1L	2	3	fff5df
31	anim1L	3	1	675a43
31	anim1L	4	1	66664d
31	anim1L	5	1	555555
31	anim1L	6	1	5d5d46
31	anim1L	7	1	804040
31	anim1R	1	3	fff5df
31	anim1R	2	3	ffffff
31	anim1R	3	1	675a43
31	anim1R	4	1	5d5d46
31	anim1R	5	1	66664d
31	anim1R	6	1	804040
31	anim1R	7	1	555555
31	anim1R	8	2	ff910b
31	anim1R	9	2	ffff00
31	anim2L	1	3	ffffff
31	anim2L	2	3	fff5df
31	anim2L	3	1	675a43
31	anim2L	4	1	66664d
31	anim2L	5	1	555555
31	anim2L	6	1	5d5d46
31	anim2L	7	1	804040
31	anim2R	1	3	fff5df
31	anim2R	2	3	ffffff
31	anim2R	3	1	675a43
31	anim2R	4	1	5d5d46
31	anim2R	5	1	66664d
31	anim2R	6	1	804040
31	anim2R	7	1	555555
31	anim2R	8	2	ff910b
31	anim2R	9	2	ffff00
31	anim3L	1	3	fff5df
31	anim3L	2	3	ffffff
31	anim3L	3	1	675a43
31	anim3L	4	1	66664d
31	anim3L	5	1	5d5d46
31	anim3L	6	1	555555
31	anim3L	7	1	804040
31	anim3R	1	3	fff5df
31	anim3R	2	3	ffffff
31	anim3R	3	1	66664d
31	anim3R	4	1	555555
31	anim3R	5	1	675a43
31	anim3R	6	1	5d5d46
31	anim3R	7	2	ff910b
31	anim3R	8	1	804040
31	anim3R	9	2	ff8914
31	anim3R	10	2	ff9900
31	anim3R	11	2	ffff00
31	dieL	1	3	fff5df
31	dieL	2	3	ffffff
31	dieL	3	1	675a43
31	dieL	4	1	66664d
31	dieL	5	1	555555
31	dieL	6	1	5d5d46
31	dieL	7	2	ff910b
31	dieL	8	1	804040
31	dieL	9	2	ffff00
31	dieL	10	2	ff9900
31	dieL	11	2	ff8914
31	dieR	1	1	675a43
31	dieR	2	3	fff5df
31	dieR	3	1	804040
31	dieR	4	3	ffffff
31	dieR	5	2	ff910b
31	dieR	6	2	ffff00
31	dieR	7	2	ff8914
31	hitL	1	3	fff5df
31	hitL	2	3	ffffff
31	hitL	3	1	675a43
31	hitR	1	3	fff5df
31	hitR	2	3	ffffff
31	hitR	3	1	675a43
31	runB	1	3	fff5df
31	runB	2	3	ffffff
31	runB	3	1	675a43
31	runF	1	3	ffffff
31	runF	2	3	fff5df
31	runF	3	1	675a43
31	runF	4	2	ffff00
31	runF	5	2	ff910b
31	runF	6	2	ff8914
31	runL	1	3	ffffff
31	runL	2	3	fff5df
31	runL	3	1	675a43
31	runR	1	3	ffffff
31	runR	2	3	fff5df
31	runR	3	1	675a43
31	runR	4	2	ff910b
31	runR	5	2	ffff00
31	runR	6	2	ff9900
31	runR	7	2	ff8914
31	runS	1	3	fff5df
31	runS	2	3	ffffff
31	runS	3	1	675a43
31	runS	4	2	ff910b
31	runS	5	2	ffff00
31	runS	6	2	ff9900
31	runS	7	2	ff8914
31	staticB	1	3	fff5df
31	staticB	2	1	675a43
31	staticF	1	3	fff5df
31	staticF	2	1	675a43
31	staticF	3	2	ff920c
31	staticL	1	3	fff5df
31	staticL	2	1	675a43
31	staticR	1	3	fff5df
31	staticR	2	1	675a43
31	staticR	3	2	ff930d
31	staticS	1	3	fff5df
31	staticS	2	1	675a43
31	staticS	3	2	ff9710
31	walkB	1	3	fff5df
31	walkB	2	3	ffffff
31	walkB	3	1	675a43
31	walkF	1	3	fff5df
31	walkF	2	3	ffffff
31	walkF	3	1	675a43
31	walkF	4	2	ffff00
31	walkF	5	2	ff910b
31	walkL	1	3	fff5df
31	walkL	2	3	ffffff
31	walkL	3	1	675a43
31	walkR	1	3	fff5df
31	walkR	2	1	675a43
31	walkR	3	2	ff9200
31	walkR	4	2	ff910b
31	walkR	5	2	ff8914
31	walkR	6	2	ffff00
31	walkS	1	3	fff5df
31	walkS	2	1	675a43
31	walkS	3	2	ff9200
31	walkS	4	2	ff910b
31	walkS	5	2	ffff00
31	walkS	6	2	ff8914
40	anim0L	1	2	9f59aa
40	anim0L	2	2	aa55aa
40	anim0L	3	2	90529b
40	anim0L	4	1	88532d
40	anim0L	5	1	806020
40	anim0L	6	3	dfdfdf
40	anim0L	7	3	e0e6e9
40	anim0L	8	1	996633
40	anim0L	9	3	ffffff
40	anim0L	10	1	8e5539
40	anim0L	11	1	808000
40	anim0L	12	1	ff0000
40	anim0L	13	2	75437e
40	anim0L	14	1	924924
40	anim0L	15	1	804040
40	anim0R	1	2	aa55aa
40	anim0R	2	2	90529b
40	anim0R	3	2	9f59aa
40	anim0R	4	1	88532d
40	anim0R	5	3	e0e6e9
40	anim0R	6	1	804040
40	anim0R	7	3	ffffff
40	anim0R	8	1	996633
40	anim0R	9	1	8e5539
40	anim0R	10	1	806020
40	anim0R	11	2	75437e
40	anim0R	12	3	dfdfdf
40	anim0R	13	1	ff0000
40	anim0R	14	1	808000
40	anim10L	1	1	996633
40	anim10L	2	1	88532d
40	anim10L	3	1	8b5d2e
40	anim10L	4	1	804040
40	anim10L	5	1	8e5539
40	anim10L	6	1	806020
40	anim10L	7	1	aa5555
40	anim10L	8	1	924924
40	anim10L	9	2	90529b
40	anim10L	10	1	ff0000
40	anim10L	11	2	9f59aa
40	anim10L	12	2	aa55aa
40	anim10L	13	1	808000
40	anim10L	14	3	e0e6e9
40	anim10L	15	3	ffffff
40	anim10L	16	3	dfdfdf
40	anim10L	17	3	d5d5d5
40	anim10L	18	3	ccffff
40	anim10L	19	2	75437e
40	anim10R	1	1	996633
40	anim10R	2	1	88532d
40	anim10R	3	1	806020
40	anim10R	4	1	ff0000
40	anim10R	5	1	804040
40	anim10R	6	1	8e5539
40	anim10R	7	1	8b5d2e
40	anim10R	8	1	aa5555
40	anim10R	9	1	808000
40	anim10R	10	2	aa55aa
40	anim10R	11	2	90529b
40	anim10R	12	2	9f59aa
40	anim10R	13	3	d5d5d5
40	anim10R	14	3	e0e6e9
40	anim10R	15	1	924924
40	anim10R	16	3	ffffff
40	anim10R	17	3	dfdfdf
40	anim10R	18	3	ccffff
40	anim10R	19	2	75437e
40	anim11L	1	2	90529b
40	anim11L	2	2	9f59aa
40	anim11L	3	2	aa55aa
40	anim11L	4	2	996699
40	anim11L	5	2	75437e
40	anim11L	6	1	aa5555
40	anim11L	7	1	8b5d2e
40	anim11L	8	1	996633
40	anim11L	9	3	e0e6e9
40	anim11L	10	3	ffffff
40	anim11L	11	1	ff0000
40	anim11L	12	1	88532d
40	anim11L	13	1	924924
40	anim11L	14	2	663d6f
40	anim11L	15	1	8e5539
40	anim11L	16	3	ccffff
40	anim11L	17	1	808000
40	anim11L	18	3	dfdfdf
40	anim11L	19	3	d5d5d5
40	anim11L	20	1	804040
40	anim11L	21	1	806020
40	anim11R	1	2	9f59aa
40	anim11R	2	2	9f609f
40	anim11R	3	2	aa55aa
40	anim11R	4	2	90529b
40	anim11R	5	1	8b5d2e
40	anim11R	6	1	88532d
40	anim11R	7	1	804040
40	anim11R	8	2	75437e
40	anim11R	9	1	996633
40	anim11R	10	1	ff0000
40	anim11R	11	1	aa5555
40	anim11R	12	1	8e5539
40	anim11R	13	3	e0e6e9
40	anim11R	14	3	ffffff
40	anim11R	15	3	dfdfdf
40	anim11R	16	1	808000
40	anim11R	17	3	ccffff
40	anim11R	18	1	924924
40	anim11R	19	1	806020
40	anim11R	20	3	d5d5d5
40	anim12L	1	2	90529b
40	anim12L	2	2	9f59aa
40	anim12L	3	2	aa55aa
40	anim12L	4	2	996699
40	anim12L	5	1	88532d
40	anim12L	6	1	996633
40	anim12L	7	1	8b5d2e
40	anim12L	8	2	75437e
40	anim12L	9	1	8e5539
40	anim12L	10	1	aa5555
40	anim12L	11	3	ffffff
40	anim12L	12	3	e0e6e9
40	anim12L	13	3	dfdfdf
40	anim12L	14	1	804040
40	anim12L	15	2	663d6f
40	anim12L	16	1	808000
40	anim12L	17	3	ccffff
40	anim12L	18	1	806020
40	anim12L	19	3	d5d5d5
40	anim12L	20	1	ff0000
40	anim12L	21	1	924924
40	anim12R	1	2	aa55aa
40	anim12R	2	2	9f59aa
40	anim12R	3	2	9f609f
40	anim12R	4	2	90529b
40	anim12R	5	1	996633
40	anim12R	6	1	88532d
40	anim12R	7	1	8b5d2e
40	anim12R	8	1	804040
40	anim12R	9	1	8e5539
40	anim12R	10	1	aa5555
40	anim12R	11	1	924924
40	anim12R	12	1	808000
40	anim12R	13	3	e0e6e9
40	anim12R	14	3	ffffff
40	anim12R	15	3	dfdfdf
40	anim12R	16	3	ccffff
40	anim12R	17	1	ff0000
40	anim12R	18	1	806020
40	anim12R	19	3	d5d5d5
40	anim13L	1	2	90529b
40	anim13L	2	2	9f59aa
40	anim13L	3	2	aa55aa
40	anim13L	4	2	996699
40	anim13L	5	2	9249b6
40	anim13L	6	1	88532d
40	anim13L	7	1	996633
40	anim13L	8	1	8b5d2e
40	anim13L	9	2	75437e
40	anim13L	10	1	8e5539
40	anim13L	11	1	aa5555
40	anim13L	12	3	ffffff
40	anim13L	13	3	e0e6e9
40	anim13L	14	3	dfdfdf
40	anim13L	15	1	804040
40	anim13L	16	2	663d6f
40	anim13L	17	1	ff0000
40	anim13L	18	1	808000
40	anim13L	19	3	ccffff
40	anim13L	20	1	806020
40	anim13L	21	3	d5d5d5
40	anim13L	22	1	924924
40	anim13R	1	2	9f59aa
40	anim13R	2	2	9249b6
40	anim13R	3	2	996699
40	anim13R	4	2	aa55aa
40	anim13R	5	1	88532d
40	anim13R	6	1	aa5555
40	anim13R	7	2	75437e
40	anim13R	8	1	ff0000
40	anim13R	9	1	804040
40	anim13R	10	2	90529b
40	anim13R	11	1	996633
40	anim13R	12	1	8e5539
40	anim13R	13	3	ffffff
40	anim13R	14	3	e0e6e9
40	anim13R	15	3	d5d5d5
40	anim13R	16	3	dfdfdf
40	anim13R	17	1	8b5d2e
40	anim13R	18	3	ccffff
40	anim13R	19	1	808000
40	anim13R	20	1	924924
40	anim13R	21	1	806020
40	anim14L	1	2	90529b
40	anim14L	2	2	9f59aa
40	anim14L	3	2	aa55aa
40	anim14L	4	2	996699
40	anim14L	5	2	9d62b1
40	anim14L	6	2	8040bf
40	anim14L	7	2	9249b6
40	anim14L	8	1	88532d
40	anim14L	9	1	996633
40	anim14L	10	1	8b5d2e
40	anim14L	11	2	75437e
40	anim14L	12	1	8e5539
40	anim14L	13	1	aa5555
40	anim14L	14	3	ffffff
40	anim14L	15	3	e0e6e9
40	anim14L	16	3	dfdfdf
40	anim14L	17	1	804040
40	anim14L	18	2	663d6f
40	anim14L	19	1	ff0000
40	anim14L	20	1	808000
40	anim14L	21	3	ccffff
40	anim14L	22	1	806020
40	anim14L	23	3	d5d5d5
40	anim14L	24	1	924924
40	anim14R	1	2	9f59aa
40	anim14R	2	2	9d62b1
40	anim14R	3	2	8040bf
40	anim14R	4	2	aa55aa
40	anim14R	5	2	9249b6
40	anim14R	6	2	996699
40	anim14R	7	1	88532d
40	anim14R	8	1	806020
40	anim14R	9	1	8e5539
40	anim14R	10	2	90529b
40	anim14R	11	1	996633
40	anim14R	12	1	aa5555
40	anim14R	13	1	924924
40	anim14R	14	3	e0e6e9
40	anim14R	15	3	ffffff
40	anim14R	16	3	ccffff
40	anim14R	17	3	d5d5d5
40	anim14R	18	1	ff0000
40	anim14R	19	1	804040
40	anim14R	20	3	dfdfdf
40	anim14R	21	1	8b5d2e
40	anim14R	22	1	808000
40	anim15L	1	2	90529b
40	anim15L	2	2	9f59aa
40	anim15L	3	2	aa55aa
40	anim15L	4	2	996699
40	anim15L	5	2	9d62b1
40	anim15L	6	2	8040bf
40	anim15L	7	2	9249b6
40	anim15L	8	1	88532d
40	anim15L	9	1	996633
40	anim15L	10	1	8b5d2e
40	anim15L	11	2	75437e
40	anim15L	12	1	8e5539
40	anim15L	13	1	aa5555
40	anim15L	14	3	ffffff
40	anim15L	15	3	e0e6e9
40	anim15L	16	3	dfdfdf
40	anim15L	17	1	804040
40	anim15L	18	2	663d6f
40	anim15L	19	1	ff0000
40	anim15L	20	1	808000
40	anim15L	21	3	ccffff
40	anim15L	22	1	806020
40	anim15L	23	3	d5d5d5
40	anim15L	24	1	924924
40	anim15R	1	2	9f59aa
40	anim15R	2	2	9d62b1
40	anim15R	3	2	8040bf
40	anim15R	4	2	aa55aa
40	anim15R	5	2	9249b6
40	anim15R	6	2	996699
40	anim15R	7	1	88532d
40	anim15R	8	1	806020
40	anim15R	9	1	8e5539
40	anim15R	10	2	90529b
40	anim15R	11	1	996633
40	anim15R	12	1	aa5555
40	anim15R	13	1	924924
40	anim15R	14	3	e0e6e9
40	anim15R	15	3	ffffff
40	anim15R	16	3	ccffff
40	anim15R	17	3	d5d5d5
40	anim15R	18	1	ff0000
40	anim15R	19	1	8b5d2e
40	anim15R	20	1	804040
40	anim15R	21	3	dfdfdf
40	anim15R	22	1	808000
40	anim16L	1	2	9f59aa
40	anim16L	2	2	9d62b1
40	anim16L	3	2	aa55aa
40	anim16L	4	2	996699
40	anim16L	5	2	9249b6
40	anim16L	6	2	90529b
40	anim16L	7	2	8040bf
40	anim16L	8	1	88532d
40	anim16L	9	1	996633
40	anim16L	10	1	8e5539
40	anim16L	11	2	75437e
40	anim16L	12	1	aa5555
40	anim16L	13	1	ff0000
40	anim16L	14	3	ffffff
40	anim16L	15	3	e0e6e9
40	anim16L	16	1	924924
40	anim16L	17	3	d5d5d5
40	anim16L	18	1	8b5d2e
40	anim16L	19	3	dfdfdf
40	anim16L	20	1	808000
40	anim16L	21	3	ccffff
40	anim16L	22	1	806020
40	anim16L	23	1	804040
40	anim16R	1	2	9f59aa
40	anim16R	2	2	aa55aa
40	anim16R	3	2	8040bf
40	anim16R	4	2	90529b
40	anim16R	5	2	996699
40	anim16R	6	2	9d62b1
40	anim16R	7	1	ff0000
40	anim16R	8	1	88532d
40	anim16R	9	1	806020
40	anim16R	10	1	924924
40	anim16R	11	1	804040
40	anim16R	12	1	996633
40	anim16R	13	1	8e5539
40	anim16R	14	2	9249b6
40	anim16R	15	1	aa5555
40	anim16R	16	3	e0e6e9
40	anim16R	17	3	d5d5d5
40	anim16R	18	3	ffffff
40	anim16R	19	3	dfdfdf
40	anim16R	20	1	8b5d2e
40	anim16R	21	3	ccffff
40	anim16R	22	1	808000
40	anim17L	1	2	9d62b1
40	anim17L	2	2	9f59aa
40	anim17L	3	2	996699
40	anim17L	4	2	aa55aa
40	anim17L	5	2	90529b
40	anim17L	6	2	8040bf
40	anim17L	7	1	aa5555
40	anim17L	8	1	88532d
40	anim17L	9	1	996633
40	anim17L	10	1	8e5539
40	anim17L	11	1	ff0000
40	anim17L	12	2	9249b6
40	anim17L	13	3	e0e6e9
40	anim17L	14	3	ffffff
40	anim17L	15	1	806020
40	anim17L	16	1	8b5d2e
40	anim17L	17	1	924924
40	anim17L	18	3	dfdfdf
40	anim17L	19	1	808000
40	anim17L	20	2	75437e
40	anim17L	21	3	ccffff
40	anim17L	22	3	d5d5d5
40	anim17L	23	1	804040
40	anim17R	1	2	9f59aa
40	anim17R	2	2	9249b6
40	anim17R	3	2	90529b
40	anim17R	4	2	aa55aa
40	anim17R	5	2	9d62b1
40	anim17R	6	2	996699
40	anim17R	7	2	8040bf
40	anim17R	8	1	996633
40	anim17R	9	1	88532d
40	anim17R	10	1	8b5d2e
40	anim17R	11	1	8e5539
40	anim17R	12	1	aa5555
40	anim17R	13	2	663d6f
40	anim17R	14	1	808000
40	anim17R	15	3	ffffff
40	anim17R	16	1	924924
40	anim17R	17	3	e0e6e9
40	anim17R	18	3	dfdfdf
40	anim17R	19	1	ff0000
40	anim17R	20	3	d5d5d5
40	anim17R	21	1	806020
40	anim17R	22	3	ccffff
40	anim17R	23	1	804040
40	anim18L	1	1	88532d
40	anim18L	2	1	ff0000
40	anim18L	3	1	996633
40	anim18L	4	1	8e5539
40	anim18L	5	1	aa5555
40	anim18L	6	2	9f59aa
40	anim18L	7	2	9d62b1
40	anim18L	8	2	aa55aa
40	anim18L	9	3	e0e6e9
40	anim18L	10	2	996699
40	anim18L	11	3	ffffff
40	anim18L	12	1	8b5d2e
40	anim18L	13	2	9249b6
40	anim18L	14	2	90529b
40	anim18L	15	2	8040bf
40	anim18L	16	1	806020
40	anim18L	17	3	dfdfdf
40	anim18L	18	1	924924
40	anim18L	19	1	808000
40	anim18L	20	2	75437e
40	anim18L	21	3	d5d5d5
40	anim18L	22	3	ccffff
40	anim18L	23	1	804040
40	anim18R	1	1	806020
40	anim18R	2	1	88532d
40	anim18R	3	2	90529b
40	anim18R	4	2	aa55aa
40	anim18R	5	2	9f59aa
40	anim18R	6	2	9d62b1
40	anim18R	7	2	996699
40	anim18R	8	1	8b5d2e
40	anim18R	9	2	9249b6
40	anim18R	10	1	aa5555
40	anim18R	11	1	8e5539
40	anim18R	12	2	8040bf
40	anim18R	13	1	996633
40	anim18R	14	3	e0e6e9
40	anim18R	15	1	ff0000
40	anim18R	16	3	ffffff
40	anim18R	17	3	ccffff
40	anim18R	18	1	808000
40	anim18R	19	1	804040
40	anim18R	20	3	dfdfdf
40	anim18R	21	1	924924
40	anim18R	22	3	d5d5d5
40	anim1L	1	2	9f59aa
40	anim1L	2	2	aa55aa
40	anim1L	3	2	90529b
40	anim1L	4	1	88532d
40	anim1L	5	2	75437e
40	anim1L	6	1	808000
40	anim1L	7	1	996633
40	anim1L	8	1	ff0000
40	anim1L	9	1	8e5539
40	anim1L	10	3	ffffff
40	anim1L	11	3	e0e6e9
40	anim1L	12	1	924924
40	anim1L	13	3	dfdfdf
40	anim1L	14	1	804040
40	anim1L	15	1	806020
40	anim1R	1	2	aa55aa
40	anim1R	2	2	9f59aa
40	anim1R	3	2	90529b
40	anim1R	4	1	996633
40	anim1R	5	2	75437e
40	anim1R	6	1	88532d
40	anim1R	7	1	8e5539
40	anim1R	8	3	ffffff
40	anim1R	9	3	e0e6e9
40	anim1R	10	1	ff0000
40	anim1R	11	1	808000
40	anim1R	12	1	804040
40	anim1R	13	3	dfdfdf
40	anim1R	14	1	924924
40	anim1R	15	1	806020
40	anim2L	1	2	9f59aa
40	anim2L	2	2	aa55aa
40	anim2L	3	2	90529b
40	anim2L	4	1	88532d
40	anim2L	5	2	75437e
40	anim2L	6	1	808000
40	anim2L	7	1	996633
40	anim2L	8	1	ff0000
40	anim2L	9	1	8e5539
40	anim2L	10	3	ffffff
40	anim2L	11	3	e0e6e9
40	anim2L	12	1	924924
40	anim2L	13	3	dfdfdf
40	anim2L	14	3	d5d5d5
40	anim2L	15	1	804040
40	anim2L	16	1	806020
40	anim2R	1	2	aa55aa
40	anim2R	2	2	9f59aa
40	anim2R	3	2	90529b
40	anim2R	4	1	996633
40	anim2R	5	2	75437e
40	anim2R	6	1	88532d
40	anim2R	7	1	8e5539
40	anim2R	8	3	ffffff
40	anim2R	9	3	e0e6e9
40	anim2R	10	1	ff0000
40	anim2R	11	1	808000
40	anim2R	12	1	804040
40	anim2R	13	3	dfdfdf
40	anim2R	14	3	d5d5d5
40	anim2R	15	1	924924
40	anim2R	16	1	806020
40	anim3L	1	2	9f59aa
40	anim3L	2	2	90529b
40	anim3L	3	2	aa55aa
40	anim3L	4	2	75437e
40	anim3L	5	3	ffffff
40	anim3L	6	3	e0e6e9
40	anim3L	7	3	dfdfdf
40	anim3L	8	1	996633
40	anim3L	9	1	8b5d2e
40	anim3L	10	1	8e5539
40	anim3L	11	1	88532d
40	anim3L	12	1	808000
40	anim3L	13	1	ff0000
40	anim3L	14	3	d5d5d5
40	anim3L	15	1	924924
40	anim3L	16	1	804040
40	anim3L	17	1	806020
40	anim3R	1	2	90529b
40	anim3R	2	2	9f59aa
40	anim3R	3	2	aa55aa
40	anim3R	4	2	75437e
40	anim3R	5	3	ffffff
40	anim3R	6	3	d5d5d5
40	anim3R	7	3	e0e6e9
40	anim3R	8	3	dfdfdf
40	anim3R	9	1	88532d
40	anim3R	10	1	996633
40	anim3R	11	1	8e5539
40	anim3R	12	1	806020
40	anim3R	13	1	ff0000
40	anim3R	14	1	808000
40	anim3R	15	1	804040
40	anim3R	16	1	924924
40	dieL	1	2	9f59aa
40	dieL	2	2	90529b
40	dieL	3	2	aa55aa
40	dieL	4	3	ffffff
40	dieL	5	3	e0e6e9
40	dieL	6	2	75437e
40	dieL	7	1	88532d
40	dieL	8	3	dfdfdf
40	dieL	9	1	8e5539
40	dieL	10	1	996633
40	dieL	11	1	808000
40	dieL	12	1	ff0000
40	dieL	13	1	804040
40	dieL	14	1	806020
40	dieL	15	2	663d6f
40	dieR	1	2	9f59aa
40	dieR	2	2	aa55aa
40	dieR	3	2	90529b
40	dieR	4	3	e0e6e9
40	dieR	5	3	ffffff
40	dieR	6	1	806020
40	dieR	7	1	8e5539
40	dieR	8	1	88532d
40	dieR	9	3	dfdfdf
40	dieR	10	1	ff0000
40	dieR	11	1	996633
40	dieR	12	2	75437e
40	dieR	13	1	804040
40	dieR	14	1	808000
40	dieR	15	2	663d6f
40	hitL	1	2	9f59aa
40	hitL	2	2	75437e
40	hitL	3	2	90529b
40	hitL	4	3	ffffff
40	hitL	5	3	e0e6e9
40	hitL	6	1	88532d
40	hitL	7	1	996633
40	hitL	8	1	8e5539
40	hitL	9	3	dfdfdf
40	hitL	10	1	806020
40	hitL	11	1	808000
40	hitL	12	1	ff0000
40	hitL	13	1	804040
40	hitR	1	2	9f59aa
40	hitR	2	2	90529b
40	hitR	3	3	ffffff
40	hitR	4	3	e0e6e9
40	hitR	5	1	88532d
40	hitR	6	1	8e5539
40	hitR	7	1	996633
40	hitR	8	3	dfdfdf
40	hitR	9	1	808000
40	hitR	10	1	804040
40	hitR	11	1	ff0000
40	runB	1	1	808000
40	runB	2	1	806020
40	runB	3	1	88532d
40	runB	4	2	75437e
40	runB	5	2	663d6f
40	runB	6	1	8e5539
40	runB	7	1	804040
40	runB	8	2	90529b
40	runB	9	1	ff0000
40	runB	10	1	996633
40	runB	11	2	9f59aa
40	runB	12	3	e0e6e9
40	runB	13	3	ffffff
40	runB	14	3	dfdfdf
40	runF	1	2	9f59aa
40	runF	2	1	88532d
40	runF	3	3	ffffff
40	runF	4	3	e0e6e9
40	runF	5	1	8e5539
40	runF	6	1	806020
40	runF	7	1	996633
40	runF	8	2	75437e
40	runF	9	1	ff0000
40	runF	10	1	808000
40	runL	1	2	9f59aa
40	runL	2	2	75437e
40	runL	3	1	88532d
40	runL	4	3	e0e6e9
40	runL	5	3	ffffff
40	runL	6	1	808000
40	runL	7	1	8e5539
40	runL	8	1	996633
40	runL	9	2	663d6f
40	runL	10	1	ff0000
40	runL	11	1	806020
40	runR	1	2	9f59aa
40	runR	2	1	88532d
40	runR	3	2	75437e
40	runR	4	3	ffffff
40	runR	5	1	8e5539
40	runR	6	1	ff0000
40	runR	7	3	e0e6e9
40	runR	8	1	806020
40	runR	9	1	808000
40	runS	1	2	9f59aa
40	runS	2	2	75437e
40	runS	3	1	88532d
40	runS	4	1	8e5539
40	runS	5	3	e0e6e9
40	runS	6	3	ffffff
40	runS	7	1	ff0000
40	runS	8	1	806020
40	runS	9	1	808000
40	staticB	1	2	75437e
40	staticB	2	2	663d6f
40	staticB	3	2	9f59aa
40	staticB	4	3	e0e6e9
40	staticB	5	1	88532d
40	staticF	1	2	9f59aa
40	staticF	2	3	e0e6e9
40	staticF	3	1	88532d
40	staticL	1	2	9f59aa
40	staticL	2	2	75437e
40	staticL	3	3	e0e6e9
40	staticL	4	1	88532d
40	staticR	1	2	9f59aa
40	staticR	2	2	75437e
40	staticR	3	3	e0e6e9
40	staticR	4	1	88532d
40	staticS	1	2	9f59aa
40	staticS	2	3	e0e6e9
40	staticS	3	1	88532d
40	walkB	1	2	663d6f
40	walkB	2	2	75437e
40	walkB	3	2	9f59aa
40	walkB	4	3	e0e6e9
40	walkB	5	1	806020
40	walkB	6	1	88532d
40	walkB	7	1	8e5539
40	walkB	8	1	ff0000
40	walkF	1	2	9f59aa
40	walkF	2	2	75437e
40	walkF	3	3	e0e6e9
40	walkF	4	1	8e5539
40	walkF	5	1	88532d
40	walkF	6	1	806020
40	walkF	7	1	ff0000
40	walkL	1	2	9f59aa
40	walkL	2	2	75437e
40	walkL	3	3	e0e6e9
40	walkL	4	1	88532d
40	walkL	5	1	ff0000
40	walkR	1	2	9f59aa
40	walkR	2	2	75437e
40	walkR	3	2	663d6f
40	walkR	4	3	e0e6e9
40	walkR	5	1	88532d
40	walkR	6	1	ff0000
40	walkS	1	2	9f59aa
40	walkS	2	2	75437e
40	walkS	3	2	663d6f
40	walkS	4	3	e0e6e9
40	walkS	5	1	88532d
40	walkS	6	1	ff0000
41	anim0L	1	2	646196
41	anim0L	2	2	60609f
41	anim0L	3	2	0000ff
41	anim0L	4	2	808080
41	anim0L	5	2	806aaa
41	anim0L	6	2	5555aa
41	anim0L	7	2	6a679f
41	anim0L	8	2	6d6d92
41	anim0L	9	2	8080bf
41	anim0L	10	2	5b5b92
41	anim0L	11	2	8080aa
41	anim0L	12	2	6d6db6
41	anim0L	13	3	eabd81
41	anim0L	14	3	ffffff
41	anim0L	15	2	6c6cac
41	anim0L	16	2	7875b3
41	anim0L	17	3	ffce8c
41	anim0L	18	3	f6c88e
41	anim0L	19	3	494949
41	anim0L	20	3	ffd580
41	anim0L	21	3	ffdb92
41	anim0L	22	2	6666cc
41	anim0L	23	3	745d46
41	anim0L	24	3	cda775
41	anim0L	25	3	ffff80
41	anim0L	26	3	ffc489
41	anim0L	27	3	d8af79
41	anim0L	28	3	eac091
41	anim0L	29	3	6c6cac
41	anim0L	30	3	7474a2
41	anim0L	31	3	b49468
41	anim0L	32	3	8080ff
41	anim0L	33	3	e1ba92
41	anim0L	34	3	a1845e
41	anim0L	35	3	000000
41	anim0L	36	3	808080
41	anim0L	37	3	8080aa
41	anim0L	38	3	6d6db6
41	anim0L	39	2	535385
41	anim0L	40	2	242560
41	anim0L	41	3	8080bf
41	anim0L	42	3	0000ff
41	anim0L	43	2	383976
41	anim0L	44	3	d7b395
41	anim0L	45	3	9b8ba1
41	anim0L	46	3	7676b1
41	anim0L	47	3	bea39a
41	anim0L	48	3	666699
41	anim0L	49	3	5555aa
41	anim0L	50	3	aaaaaa
41	anim0L	51	3	a5929f
41	anim0L	52	3	ffbf80
41	anim0L	53	3	b59d9c
41	anim0L	54	3	ccac97
41	anim0L	55	1	646196
41	anim0R	1	2	646196
41	anim0R	2	2	6a679f
41	anim0R	3	2	5555aa
41	anim0R	4	2	6d6d92
41	anim0R	5	2	0000ff
41	anim0R	6	2	808080
41	anim0R	7	2	60609f
41	anim0R	8	2	8080aa
41	anim0R	9	2	5b5b92
41	anim0R	10	2	535385
41	anim0R	11	2	8080bf
41	anim0R	12	2	806aaa
41	anim0R	13	2	6d6db6
41	anim0R	14	3	ffffff
41	anim0R	15	3	ffdb92
41	anim0R	16	2	383976
41	anim0R	17	2	6666cc
41	anim0R	18	3	ffce8c
41	anim0R	19	2	6c6cac
41	anim0R	20	1	646196
41	anim0R	21	2	7875b3
41	anim0R	22	2	000000
41	anim0R	23	3	ffff80
41	anim0R	24	3	ffc489
41	anim0R	25	3	eabd81
41	anim0R	26	3	f6c88e
41	anim0R	27	3	6c6cac
41	anim0R	28	3	b49468
41	anim0R	29	3	6d6db6
41	anim0R	30	3	666699
41	anim0R	31	3	5555aa
41	anim0R	32	3	8080ff
41	anim0R	33	3	8080aa
41	anim0R	34	3	ffbf80
41	anim0R	35	3	eac091
41	anim0R	36	3	8080bf
41	anim0R	37	3	0000ff
41	anim0R	38	3	7474a2
41	anim0R	39	2	242560
41	anim0R	40	3	000000
41	anim0R	41	3	d8af79
41	anim0R	42	3	7676b1
41	anim0R	43	3	b59d9c
41	anim0R	44	3	ffd580
41	anim0R	45	3	ccac97
41	anim0R	46	3	d7b395
41	anim0R	47	3	4040bf
41	anim0R	48	3	6666cc
41	anim0R	49	3	a5929f
41	anim0R	50	3	808080
41	anim0R	51	3	9b8ba1
41	anim0R	52	3	bea39a
41	anim0R	53	3	aaaaaa
41	anim0R	54	3	e1ba92
41	anim0R	55	3	febf74
41	anim10L	1	2	7875b3
41	anim10L	2	2	8080bf
41	anim10L	3	2	0000ff
41	anim10L	4	2	5555aa
41	anim10L	5	2	6666cc
41	anim10L	6	2	808080
41	anim10L	7	2	646196
41	anim10L	8	2	60609f
41	anim10L	9	2	8080aa
41	anim10L	10	2	6d6db6
41	anim10L	11	2	6c6cac
41	anim10L	12	2	5b5b92
41	anim10L	13	2	6a679f
41	anim10L	14	2	806aaa
41	anim10L	15	2	535385
41	anim10L	16	2	6d6d92
41	anim10L	17	3	ffdb92
41	anim10L	18	3	ffc489
41	anim10L	19	3	ffce8c
41	anim10L	20	3	ffffff
41	anim10L	21	3	ffbf80
41	anim10L	22	3	ffcc99
41	anim10L	23	2	71558e
41	anim10L	24	3	ffcc80
41	anim10L	25	3	ffd580
41	anim10L	26	3	ffaaaa
41	anim10L	27	3	d9b07a
41	anim10L	28	3	eabd81
41	anim10L	29	3	f5c687
41	anim10L	30	3	e9c091
41	anim10L	31	3	000000
41	anim10L	32	3	b49468
41	anim10L	33	3	c9a371
41	anim10L	34	3	c09d6f
41	anim10L	35	3	333333
41	anim10L	36	3	a1845e
41	anim10L	37	3	867251
41	anim10L	38	3	202020
41	anim10L	39	3	745d46
41	anim10L	40	3	e0b993
41	anim10L	41	3	b59d9c
41	anim10L	42	3	666699
41	anim10L	43	3	6c6cac
41	anim10L	44	2	242560
41	anim10L	45	2	383976
41	anim10L	46	3	8080ff
41	anim10L	47	3	685d46
41	anim10L	48	3	8080bf
41	anim10L	49	3	554739
41	anim10L	50	3	ccac97
41	anim10L	51	3	917457
41	anim10L	52	3	5e5143
41	anim10L	53	3	0000ff
41	anim10L	54	3	bea39a
41	anim10L	55	3	a5929f
41	anim10L	56	3	6d6db6
41	anim10L	57	3	494949
41	anim10L	58	3	7474a2
41	anim10L	59	3	373724
41	anim10L	60	3	808080
41	anim10L	61	3	8e82a4
41	anim10L	62	3	8080aa
41	anim10L	63	3	6666cc
41	anim10L	64	3	7676b1
41	anim10L	65	3	7d77a8
41	anim10L	66	3	aaaaaa
41	anim10L	67	3	d5b295
41	anim10L	68	3	9b8ba1
41	anim10L	69	3	ffff80
41	anim10L	70	3	5555aa
41	anim10L	71	3	6262b1
41	anim10L	72	1	646196
41	anim10R	1	2	7875b3
41	anim10R	2	2	8080aa
41	anim10R	3	2	6d6db6
41	anim10R	4	2	6c6cac
41	anim10R	5	2	0000ff
41	anim10R	6	2	8080bf
41	anim10R	7	2	6666cc
41	anim10R	8	2	808080
41	anim10R	9	2	5555aa
41	anim10R	10	2	6d6d92
41	anim10R	11	2	5b5b92
41	anim10R	12	2	646196
41	anim10R	13	2	806aaa
41	anim10R	14	2	60609f
41	anim10R	15	2	6a679f
41	anim10R	16	2	535385
41	anim10R	17	3	ffffff
41	anim10R	18	2	000000
41	anim10R	19	3	ffdb92
41	anim10R	20	2	383976
41	anim10R	21	3	ffce8c
41	anim10R	22	3	ffc489
41	anim10R	23	1	646196
41	anim10R	24	3	ffbf80
41	anim10R	25	3	333333
41	anim10R	26	3	ffaaaa
41	anim10R	27	3	ffff80
41	anim10R	28	3	eabd81
41	anim10R	29	3	d9b07a
41	anim10R	30	3	5e5143
41	anim10R	31	3	f5c687
41	anim10R	32	3	c9a371
41	anim10R	33	3	373724
41	anim10R	34	3	867251
41	anim10R	35	3	a1845e
41	anim10R	36	3	c09d6f
41	anim10R	37	3	e9c091
41	anim10R	38	3	e0b993
41	anim10R	39	3	1a1a1a
41	anim10R	40	3	242424
41	anim10R	41	3	af999e
41	anim10R	42	3	ccac97
41	anim10R	43	3	000000
41	anim10R	44	3	80809f
41	anim10R	45	3	aaaaaa
41	anim10R	46	3	666699
41	anim10R	47	3	745d46
41	anim10R	48	3	b49468
41	anim10R	49	3	554739
41	anim10R	50	3	917457
41	anim10R	51	3	808080
41	anim10R	52	3	494949
41	anim10R	53	3	bda29a
41	anim10R	54	3	6c6cac
41	anim10R	55	2	242560
41	anim10R	56	3	8080ff
41	anim10R	57	3	685d46
41	anim10R	58	3	8080bf
41	anim10R	59	3	6d6db6
41	anim10R	60	3	d5b295
41	anim10R	61	3	5555aa
41	anim10R	62	3	0000ff
41	anim10R	63	3	8080aa
41	anim10R	64	3	7676b1
41	anim10R	65	3	9b8ba1
41	anim10R	66	3	8e82a4
41	anim10R	67	3	a5929f
41	anim10R	68	2	aa55aa
41	anim10R	69	3	6262b1
41	anim10R	70	3	ffd580
41	anim10R	71	2	8055aa
41	anim10R	72	3	7474a2
41	anim11L	1	2	646196
41	anim11L	2	2	60609f
41	anim11L	3	2	6666cc
41	anim11L	4	2	6d6d92
41	anim11L	5	2	808080
41	anim11L	6	2	5555aa
41	anim11L	7	2	8080aa
41	anim11L	8	2	6a679f
41	anim11L	9	2	5b5b92
41	anim11L	10	2	535385
41	anim11L	11	2	0000ff
41	anim11L	12	2	71558e
41	anim11L	13	2	6d6db6
41	anim11L	14	2	7875b3
41	anim11L	15	2	806aaa
41	anim11L	16	2	8080bf
41	anim11L	17	3	ffffff
41	anim11L	18	3	ffcc99
41	anim11L	19	3	ffdb92
41	anim11L	20	3	ffce8c
41	anim11L	21	3	f5c687
41	anim11L	22	2	6c6cac
41	anim11L	23	3	b49468
41	anim11L	24	3	ffc489
41	anim11L	25	3	e9c091
41	anim11L	26	3	febf74
41	anim11L	27	3	ffd580
41	anim11L	28	3	d9b07a
41	anim11L	29	3	ffcc80
41	anim11L	30	3	eabd81
41	anim11L	31	3	000000
41	anim11L	32	3	ffaaaa
41	anim11L	33	3	a1845e
41	anim11L	34	3	917457
41	anim11L	35	3	a5929f
41	anim11L	36	3	e0b993
41	anim11L	37	3	554739
41	anim11L	38	3	666699
41	anim11L	39	3	0000ff
41	anim11L	40	3	6c6cac
41	anim11L	41	3	c09d6f
41	anim11L	42	3	ffbf80
41	anim11L	43	3	5555aa
41	anim11L	44	3	6262b1
41	anim11L	45	3	6d6db6
41	anim11L	46	3	8080bf
41	anim11L	47	3	8080ff
41	anim11L	48	3	808080
41	anim11L	49	2	242560
41	anim11L	50	2	383976
41	anim11L	51	3	7676b1
41	anim11L	52	3	7474a2
41	anim11L	53	3	b59d9c
41	anim11L	54	3	ffff80
41	anim11L	55	3	6666cc
41	anim11L	56	3	8e82a4
41	anim11L	57	3	8080aa
41	anim11L	58	3	7d77a8
41	anim11L	59	3	9b8ba1
41	anim11L	60	3	d5b295
41	anim11L	61	3	aaaaaa
41	anim11L	62	3	bea39a
41	anim11L	63	3	ccac97
41	anim11L	64	3	494949
41	anim11L	65	1	646196
41	anim11R	1	2	6d6d92
41	anim11R	2	2	646196
41	anim11R	3	2	5b5b92
41	anim11R	4	2	8080aa
41	anim11R	5	2	60609f
41	anim11R	6	2	6666cc
41	anim11R	7	2	71558e
41	anim11R	8	2	5555aa
41	anim11R	9	2	0000ff
41	anim11R	10	2	7875b3
41	anim11R	11	2	8080bf
41	anim11R	12	2	808080
41	anim11R	13	2	6a679f
41	anim11R	14	2	6d6db6
41	anim11R	15	2	806aaa
41	anim11R	16	2	535385
41	anim11R	17	3	ffffff
41	anim11R	18	2	000000
41	anim11R	19	3	ffdb92
41	anim11R	20	2	6c6cac
41	anim11R	21	3	ffce8c
41	anim11R	22	1	646196
41	anim11R	23	2	383976
41	anim11R	24	2	8055aa
41	anim11R	25	3	ffcc99
41	anim11R	26	3	d9b07a
41	anim11R	27	3	ffc489
41	anim11R	28	3	ffaaaa
41	anim11R	29	3	eabd81
41	anim11R	30	3	f5c687
41	anim11R	31	3	ffff80
41	anim11R	32	3	c9a371
41	anim11R	33	3	ffcc80
41	anim11R	34	3	c09d6f
41	anim11R	35	3	6d6db6
41	anim11R	36	3	8080ff
41	anim11R	37	3	ffbf80
41	anim11R	38	3	494949
41	anim11R	39	3	8080bf
41	anim11R	40	2	242560
41	anim11R	41	3	b49468
41	anim11R	42	3	554739
41	anim11R	43	3	6c6cac
41	anim11R	44	3	5555aa
41	anim11R	45	3	7676b1
41	anim11R	46	3	aaaaaa
41	anim11R	47	3	d5b295
41	anim11R	48	3	666699
41	anim11R	49	3	e9c091
41	anim11R	50	3	ffd580
41	anim11R	51	3	b59d9c
41	anim11R	52	3	9b8ba1
41	anim11R	53	3	8080aa
41	anim11R	54	3	a5929f
41	anim11R	55	3	0000ff
41	anim11R	56	3	8e82a4
41	anim11R	57	3	7474a2
41	anim11R	58	3	bea39a
41	anim11R	59	3	7d77a8
41	anim11R	60	3	e0b993
41	anim11R	61	3	ccac97
41	anim11R	62	3	6666cc
41	anim11R	63	3	808080
41	anim11R	64	1	000000
41	anim11R	65	3	6262b1
41	anim12L	1	2	646196
41	anim12L	2	2	60609f
41	anim12L	3	2	6666cc
41	anim12L	4	2	6d6d92
41	anim12L	5	2	808080
41	anim12L	6	2	5555aa
41	anim12L	7	2	8080aa
41	anim12L	8	2	6a679f
41	anim12L	9	2	5b5b92
41	anim12L	10	2	535385
41	anim12L	11	2	0000ff
41	anim12L	12	2	71558e
41	anim12L	13	2	6d6db6
41	anim12L	14	2	7875b3
41	anim12L	15	2	806aaa
41	anim12L	16	2	8080bf
41	anim12L	17	3	ffffff
41	anim12L	18	3	ffcc99
41	anim12L	19	3	ffdb92
41	anim12L	20	3	ffce8c
41	anim12L	21	3	f5c687
41	anim12L	22	2	6c6cac
41	anim12L	23	3	b49468
41	anim12L	24	3	ffc489
41	anim12L	25	3	e9c091
41	anim12L	26	3	febf74
41	anim12L	27	3	ffd580
41	anim12L	28	3	d9b07a
41	anim12L	29	3	ffcc80
41	anim12L	30	3	eabd81
41	anim12L	31	3	000000
41	anim12L	32	3	ffaaaa
41	anim12L	33	3	a1845e
41	anim12L	34	3	917457
41	anim12L	35	3	a5929f
41	anim12L	36	3	e0b993
41	anim12L	37	3	554739
41	anim12L	38	3	666699
41	anim12L	39	3	0000ff
41	anim12L	40	3	6c6cac
41	anim12L	41	3	c09d6f
41	anim12L	42	3	ffbf80
41	anim12L	43	3	5555aa
41	anim12L	44	3	6262b1
41	anim12L	45	3	6d6db6
41	anim12L	46	3	8080bf
41	anim12L	47	3	8080ff
41	anim12L	48	3	808080
41	anim12L	49	2	333366
41	anim12L	50	2	383976
41	anim12L	51	2	242560
41	anim12L	52	3	7676b1
41	anim12L	53	3	7474a2
41	anim12L	54	2	1a1a66
41	anim12L	55	3	b59d9c
41	anim12L	56	3	ffff80
41	anim12L	57	3	6666cc
41	anim12L	58	3	8e82a4
41	anim12L	59	3	8080aa
41	anim12L	60	3	7d77a8
41	anim12L	61	3	9889a3
41	anim12L	62	3	d5b295
41	anim12L	63	3	e3aa8e
41	anim12L	64	3	aaaaaa
41	anim12L	65	3	c2a599
41	anim12L	66	3	ccac97
41	anim12L	67	3	494949
41	anim12L	68	1	646196
41	anim12R	1	2	6d6d92
41	anim12R	2	2	646196
41	anim12R	3	2	5b5b92
41	anim12R	4	2	8080aa
41	anim12R	5	2	60609f
41	anim12R	6	2	6666cc
41	anim12R	7	2	71558e
41	anim12R	8	2	5555aa
41	anim12R	9	2	0000ff
41	anim12R	10	2	7875b3
41	anim12R	11	2	8080bf
41	anim12R	12	2	808080
41	anim12R	13	2	6a679f
41	anim12R	14	2	6d6db6
41	anim12R	15	2	806aaa
41	anim12R	16	2	535385
41	anim12R	17	3	ffffff
41	anim12R	18	2	000000
41	anim12R	19	3	ffdb92
41	anim12R	20	2	6c6cac
41	anim12R	21	3	ffce8c
41	anim12R	22	1	646196
41	anim12R	23	2	383976
41	anim12R	24	2	8055aa
41	anim12R	25	3	ffcc99
41	anim12R	26	3	d9b07a
41	anim12R	27	3	ffc489
41	anim12R	28	3	ffaaaa
41	anim12R	29	3	eabd81
41	anim12R	30	3	f5c687
41	anim12R	31	3	ffff80
41	anim12R	32	3	c9a371
41	anim12R	33	3	ffcc80
41	anim12R	34	3	c09d6f
41	anim12R	35	3	6d6db6
41	anim12R	36	3	8080ff
41	anim12R	37	3	ffbf80
41	anim12R	38	3	494949
41	anim12R	39	3	8080bf
41	anim12R	40	2	242560
41	anim12R	41	3	b49468
41	anim12R	42	3	554739
41	anim12R	43	3	6c6cac
41	anim12R	44	3	5555aa
41	anim12R	45	3	7676b1
41	anim12R	46	3	aaaaaa
41	anim12R	47	3	d5b295
41	anim12R	48	3	666699
41	anim12R	49	3	e9c091
41	anim12R	50	3	ffd580
41	anim12R	51	3	b59d9c
41	anim12R	52	3	9b8ba1
41	anim12R	53	3	8080aa
41	anim12R	54	3	a5929f
41	anim12R	55	3	0000ff
41	anim12R	56	3	8e82a4
41	anim12R	57	3	7474a2
41	anim12R	58	3	bea39a
41	anim12R	59	3	7d77a8
41	anim12R	60	3	e0b993
41	anim12R	61	3	ccac97
41	anim12R	62	3	6666cc
41	anim12R	63	3	808080
41	anim12R	64	1	000000
41	anim12R	65	3	6262b1
41	anim13L	1	2	646196
41	anim13L	2	2	60609f
41	anim13L	3	2	6666cc
41	anim13L	4	2	6d6d92
41	anim13L	5	2	808080
41	anim13L	6	2	5555aa
41	anim13L	7	2	6a679f
41	anim13L	8	2	5b5b92
41	anim13L	9	2	8080aa
41	anim13L	10	2	0000ff
41	anim13L	11	2	71558e
41	anim13L	12	2	535385
41	anim13L	13	2	6d6db6
41	anim13L	14	2	806aaa
41	anim13L	15	2	8080bf
41	anim13L	16	3	ffffff
41	anim13L	17	3	ffcc99
41	anim13L	18	3	ffdb92
41	anim13L	19	3	ffce8c
41	anim13L	20	3	f5c687
41	anim13L	21	2	6c6cac
41	anim13L	22	3	ffd580
41	anim13L	23	3	b49468
41	anim13L	24	3	ffff80
41	anim13L	25	3	febf74
41	anim13L	26	3	e9c091
41	anim13L	27	3	ffaaaa
41	anim13L	28	2	7875b3
41	anim13L	29	3	d9b07a
41	anim13L	30	3	ffcc80
41	anim13L	31	3	eabd81
41	anim13L	32	3	000000
41	anim13L	33	3	494949
41	anim13L	34	3	e0b993
41	anim13L	35	3	a1845e
41	anim13L	36	3	8d7257
41	anim13L	37	3	a5929f
41	anim13L	38	3	554739
41	anim13L	39	3	666699
41	anim13L	40	3	0000ff
41	anim13L	41	3	6c6cac
41	anim13L	42	3	d3b196
41	anim13L	43	3	c9a371
41	anim13L	44	3	c09d6f
41	anim13L	45	3	5555aa
41	anim13L	46	3	6262b1
41	anim13L	47	3	6d6db6
41	anim13L	48	3	8080bf
41	anim13L	49	3	ffbf80
41	anim13L	50	3	ffc489
41	anim13L	51	3	8080ff
41	anim13L	52	3	808080
41	anim13L	53	2	333366
41	anim13L	54	2	383976
41	anim13L	55	2	242560
41	anim13L	56	3	7676b1
41	anim13L	57	3	7474a2
41	anim13L	58	2	1a1a66
41	anim13L	59	3	aaaaaa
41	anim13L	60	3	b0999d
41	anim13L	61	3	6666cc
41	anim13L	62	3	8e82a4
41	anim13L	63	3	8080aa
41	anim13L	64	3	7d77a8
41	anim13L	65	3	9889a3
41	anim13L	66	3	e3aa8e
41	anim13L	67	3	bda29a
41	anim13L	68	3	c9aa97
41	anim13L	69	1	5555aa
41	anim13L	70	1	646196
41	anim13R	1	2	646196
41	anim13R	2	2	60609f
41	anim13R	3	2	0000ff
41	anim13R	4	2	6d6d92
41	anim13R	5	2	808080
41	anim13R	6	2	71558e
41	anim13R	7	2	5b5b92
41	anim13R	8	2	806aaa
41	anim13R	9	2	8080bf
41	anim13R	10	2	7875b3
41	anim13R	11	2	6c6cac
41	anim13R	12	2	535385
41	anim13R	13	2	6666cc
41	anim13R	14	2	5555aa
41	anim13R	15	2	8080aa
41	anim13R	16	2	6a679f
41	anim13R	17	3	ffffff
41	anim13R	18	3	ffdb92
41	anim13R	19	2	383976
41	anim13R	20	3	ffce8c
41	anim13R	21	3	ffcc99
41	anim13R	22	1	646196
41	anim13R	23	2	333366
41	anim13R	24	2	000000
41	anim13R	25	2	8055aa
41	anim13R	26	3	ffcc80
41	anim13R	27	3	ffc489
41	anim13R	28	3	e9c091
41	anim13R	29	3	eabd81
41	anim13R	30	1	5555aa
41	anim13R	31	3	f5c687
41	anim13R	32	2	6d6db6
41	anim13R	33	3	000000
41	anim13R	34	3	ffff80
41	anim13R	35	3	d9b07a
41	anim13R	36	3	6c6cac
41	anim13R	37	3	ffd580
41	anim13R	38	3	7676b1
41	anim13R	39	3	8080ff
41	anim13R	40	3	ffbf80
41	anim13R	41	3	c9a371
41	anim13R	42	3	808080
41	anim13R	43	3	5555aa
41	anim13R	44	3	8080bf
41	anim13R	45	3	6d6db6
41	anim13R	46	2	242560
41	anim13R	47	3	0000ff
41	anim13R	48	3	b49468
41	anim13R	49	3	666699
41	anim13R	50	3	917457
41	anim13R	51	3	7474a2
41	anim13R	52	3	aaaaaa
41	anim13R	53	3	8080aa
41	anim13R	54	3	d5b295
41	anim13R	55	3	b49c9d
41	anim13R	56	3	e0b993
41	anim13R	57	3	ccac97
41	anim13R	58	3	a5929f
41	anim13R	59	3	bda29a
41	anim13R	60	3	9889a3
41	anim13R	61	3	ffaaaa
41	anim13R	62	3	8e82a4
41	anim13R	63	3	7d77a8
41	anim13R	64	3	6262b1
41	anim13R	65	1	000000
41	anim14L	1	2	646196
41	anim14L	2	2	60609f
41	anim14L	3	2	6666cc
41	anim14L	4	2	6d6d92
41	anim14L	5	2	808080
41	anim14L	6	2	5555aa
41	anim14L	7	2	6969a3
41	anim14L	8	2	5b5b92
41	anim14L	9	2	8080aa
41	anim14L	10	2	0000ff
41	anim14L	11	2	71558e
41	anim14L	12	2	535385
41	anim14L	13	2	6d6db6
41	anim14L	14	2	806aaa
41	anim14L	15	2	8080bf
41	anim14L	16	3	ffffff
41	anim14L	17	3	ffcc99
41	anim14L	18	3	ffdb92
41	anim14L	19	3	ffce8c
41	anim14L	20	3	f5c687
41	anim14L	21	2	6c6cac
41	anim14L	22	3	ffd580
41	anim14L	23	3	b49468
41	anim14L	24	3	ffff80
41	anim14L	25	3	febf74
41	anim14L	26	3	e9c091
41	anim14L	27	3	ffaaaa
41	anim14L	28	2	7875b3
41	anim14L	29	3	d9b07a
41	anim14L	30	3	ffcc80
41	anim14L	31	3	eabd81
41	anim14L	32	3	000000
41	anim14L	33	3	494949
41	anim14L	34	3	e0b993
41	anim14L	35	3	a1845e
41	anim14L	36	3	8d7257
41	anim14L	37	3	aa959e
41	anim14L	38	3	554739
41	anim14L	39	3	666699
41	anim14L	40	3	0000ff
41	anim14L	41	3	6c6cac
41	anim14L	42	3	d3b196
41	anim14L	43	3	c9a371
41	anim14L	44	3	c09d6f
41	anim14L	45	3	5555aa
41	anim14L	46	3	6262b1
41	anim14L	47	3	6d6db6
41	anim14L	48	3	8080bf
41	anim14L	49	3	ffbf80
41	anim14L	50	3	ffc489
41	anim14L	51	3	8080ff
41	anim14L	52	3	808080
41	anim14L	53	2	333366
41	anim14L	54	2	383976
41	anim14L	55	2	242560
41	anim14L	56	3	7676b1
41	anim14L	57	3	7474a2
41	anim14L	58	2	1a1a66
41	anim14L	59	3	aaaaaa
41	anim14L	60	3	9f8ea1
41	anim14L	61	3	b49c9d
41	anim14L	62	3	6666cc
41	anim14L	63	3	8a80a5
41	anim14L	64	3	8080aa
41	anim14L	65	3	9688a3
41	anim14L	66	3	7d77a8
41	anim14L	67	3	e3aa8e
41	anim14L	68	3	bda29a
41	anim14L	69	3	caab97
41	anim14L	70	1	5555aa
41	anim14L	71	1	646196
41	anim14R	1	2	646196
41	anim14R	2	2	60609f
41	anim14R	3	2	0000ff
41	anim14R	4	2	6d6d92
41	anim14R	5	2	808080
41	anim14R	6	2	71558e
41	anim14R	7	2	5b5b92
41	anim14R	8	2	806aaa
41	anim14R	9	2	8080bf
41	anim14R	10	2	7875b3
41	anim14R	11	2	6c6cac
41	anim14R	12	2	535385
41	anim14R	13	2	6666cc
41	anim14R	14	2	5555aa
41	anim14R	15	2	8080aa
41	anim14R	16	2	6969a3
41	anim14R	17	3	ffffff
41	anim14R	18	3	ffdb92
41	anim14R	19	2	383976
41	anim14R	20	3	ffce8c
41	anim14R	21	3	ffcc99
41	anim14R	22	1	646196
41	anim14R	23	2	333366
41	anim14R	24	2	000000
41	anim14R	25	2	8055aa
41	anim14R	26	3	ffcc80
41	anim14R	27	3	ffc489
41	anim14R	28	3	e9c091
41	anim14R	29	3	eabd81
41	anim14R	30	1	5555aa
41	anim14R	31	3	f5c687
41	anim14R	32	2	6d6db6
41	anim14R	33	3	000000
41	anim14R	34	3	ffff80
41	anim14R	35	3	d9b07a
41	anim14R	36	3	6c6cac
41	anim14R	37	3	ffd580
41	anim14R	38	3	7676b1
41	anim14R	39	3	8080ff
41	anim14R	40	3	ffbf80
41	anim14R	41	3	c9a371
41	anim14R	42	3	808080
41	anim14R	43	3	5555aa
41	anim14R	44	3	8080bf
41	anim14R	45	3	6d6db6
41	anim14R	46	2	242560
41	anim14R	47	3	0000ff
41	anim14R	48	3	b49468
41	anim14R	49	3	666699
41	anim14R	50	3	967b57
41	anim14R	51	3	7474a2
41	anim14R	52	3	aaaaaa
41	anim14R	53	3	8080aa
41	anim14R	54	3	d3b196
41	anim14R	55	3	b0999d
41	anim14R	56	3	e0b993
41	anim14R	57	3	a5929f
41	anim14R	58	3	bda29a
41	anim14R	59	3	c9aa97
41	anim14R	60	3	9889a3
41	anim14R	61	3	ffaaaa
41	anim14R	62	3	8e82a4
41	anim14R	63	3	7d77a8
41	anim14R	64	3	6262b1
41	anim14R	65	1	000000
41	anim15L	1	2	646196
41	anim15L	2	2	60609f
41	anim15L	3	2	6666cc
41	anim15L	4	2	6d6d92
41	anim15L	5	2	808080
41	anim15L	6	2	5555aa
41	anim15L	7	2	8080aa
41	anim15L	8	2	6969a3
41	anim15L	9	2	5b5b92
41	anim15L	10	2	535385
41	anim15L	11	2	0000ff
41	anim15L	12	2	71558e
41	anim15L	13	2	6d6db6
41	anim15L	14	2	7875b3
41	anim15L	15	2	806aaa
41	anim15L	16	2	8080bf
41	anim15L	17	3	ffffff
41	anim15L	18	3	ffcc99
41	anim15L	19	3	ffdb92
41	anim15L	20	3	ffce8c
41	anim15L	21	3	f5c687
41	anim15L	22	2	6c6cac
41	anim15L	23	3	ffbf80
41	anim15L	24	3	b49468
41	anim15L	25	3	ffc489
41	anim15L	26	3	e9c091
41	anim15L	27	3	ffaaaa
41	anim15L	28	3	d9b07a
41	anim15L	29	3	ffcc80
41	anim15L	30	3	8a80a5
41	anim15L	31	3	eabd81
41	anim15L	32	3	000000
41	anim15L	33	3	e0b993
41	anim15L	34	3	a1845e
41	anim15L	35	3	8d7257
41	anim15L	36	3	aa959e
41	anim15L	37	3	554739
41	anim15L	38	3	ffd580
41	anim15L	39	3	666699
41	anim15L	40	3	0000ff
41	anim15L	41	3	6c6cac
41	anim15L	42	3	b59d9c
41	anim15L	43	3	967b57
41	anim15L	44	3	cfa974
41	anim15L	45	3	c09d6f
41	anim15L	46	3	5555aa
41	anim15L	47	3	6262b1
41	anim15L	48	3	8080bf
41	anim15L	49	3	6d6db6
41	anim15L	50	3	8080ff
41	anim15L	51	3	808080
41	anim15L	52	2	333366
41	anim15L	53	2	383976
41	anim15L	54	2	242560
41	anim15L	55	3	7676b1
41	anim15L	56	3	7474a2
41	anim15L	57	2	1a1a66
41	anim15L	58	3	9f8ea1
41	anim15L	59	3	ffff80
41	anim15L	60	3	6666cc
41	anim15L	61	3	8080aa
41	anim15L	62	3	9688a3
41	anim15L	63	3	7d77a8
41	anim15L	64	3	d3b196
41	anim15L	65	3	e3aa8e
41	anim15L	66	3	aaaaaa
41	anim15L	67	3	c2a599
41	anim15L	68	3	febf74
41	anim15L	69	1	5555aa
41	anim15L	70	1	646196
41	anim15R	1	2	6d6db6
41	anim15R	2	2	646196
41	anim15R	3	2	5b5b92
41	anim15R	4	2	8080aa
41	anim15R	5	2	60609f
41	anim15R	6	2	6666cc
41	anim15R	7	2	71558e
41	anim15R	8	2	5555aa
41	anim15R	9	2	0000ff
41	anim15R	10	2	7875b3
41	anim15R	11	2	8080bf
41	anim15R	12	2	808080
41	anim15R	13	2	6d6d92
41	anim15R	14	2	806aaa
41	anim15R	15	2	6969a3
41	anim15R	16	2	535385
41	anim15R	17	3	ffffff
41	anim15R	18	2	000000
41	anim15R	19	3	ffdb92
41	anim15R	20	2	6c6cac
41	anim15R	21	3	ffce8c
41	anim15R	22	1	646196
41	anim15R	23	2	383976
41	anim15R	24	2	8055aa
41	anim15R	25	3	ffcc99
41	anim15R	26	3	d9b07a
41	anim15R	27	3	ffc489
41	anim15R	28	3	eabd81
41	anim15R	29	3	f5c687
41	anim15R	30	3	ffff80
41	anim15R	31	3	ffbf80
41	anim15R	32	3	cfa974
41	anim15R	33	3	ffd580
41	anim15R	34	3	c09d6f
41	anim15R	35	3	6d6db6
41	anim15R	36	3	8080ff
41	anim15R	37	3	ffcc80
41	anim15R	38	3	494949
41	anim15R	39	3	8080bf
41	anim15R	40	2	242560
41	anim15R	41	3	ffaaaa
41	anim15R	42	3	b49468
41	anim15R	43	3	554739
41	anim15R	44	3	6c6cac
41	anim15R	45	3	5555aa
41	anim15R	46	3	7676b1
41	anim15R	47	3	aaaaaa
41	anim15R	48	3	d3b196
41	anim15R	49	3	666699
41	anim15R	50	2	333366
41	anim15R	51	3	9688a3
41	anim15R	52	3	8080aa
41	anim15R	53	3	aa959e
41	anim15R	54	3	0000ff
41	anim15R	55	3	e9c091
41	anim15R	56	3	8a80a5
41	anim15R	57	3	bda29a
41	anim15R	58	3	b49c9d
41	anim15R	59	3	e0b993
41	anim15R	60	3	6666cc
41	anim15R	61	3	808080
41	anim15R	62	3	7474a2
41	anim15R	63	1	000000
41	anim15R	64	1	5555aa
41	anim15R	65	3	6262b1
41	anim15R	66	2	1a1a66
41	anim16L	1	2	646196
41	anim16L	2	2	60609f
41	anim16L	3	2	6666cc
41	anim16L	4	2	5d5d8b
41	anim16L	5	2	808080
41	anim16L	6	2	5555aa
41	anim16L	7	2	6969a3
41	anim16L	8	2	6d6d92
41	anim16L	9	2	8080aa
41	anim16L	10	2	0000ff
41	anim16L	11	2	71558e
41	anim16L	12	2	535385
41	anim16L	13	2	6d6db6
41	anim16L	14	2	806aaa
41	anim16L	15	2	8080bf
41	anim16L	16	3	ffffff
41	anim16L	17	3	ffcc99
41	anim16L	18	3	ffdb92
41	anim16L	19	3	ffce8c
41	anim16L	20	3	f5c687
41	anim16L	21	2	6c6cac
41	anim16L	22	3	ffd580
41	anim16L	23	3	b49468
41	anim16L	24	3	ffff80
41	anim16L	25	3	febf74
41	anim16L	26	3	e9c091
41	anim16L	27	3	ffaaaa
41	anim16L	28	2	7875b3
41	anim16L	29	3	d9b07a
41	anim16L	30	3	ffcc80
41	anim16L	31	3	eabd81
41	anim16L	32	3	000000
41	anim16L	33	3	494949
41	anim16L	34	3	e0b993
41	anim16L	35	3	a1845e
41	anim16L	36	3	8d7257
41	anim16L	37	3	aa959e
41	anim16L	38	3	554739
41	anim16L	39	3	666699
41	anim16L	40	3	0000ff
41	anim16L	41	3	6c6cac
41	anim16L	42	3	d3b196
41	anim16L	43	3	cfa974
41	anim16L	44	3	c09d6f
41	anim16L	45	3	5555aa
41	anim16L	46	3	6d6db6
41	anim16L	47	3	8080bf
41	anim16L	48	3	ffbf80
41	anim16L	49	3	ffc489
41	anim16L	50	3	8080ff
41	anim16L	51	3	808080
41	anim16L	52	2	333366
41	anim16L	53	2	383976
41	anim16L	54	2	242560
41	anim16L	55	3	7676b1
41	anim16L	56	3	7474a2
41	anim16L	57	2	1a1a66
41	anim16L	58	3	aaaaaa
41	anim16L	59	3	9f8ea1
41	anim16L	60	3	b89e9c
41	anim16L	61	3	6666cc
41	anim16L	62	3	8a80a5
41	anim16L	63	3	8080aa
41	anim16L	64	3	9688a3
41	anim16L	65	3	7d77a8
41	anim16L	66	3	6161aa
41	anim16L	67	3	e3aa8e
41	anim16L	68	3	c2a599
41	anim16L	69	1	5555aa
41	anim16L	70	1	646196
41	anim16R	1	2	646196
41	anim16R	2	2	60609f
41	anim16R	3	2	0000ff
41	anim16R	4	2	6d6d92
41	anim16R	5	2	808080
41	anim16R	6	2	71558e
41	anim16R	7	2	5b5b92
41	anim16R	8	2	806aaa
41	anim16R	9	2	8080bf
41	anim16R	10	2	7875b3
41	anim16R	11	2	6c6cac
41	anim16R	12	2	535385
41	anim16R	13	2	6666cc
41	anim16R	14	2	5555aa
41	anim16R	15	2	8080aa
41	anim16R	16	2	6969a3
41	anim16R	17	3	ffffff
41	anim16R	18	3	ffdb92
41	anim16R	19	2	383976
41	anim16R	20	3	ffce8c
41	anim16R	21	3	ffcc99
41	anim16R	22	1	646196
41	anim16R	23	2	333366
41	anim16R	24	2	000000
41	anim16R	25	2	8055aa
41	anim16R	26	3	ffcc80
41	anim16R	27	3	ffc489
41	anim16R	28	3	e9c091
41	anim16R	29	3	eabd81
41	anim16R	30	1	5555aa
41	anim16R	31	3	f5c687
41	anim16R	32	2	6d6db6
41	anim16R	33	3	000000
41	anim16R	34	3	ffff80
41	anim16R	35	3	d9b07a
41	anim16R	36	3	6c6cac
41	anim16R	37	3	ffd580
41	anim16R	38	3	7676b1
41	anim16R	39	3	8080ff
41	anim16R	40	3	ffbf80
41	anim16R	41	3	cfa974
41	anim16R	42	3	808080
41	anim16R	43	3	5555aa
41	anim16R	44	3	8080bf
41	anim16R	45	3	c09d6f
41	anim16R	46	3	6d6db6
41	anim16R	47	2	242560
41	anim16R	48	3	0000ff
41	anim16R	49	3	b49468
41	anim16R	50	3	666699
41	anim16R	51	3	967b57
41	anim16R	52	3	7474a2
41	anim16R	53	3	aaaaaa
41	anim16R	54	3	8080aa
41	anim16R	55	3	d3b196
41	anim16R	56	3	aa959e
41	anim16R	57	3	e0b993
41	anim16R	58	3	9f8ea1
41	anim16R	59	3	bda29a
41	anim16R	60	3	caab97
41	anim16R	61	3	ffaaaa
41	anim16R	62	3	8a80a5
41	anim16R	63	3	7d77a8
41	anim16R	64	3	b49c9d
41	anim16R	65	3	6161aa
41	anim16R	66	1	000000
41	anim17L	1	2	5d5d8b
41	anim17L	2	2	646196
41	anim17L	3	2	60609f
41	anim17L	4	2	8080aa
41	anim17L	5	2	808080
41	anim17L	6	2	5555aa
41	anim17L	7	2	0000ff
41	anim17L	8	2	8080bf
41	anim17L	9	2	6666cc
41	anim17L	10	2	6d6d92
41	anim17L	11	2	6969a3
41	anim17L	12	2	7875b3
41	anim17L	13	2	71558e
41	anim17L	14	2	6c6cac
41	anim17L	15	2	806aaa
41	anim17L	16	3	ffffff
41	anim17L	17	3	ffce8c
41	anim17L	18	3	ffcc99
41	anim17L	19	3	ffbf80
41	anim17L	20	3	ffdb92
41	anim17L	21	2	6d6db6
41	anim17L	22	3	ffff80
41	anim17L	23	3	b49468
41	anim17L	24	3	eabd81
41	anim17L	25	3	171717
41	anim17L	26	3	e0b993
41	anim17L	27	3	e9c091
41	anim17L	28	3	c2a599
41	anim17L	29	3	a1845e
41	anim17L	30	3	8d7257
41	anim17L	31	3	d9b07a
41	anim17L	32	3	f5c687
41	anim17L	33	3	ffaaaa
41	anim17L	34	3	ffd580
41	anim17L	35	3	ffc489
41	anim17L	36	3	c09d6f
41	anim17L	37	3	cfa974
41	anim17L	38	3	967b57
41	anim17L	39	3	ffcc80
41	anim17L	40	3	745d46
41	anim17L	41	3	d3b196
41	anim17L	42	3	373724
41	anim17L	43	3	666699
41	anim17L	44	3	202020
41	anim17L	45	3	000000
41	anim17L	46	3	333333
41	anim17L	47	3	6c6cac
41	anim17L	48	3	5e5143
41	anim17L	49	3	808080
41	anim17L	50	3	6d6db6
41	anim17L	51	2	383976
41	anim17L	52	3	685d46
41	anim17L	53	2	535385
41	anim17L	54	2	242560
41	anim17L	55	2	333366
41	anim17L	56	3	8080ff
41	anim17L	57	2	1a1a66
41	anim17L	58	3	5d5db9
41	anim17L	59	3	8080bf
41	anim17L	60	3	7676b1
41	anim17L	61	3	5555aa
41	anim17L	62	3	0000ff
41	anim17L	63	3	7474a2
41	anim17L	64	3	9688a3
41	anim17L	65	3	9f8ea1
41	anim17L	66	3	8a80a5
41	anim17L	67	3	7d77a8
41	anim17L	68	3	6161aa
41	anim17L	69	3	8080aa
41	anim17L	70	3	b89e9c
41	anim17L	71	3	aa959e
41	anim17L	72	3	aaaaaa
41	anim17L	73	1	5555aa
41	anim17L	74	1	646196
41	anim17R	1	2	5555aa
41	anim17R	2	2	646196
41	anim17R	3	2	6d6db6
41	anim17R	4	2	5d5d8b
41	anim17R	5	2	60609f
41	anim17R	6	2	808080
41	anim17R	7	2	6969a3
41	anim17R	8	2	6d6d92
41	anim17R	9	2	0000ff
41	anim17R	10	2	806aaa
41	anim17R	11	2	6666cc
41	anim17R	12	2	8080bf
41	anim17R	13	2	7875b3
41	anim17R	14	2	8080aa
41	anim17R	15	2	535385
41	anim17R	16	3	ffdb92
41	anim17R	17	3	ffffff
41	anim17R	18	2	6c6cac
41	anim17R	19	3	ffce8c
41	anim17R	20	3	ffcc99
41	anim17R	21	2	383976
41	anim17R	22	2	333366
41	anim17R	23	1	646196
41	anim17R	24	3	ffd580
41	anim17R	25	3	ffbf80
41	anim17R	26	3	d9b07a
41	anim17R	27	3	eabd81
41	anim17R	28	1	5555aa
41	anim17R	29	3	554739
41	anim17R	30	3	000000
41	anim17R	31	3	d3b196
41	anim17R	32	2	000000
41	anim17R	33	3	f5c687
41	anim17R	34	3	ffc489
41	anim17R	35	3	b49468
41	anim17R	36	3	8d7257
41	anim17R	37	3	cfa974
41	anim17R	38	3	ffff80
41	anim17R	39	3	ffaaaa
41	anim17R	40	3	e9c091
41	anim17R	41	3	c09d6f
41	anim17R	42	3	202020
41	anim17R	43	3	c2a599
41	anim17R	44	3	8080aa
41	anim17R	45	3	333333
41	anim17R	46	3	6c6cac
41	anim17R	47	3	8080bf
41	anim17R	48	3	8080ff
41	anim17R	49	3	7474a2
41	anim17R	50	3	967b57
41	anim17R	51	3	5e5143
41	anim17R	52	3	6d6db6
41	anim17R	53	2	242560
41	anim17R	54	3	0000ff
41	anim17R	55	3	6666cc
41	anim17R	56	3	745d46
41	anim17R	57	3	7676b1
41	anim17R	58	3	666699
41	anim17R	59	3	a1845e
41	anim17R	60	3	8a80a5
41	anim17R	61	3	e0b993
41	anim17R	62	3	aa959e
41	anim17R	63	3	ffcc80
41	anim17R	64	3	808080
41	anim17R	65	3	9688a3
41	anim17R	66	2	1a1a66
41	anim17R	67	3	aaaaaa
41	anim17R	68	3	6161aa
41	anim17R	69	3	febf74
41	anim17R	70	3	7d77a8
41	anim17R	71	3	80809f
41	anim17R	72	3	9f8ea1
41	anim17R	73	3	5555aa
41	anim18L	1	2	8080bf
41	anim18L	2	2	7875b3
41	anim18L	3	2	6969a3
41	anim18L	4	2	646196
41	anim18L	5	2	6d6d92
41	anim18L	6	2	5555aa
41	anim18L	7	2	0000ff
41	anim18L	8	2	60609f
41	anim18L	9	2	808080
41	anim18L	10	2	5d5d8b
41	anim18L	11	2	6c6cac
41	anim18L	12	2	aa55aa
41	anim18L	13	2	535385
41	anim18L	14	2	6d6db6
41	anim18L	15	2	8080aa
41	anim18L	16	2	6666cc
41	anim18L	17	2	8055aa
41	anim18L	18	2	806aaa
41	anim18L	19	3	ffffff
41	anim18L	20	3	ffce8c
41	anim18L	21	3	ffc489
41	anim18L	22	3	ffdb92
41	anim18L	23	3	ad9067
41	anim18L	24	3	000000
41	anim18L	25	3	967b57
41	anim18L	26	3	494949
41	anim18L	27	3	ffcc99
41	anim18L	28	3	d9b07a
41	anim18L	29	3	f5c687
41	anim18L	30	3	eabd81
41	anim18L	31	3	8d7257
41	anim18L	32	3	b8976a
41	anim18L	33	3	c4a16e
41	anim18L	34	3	a1845e
41	anim18L	35	3	cda773
41	anim18L	36	3	e0b993
41	anim18L	37	3	ffd580
41	anim18L	38	3	ffbf80
41	anim18L	39	3	ffaaaa
41	anim18L	40	3	373724
41	anim18L	41	3	ffff80
41	anim18L	42	3	e9c091
41	anim18L	43	3	333333
41	anim18L	44	3	b79d9c
41	anim18L	45	3	d3b196
41	anim18L	46	3	1a1a1a
41	anim18L	47	3	c2a599
41	anim18L	48	3	5555aa
41	anim18L	49	3	808080
41	anim18L	50	3	242424
41	anim18L	51	3	8080aa
41	anim18L	52	3	554739
41	anim18L	53	3	745d46
41	anim18L	54	3	5e5143
41	anim18L	55	3	73664d
41	anim18L	56	3	685d46
41	anim18L	57	3	9e8ea1
41	anim18L	58	3	aaaaaa
41	anim18L	59	3	666699
41	anim18L	60	3	6c6cac
41	anim18L	61	3	8080ff
41	anim18L	62	3	9386a4
41	anim18L	63	3	7676b1
41	anim18L	64	2	333366
41	anim18L	65	2	242560
41	anim18L	66	3	7474a2
41	anim18L	67	3	6d6db6
41	anim18L	68	2	383976
41	anim18L	69	3	8080bf
41	anim18L	70	3	0000ff
41	anim18L	71	3	6666cc
41	anim18L	72	3	6161aa
41	anim18L	73	3	7d77a8
41	anim18L	74	3	8a80a5
41	anim18L	75	3	ac979e
41	anim18L	76	3	ffcc80
41	anim18L	77	3	5d5db9
41	anim18L	78	2	000000
41	anim18L	79	2	1a1a66
41	anim18L	80	1	646196
41	anim18L	81	1	5555aa
41	anim18R	1	2	7875b3
41	anim18R	2	2	8080bf
41	anim18R	3	2	6d6db6
41	anim18R	4	2	6c6cac
41	anim18R	5	2	646196
41	anim18R	6	2	5d5d8b
41	anim18R	7	2	71558e
41	anim18R	8	2	0000ff
41	anim18R	9	2	6969a3
41	anim18R	10	2	808080
41	anim18R	11	2	8080aa
41	anim18R	12	2	60609f
41	anim18R	13	2	5555aa
41	anim18R	14	2	535385
41	anim18R	15	2	6d6d92
41	anim18R	16	2	6666cc
41	anim18R	17	2	806aaa
41	anim18R	18	2	383976
41	anim18R	19	2	8055aa
41	anim18R	20	2	000000
41	anim18R	21	3	ffffff
41	anim18R	22	3	ffdb92
41	anim18R	23	2	333366
41	anim18R	24	3	ffce8c
41	anim18R	25	1	646196
41	anim18R	26	3	ffbf80
41	anim18R	27	3	ffc489
41	anim18R	28	3	ffcc80
41	anim18R	29	3	ffd580
41	anim18R	30	3	ffaaaa
41	anim18R	31	3	ffcc99
41	anim18R	32	2	aa55aa
41	anim18R	33	3	f5c687
41	anim18R	34	3	ffff80
41	anim18R	35	3	e9c091
41	anim18R	36	3	6c6cac
41	anim18R	37	3	7676b1
41	anim18R	38	3	8080bf
41	anim18R	39	3	6d6db6
41	anim18R	40	3	0000ff
41	anim18R	41	2	242560
41	anim18R	42	3	7474a2
41	anim18R	43	3	e0b993
41	anim18R	44	3	8080ff
41	anim18R	45	3	9688a3
41	anim18R	46	3	666699
41	anim18R	47	3	b89e9c
41	anim18R	48	3	d3b196
41	anim18R	49	3	808080
41	anim18R	50	3	aa959e
41	anim18R	51	3	8a80a5
41	anim18R	52	3	8080aa
41	anim18R	53	3	6161aa
41	anim18R	54	3	aaaaaa
41	anim18R	55	3	9f8ea1
41	anim18R	56	3	febf74
41	anim18R	57	3	7d77a8
41	anim18R	58	3	5555aa
41	anim18R	59	3	c2a599
41	anim18R	60	3	6666cc
41	anim18R	61	1	000000
41	anim18R	62	1	5555aa
41	anim1L	1	2	60609f
41	anim1L	2	2	646196
41	anim1L	3	2	5b5b92
41	anim1L	4	2	6a679f
41	anim1L	5	2	0000ff
41	anim1L	6	2	6d6d92
41	anim1L	7	2	808080
41	anim1L	8	2	535385
41	anim1L	9	2	6c6cac
41	anim1L	10	2	6666cc
41	anim1L	11	2	5555aa
41	anim1L	12	2	6d6db6
41	anim1L	13	2	7875b3
41	anim1L	14	2	8080aa
41	anim1L	15	2	8080bf
41	anim1L	16	3	ffdb92
41	anim1L	17	2	806aaa
41	anim1L	18	3	ffce8c
41	anim1L	19	3	ffffff
41	anim1L	20	3	f6c88e
41	anim1L	21	3	ffbf80
41	anim1L	22	3	eabd81
41	anim1L	23	3	ffaaaa
41	anim1L	24	3	e7be91
41	anim1L	25	3	ffff80
41	anim1L	26	3	d8af79
41	anim1L	27	3	ffd580
41	anim1L	28	3	a1845e
41	anim1L	29	3	ccac97
41	anim1L	30	3	000000
41	anim1L	31	3	494949
41	anim1L	32	3	aaaaaa
41	anim1L	33	3	5e5143
41	anim1L	34	2	000000
41	anim1L	35	3	b49468
41	anim1L	36	3	bf9c6c
41	anim1L	37	3	333333
41	anim1L	38	3	242424
41	anim1L	39	3	cda775
41	anim1L	40	3	867251
41	anim1L	41	3	dab594
41	anim1L	42	3	745d46
41	anim1L	43	3	bda29a
41	anim1L	44	3	808080
41	anim1L	45	2	aa55aa
41	anim1L	46	3	6c6cac
41	anim1L	47	3	a5929f
41	anim1L	48	3	8080bf
41	anim1L	49	3	7676b1
41	anim1L	50	2	383976
41	anim1L	51	3	6d6db6
41	anim1L	52	3	8080ff
41	anim1L	53	3	8e82a4
41	anim1L	54	3	ffc489
41	anim1L	55	3	af999e
41	anim1L	56	2	242560
41	anim1L	57	3	9b8ba1
41	anim1L	58	3	666699
41	anim1L	59	3	5555aa
41	anim1L	60	3	0000ff
41	anim1L	61	3	8080aa
41	anim1L	62	3	6262b1
41	anim1L	63	3	7474a2
41	anim1L	64	3	6666cc
41	anim1L	65	1	646196
41	anim1R	1	2	5b5b92
41	anim1R	2	2	646196
41	anim1R	3	2	60609f
41	anim1R	4	2	6d6db6
41	anim1R	5	2	6d6d92
41	anim1R	6	2	6a679f
41	anim1R	7	2	0000ff
41	anim1R	8	2	6c6cac
41	anim1R	9	2	5555aa
41	anim1R	10	2	808080
41	anim1R	11	2	806aaa
41	anim1R	12	2	8080aa
41	anim1R	13	2	8080bf
41	anim1R	14	2	535385
41	anim1R	15	2	242560
41	anim1R	16	3	ffffff
41	anim1R	17	3	ffdb92
41	anim1R	18	2	383976
41	anim1R	19	2	000000
41	anim1R	20	3	ffce8c
41	anim1R	21	1	646196
41	anim1R	22	2	7875b3
41	anim1R	23	3	ffd580
41	anim1R	24	2	6666cc
41	anim1R	25	3	ffbf80
41	anim1R	26	3	ffc489
41	anim1R	27	3	febf74
41	anim1R	28	3	ffff80
41	anim1R	29	3	eac091
41	anim1R	30	3	f6c88e
41	anim1R	31	3	eabd81
41	anim1R	32	3	6c6cac
41	anim1R	33	3	8080aa
41	anim1R	34	3	808080
41	anim1R	35	3	6d6db6
41	anim1R	36	3	8080bf
41	anim1R	37	3	0000ff
41	anim1R	38	3	8080ff
41	anim1R	39	3	9b8ba1
41	anim1R	40	3	7474a2
41	anim1R	41	3	b59d9c
41	anim1R	42	3	7676b1
41	anim1R	43	3	e1ba92
41	anim1R	44	3	d7b395
41	anim1R	45	3	ccac97
41	anim1R	46	3	a5929f
41	anim1R	47	3	666699
41	anim1R	48	3	5555aa
41	anim2L	1	2	60609f
41	anim2L	2	2	646196
41	anim2L	3	2	5b5b92
41	anim2L	4	2	6a679f
41	anim2L	5	2	0000ff
41	anim2L	6	2	6d6d92
41	anim2L	7	2	808080
41	anim2L	8	2	535385
41	anim2L	9	2	6c6cac
41	anim2L	10	2	6666cc
41	anim2L	11	2	5555aa
41	anim2L	12	2	6d6db6
41	anim2L	13	2	7875b3
41	anim2L	14	2	8080aa
41	anim2L	15	2	8080bf
41	anim2L	16	3	ffdb92
41	anim2L	17	2	806aaa
41	anim2L	18	3	ffce8c
41	anim2L	19	3	ffffff
41	anim2L	20	3	f6c88e
41	anim2L	21	3	ffbf80
41	anim2L	22	3	eabd81
41	anim2L	23	2	8055aa
41	anim2L	24	3	ffaaaa
41	anim2L	25	3	e3bc92
41	anim2L	26	3	ffff80
41	anim2L	27	3	d9b07a
41	anim2L	28	3	ffd580
41	anim2L	29	3	a1845e
41	anim2L	30	3	edc290
41	anim2L	31	3	ccac97
41	anim2L	32	3	000000
41	anim2L	33	3	494949
41	anim2L	34	3	554739
41	anim2L	35	3	aaaaaa
41	anim2L	36	3	5e5143
41	anim2L	37	2	000000
41	anim2L	38	3	b49468
41	anim2L	39	3	c7a371
41	anim2L	40	3	333333
41	anim2L	41	3	242424
41	anim2L	42	3	917457
41	anim2L	43	3	dab594
41	anim2L	44	3	373724
41	anim2L	45	3	867251
41	anim2L	46	3	685d46
41	anim2L	47	3	bda29a
41	anim2L	48	3	808080
41	anim2L	49	2	aa55aa
41	anim2L	50	3	6c6cac
41	anim2L	51	3	a5929f
41	anim2L	52	3	8080bf
41	anim2L	53	3	7676b1
41	anim2L	54	2	383976
41	anim2L	55	3	6d6db6
41	anim2L	56	3	8080ff
41	anim2L	57	3	8e82a4
41	anim2L	58	3	ffc489
41	anim2L	59	3	af999e
41	anim2L	60	2	242560
41	anim2L	61	3	9b8ba1
41	anim2L	62	3	666699
41	anim2L	63	3	5555aa
41	anim2L	64	3	0000ff
41	anim2L	65	3	8080aa
41	anim2L	66	3	6262b1
41	anim2L	67	3	7474a2
41	anim2L	68	3	6666cc
41	anim2L	69	1	646196
41	anim2R	1	2	5b5b92
41	anim2R	2	2	646196
41	anim2R	3	2	60609f
41	anim2R	4	2	6d6db6
41	anim2R	5	2	6d6d92
41	anim2R	6	2	6a679f
41	anim2R	7	2	0000ff
41	anim2R	8	2	6c6cac
41	anim2R	9	2	5555aa
41	anim2R	10	2	808080
41	anim2R	11	2	806aaa
41	anim2R	12	2	8080aa
41	anim2R	13	2	8080bf
41	anim2R	14	2	535385
41	anim2R	15	2	242560
41	anim2R	16	3	ffffff
41	anim2R	17	3	ffdb92
41	anim2R	18	2	383976
41	anim2R	19	2	000000
41	anim2R	20	3	ffce8c
41	anim2R	21	1	646196
41	anim2R	22	2	7875b3
41	anim2R	23	3	ffd580
41	anim2R	24	2	6666cc
41	anim2R	25	3	ffbf80
41	anim2R	26	3	ffc489
41	anim2R	27	3	febf74
41	anim2R	28	3	ffff80
41	anim2R	29	3	ffaaaa
41	anim2R	30	3	f6c88e
41	anim2R	31	3	eabd81
41	anim2R	32	3	6c6cac
41	anim2R	33	3	8080aa
41	anim2R	34	3	808080
41	anim2R	35	3	6d6db6
41	anim2R	36	3	8080bf
41	anim2R	37	3	0000ff
41	anim2R	38	3	8080ff
41	anim2R	39	3	8e82a4
41	anim2R	40	3	7474a2
41	anim2R	41	3	bda29a
41	anim2R	42	3	7676b1
41	anim2R	43	3	e7be91
41	anim2R	44	3	dab594
41	anim2R	45	3	af999e
41	anim2R	46	3	ccac97
41	anim2R	47	3	9b8ba1
41	anim2R	48	3	6262b1
41	anim2R	49	3	666699
41	anim2R	50	3	5555aa
41	anim3L	1	2	646196
41	anim3L	2	2	5b5b92
41	anim3L	3	2	0000ff
41	anim3L	4	2	60609f
41	anim3L	5	2	535385
41	anim3L	6	2	5555aa
41	anim3L	7	2	808080
41	anim3L	8	2	71558e
41	anim3L	9	2	6a679f
41	anim3L	10	2	8080bf
41	anim3L	11	3	000000
41	anim3L	12	3	ffc489
41	anim3L	13	2	6d6d92
41	anim3L	14	3	ffdb92
41	anim3L	15	3	c09d6f
41	anim3L	16	3	ffce8c
41	anim3L	17	3	d9b07a
41	anim3L	18	3	ffffff
41	anim3L	19	2	8080aa
41	anim3L	20	3	eabd81
41	anim3L	21	3	c9a371
41	anim3L	22	3	745d46
41	anim3L	23	3	ffbf80
41	anim3L	24	3	333333
41	anim3L	25	3	f5c687
41	anim3L	26	3	b49468
41	anim3L	27	2	6c6cac
41	anim3L	28	2	7875b3
41	anim3L	29	3	917457
41	anim3L	30	3	e9c091
41	anim3L	31	3	242424
41	anim3L	32	3	6c6cac
41	anim3L	33	3	6d6db6
41	anim3L	34	3	808080
41	anim3L	35	3	685d46
41	anim3L	36	3	8080ff
41	anim3L	37	2	6666cc
41	anim3L	38	2	383976
41	anim3L	39	3	8080bf
41	anim3L	40	3	ffff80
41	anim3L	41	3	ffd580
41	anim3L	42	3	ffaaaa
41	anim3L	43	2	242560
41	anim3L	44	3	80809f
41	anim3L	45	2	806aaa
41	anim3L	46	2	6d6db6
41	anim3L	47	3	a1845e
41	anim3L	48	3	7676b1
41	anim3L	49	3	bda29a
41	anim3L	50	3	e0b993
41	anim3L	51	2	000000
41	anim3L	52	3	d7b395
41	anim3L	53	3	666699
41	anim3L	54	3	8080aa
41	anim3L	55	3	8e82a4
41	anim3L	56	3	aaaaaa
41	anim3L	57	3	5555aa
41	anim3L	58	3	6666cc
41	anim3L	59	3	a5929f
41	anim3L	60	3	9b8ba1
41	anim3L	61	3	7474a2
41	anim3L	62	3	af999e
41	anim3L	63	3	ccac97
41	anim3L	64	3	0000ff
41	anim3L	65	3	6262b1
41	anim3L	66	1	646196
41	anim3R	1	2	5b5b92
41	anim3R	2	2	646196
41	anim3R	3	2	5555aa
41	anim3R	4	2	60609f
41	anim3R	5	2	6a679f
41	anim3R	6	2	8080bf
41	anim3R	7	2	0000ff
41	anim3R	8	2	806aaa
41	anim3R	9	2	6d6d92
41	anim3R	10	2	535385
41	anim3R	11	3	ffce8c
41	anim3R	12	2	383976
41	anim3R	13	2	8080aa
41	anim3R	14	3	ffdb92
41	anim3R	15	3	ffffff
41	anim3R	16	1	646196
41	anim3R	17	2	6c6cac
41	anim3R	18	2	808080
41	anim3R	19	2	000000
41	anim3R	20	2	7875b3
41	anim3R	21	2	6666cc
41	anim3R	22	3	6c6cac
41	anim3R	23	3	8080bf
41	anim3R	24	3	8080ff
41	anim3R	25	3	dab594
41	anim3R	26	3	6d6db6
41	anim3R	27	3	ffc489
41	anim3R	28	2	242560
41	anim3R	29	3	f6c88e
41	anim3R	30	3	edc290
41	anim3R	31	3	0000ff
41	anim3R	32	3	ccac97
41	anim3R	33	3	666699
41	anim3R	34	3	6262b1
41	anim3R	35	3	ffd580
41	anim3R	36	2	6d6db6
41	anim3R	37	3	7676b1
41	anim3R	38	3	bda29a
41	anim3R	39	3	a5929f
41	anim3R	40	3	8080aa
41	anim3R	41	3	e3bc92
41	anim3R	42	3	eabd81
41	anim3R	43	3	7474a2
41	anim3R	44	3	9b8ba1
41	anim3R	45	3	8e82a4
41	anim3R	46	3	af999e
41	anim3R	47	3	808080
41	anim3R	48	3	ffaaaa
41	anim3R	49	3	aaaaaa
41	anim3R	50	3	ffff80
41	anim3R	51	1	000000
41	anim3R	52	2	aa55aa
41	anim3R	53	3	6666cc
41	dieL	1	2	808080
41	dieL	2	2	646196
41	dieL	3	2	5555aa
41	dieL	4	2	6d6db6
41	dieL	5	2	535385
41	dieL	6	2	6666cc
41	dieL	7	2	60609f
41	dieL	8	2	6d6d92
41	dieL	9	2	5b5b92
41	dieL	10	2	6a679f
41	dieL	11	2	806aaa
41	dieL	12	3	ffce8c
41	dieL	13	2	8080bf
41	dieL	14	3	ffdb92
41	dieL	15	2	0000ff
41	dieL	16	3	eac091
41	dieL	17	3	5555aa
41	dieL	18	3	eabd81
41	dieL	19	3	ffffff
41	dieL	20	3	6c6cac
41	dieL	21	2	6c6cac
41	dieL	22	2	7875b3
41	dieL	23	2	8080aa
41	dieL	24	3	8080aa
41	dieL	25	3	6d6db6
41	dieL	26	2	383976
41	dieL	27	2	242560
41	dieL	28	3	f6c88e
41	dieL	29	3	ffc489
41	dieL	30	3	7676b1
41	dieL	31	3	8080bf
41	dieL	32	3	cda775
41	dieL	33	3	9b8ba1
41	dieL	34	3	494949
41	dieL	35	3	000000
41	dieL	36	3	745d46
41	dieL	37	3	8080ff
41	dieL	38	3	d8af79
41	dieL	39	3	b49468
41	dieL	40	3	a1845e
41	dieL	41	3	242424
41	dieL	42	3	0000ff
41	dieL	43	3	333333
41	dieL	44	3	666699
41	dieL	45	3	ccac97
41	dieL	46	3	e1ba92
41	dieL	47	3	808080
41	dieL	48	3	7474a2
41	dieL	49	3	6666cc
41	dieL	50	3	aaaaaa
41	dieL	51	3	b59d9c
41	dieL	52	3	d7b395
41	dieL	53	3	a5929f
41	dieL	54	3	ffd580
41	dieL	55	3	bea39a
41	dieL	56	2	000000
41	dieL	57	3	ffbf80
41	dieL	58	3	ffff80
41	dieL	59	1	646196
41	dieL	60	3	80809f
41	dieL	61	3	febf74
41	dieR	1	2	0000ff
41	dieR	2	2	60609f
41	dieR	3	2	646196
41	dieR	4	2	806aaa
41	dieR	5	2	5555aa
41	dieR	6	2	6a679f
41	dieR	7	2	6d6d92
41	dieR	8	2	383976
41	dieR	9	2	8080aa
41	dieR	10	2	535385
41	dieR	11	2	8080bf
41	dieR	12	2	808080
41	dieR	13	3	ffffff
41	dieR	14	3	ffce8c
41	dieR	15	3	ffff80
41	dieR	16	2	000000
41	dieR	17	1	646196
41	dieR	18	3	ffc489
41	dieR	19	2	6d6db6
41	dieR	20	2	7875b3
41	dieR	21	2	6666cc
41	dieR	22	2	6c6cac
41	dieR	23	3	eac091
41	dieR	24	3	ffd580
41	dieR	25	3	ffbf80
41	dieR	26	3	6c6cac
41	dieR	27	3	8080ff
41	dieR	28	3	d7b395
41	dieR	29	3	f6c88e
41	dieR	30	3	666699
41	dieR	31	3	5555aa
41	dieR	32	3	0000ff
41	dieR	33	3	8080bf
41	dieR	34	3	6d6db6
41	dieR	35	3	7676b1
41	dieR	36	3	8080aa
41	dieR	37	2	242560
41	dieR	38	3	808080
41	dieR	39	3	7474a2
41	dieR	40	3	bda29a
41	dieR	41	3	e1ba92
41	dieR	42	3	ccac97
41	dieR	43	3	a5929f
41	dieR	44	3	80809f
41	dieR	45	3	aaaaaa
41	dieR	46	3	eabd81
41	dieR	47	3	b49b9c
41	dieR	48	3	6666cc
41	dieR	49	3	9989a3
41	dieR	50	3	000000
41	dieR	51	3	b49468
41	dieR	52	3	333333
41	hitL	1	2	646196
41	hitL	2	2	5555aa
41	hitL	3	2	60609f
41	hitL	4	2	6d6d92
41	hitL	5	3	ffce8c
41	hitL	6	2	8080bf
41	hitL	7	3	ffffff
41	hitL	8	2	6c6cac
41	hitL	9	2	6a679f
41	hitL	10	2	8080aa
41	hitL	11	2	7875b3
41	hitL	12	3	ffbf80
41	hitL	13	3	eabd81
41	hitL	14	3	ffc489
41	hitL	15	3	333333
41	hitL	16	3	d7b395
41	hitL	17	3	000000
41	hitL	18	3	b49468
41	hitL	19	3	808080
41	hitL	20	2	808080
41	hitL	21	2	0000ff
41	hitL	22	2	6d6db6
41	hitL	23	2	6666cc
41	hitL	24	1	646196
41	hitR	1	2	646196
41	hitR	2	2	808080
41	hitR	3	2	8080aa
41	hitR	4	2	535385
41	hitR	5	2	6a679f
41	hitR	6	2	5555aa
41	hitR	7	2	8080bf
41	hitR	8	2	60609f
41	hitR	9	3	ffce8c
41	hitR	10	3	ffd580
41	hitR	11	3	ffffff
41	hitR	12	2	806aaa
41	hitR	13	3	ffff80
41	hitR	14	1	646196
41	hitR	15	2	7875b3
41	hitR	16	2	0000ff
41	hitR	17	2	6c6cac
41	hitR	18	2	6d6db6
41	hitR	19	3	f6c88e
41	hitR	20	2	383976
41	hitR	21	2	6d6d92
41	hitR	22	3	ffc489
41	runB	1	2	646196
41	runB	2	2	5555aa
41	runB	3	2	6d6d92
41	runB	4	2	535385
41	runB	5	2	7875b3
41	runB	6	2	6a679f
41	runB	7	2	8080aa
41	runB	8	2	60609f
41	runB	9	2	8080bf
41	runB	10	2	806aaa
41	runB	11	2	0000ff
41	runB	12	2	808080
41	runB	13	2	6c6cac
41	runB	14	2	6666cc
41	runB	15	2	6d6db6
41	runB	16	3	ffffff
41	runB	17	3	ffce8c
41	runB	18	3	ffc489
41	runB	19	3	ffbf80
41	runB	20	3	6c6cac
41	runB	21	3	6d6db6
41	runB	22	3	8080bf
41	runB	23	2	242560
41	runB	24	2	383976
41	runB	25	3	eac091
41	runB	26	3	9989a3
41	runB	27	3	a5929f
41	runB	28	3	7676b1
41	runB	29	3	e1ba92
41	runB	30	3	8080aa
41	runB	31	3	d7b395
41	runB	32	3	ccac97
41	runB	33	3	f6c88e
41	runB	34	3	bda29a
41	runB	35	3	666699
41	runB	36	3	0000ff
41	runB	37	3	b49b9c
41	runB	38	3	808080
41	runB	39	3	7474a2
41	runB	40	3	5555aa
41	runB	41	3	5d5db9
41	runB	42	3	6666cc
41	runB	43	2	000000
41	runF	1	2	7875b3
41	runF	2	2	8080aa
41	runF	3	2	0000ff
41	runF	4	2	646196
41	runF	5	2	6d6d92
41	runF	6	2	6a679f
41	runF	7	2	60609f
41	runF	8	2	808080
41	runF	9	2	5555aa
41	runF	10	2	8080bf
41	runF	11	2	6d6db6
41	runF	12	2	6666cc
41	runF	13	3	ffce8c
41	runF	14	2	806aaa
41	runF	15	2	6c6cac
41	runF	16	3	ffffff
41	runF	17	3	ffc489
41	runF	18	2	535385
41	runF	19	1	646196
41	runF	20	3	6c6cac
41	runF	21	3	8080aa
41	runF	22	3	8080bf
41	runF	23	2	242560
41	runF	24	3	6d6db6
41	runF	25	3	666699
41	runF	26	3	7676b1
41	runF	27	2	383976
41	runF	28	3	f6c88e
41	runF	29	3	6262b1
41	runF	30	3	0000ff
41	runF	31	3	bda29a
41	runF	32	3	808080
41	runF	33	3	9989a3
41	runF	34	3	eac091
41	runF	35	3	e1ba92
41	runF	36	3	5555aa
41	runF	37	3	d7b395
41	runF	38	3	b49b9c
41	runF	39	3	ccac97
41	runF	40	3	a5929f
41	runL	1	2	646196
41	runL	2	2	808080
41	runL	3	2	5555aa
41	runL	4	2	6a679f
41	runL	5	2	60609f
41	runL	6	2	806aaa
41	runL	7	2	6d6d92
41	runL	8	2	535385
41	runL	9	2	8080aa
41	runL	10	2	0000ff
41	runL	11	2	6c6cac
41	runL	12	2	7875b3
41	runL	13	2	8080bf
41	runL	14	3	ffce8c
41	runL	15	3	f6c88e
41	runL	16	3	ffffff
41	runL	17	3	e3b77e
41	runL	18	3	eac091
41	runL	19	3	bda29a
41	runL	20	3	ffc489
41	runL	21	3	808080
41	runL	22	3	0000ff
41	runL	23	3	6c6cac
41	runL	24	3	333333
41	runL	25	3	8080bf
41	runL	26	2	242560
41	runL	27	3	e1ba92
41	runL	28	2	383976
41	runL	29	3	000000
41	runL	30	3	242424
41	runL	31	3	666699
41	runL	32	3	6d6db6
41	runL	33	3	d7b395
41	runL	34	3	b49b9c
41	runL	35	3	5555aa
41	runL	36	3	7474a2
41	runL	37	3	a5929f
41	runL	38	3	ccac97
41	runL	39	3	7676b1
41	runL	40	3	8080aa
41	runL	41	3	4040bf
41	runL	42	3	6666cc
41	runL	43	3	6262b1
41	runL	44	3	9989a3
41	runL	45	1	646196
41	runR	1	2	646196
41	runR	2	2	6a679f
41	runR	3	2	808080
41	runR	4	2	60609f
41	runR	5	2	6d6d92
41	runR	6	2	8080aa
41	runR	7	2	5555aa
41	runR	8	2	8080bf
41	runR	9	2	7875b3
41	runR	10	2	6c6cac
41	runR	11	2	0000ff
41	runR	12	2	806aaa
41	runR	13	3	ffce8c
41	runR	14	2	535385
41	runR	15	3	f6c88e
41	runR	16	3	edc290
41	runR	17	3	e1ba92
41	runR	18	3	6c6cac
41	runR	19	3	0000ff
41	runR	20	3	ffc489
41	runR	21	3	ccac97
41	runR	22	1	646196
41	runR	23	2	383976
41	runR	24	2	242560
41	runR	25	3	8080bf
41	runR	26	3	000000
41	runR	27	3	808080
41	runR	28	3	1a1a1a
41	runR	29	3	7676b1
41	runR	30	3	d7b395
41	runR	31	3	6d6db6
41	runR	32	3	7474a2
41	runR	33	3	bda29a
41	runR	34	3	b49b9c
41	runR	35	3	666699
41	runR	36	3	5555aa
41	runR	37	2	000000
41	runR	38	3	8080aa
41	runR	39	3	6666cc
41	runR	40	3	a5929f
41	runR	41	3	9989a3
41	runS	1	2	5555aa
41	runS	2	2	646196
41	runS	3	2	806aaa
41	runS	4	2	6d6d92
41	runS	5	2	6a679f
41	runS	6	2	8080aa
41	runS	7	2	60609f
41	runS	8	2	0000ff
41	runS	9	2	808080
41	runS	10	2	6c6cac
41	runS	11	2	7875b3
41	runS	12	2	8080bf
41	runS	13	3	ffce8c
41	runS	14	2	383976
41	runS	15	2	242560
41	runS	16	3	ffc489
41	runS	17	3	febf74
41	runS	18	1	646196
41	runS	19	2	000000
41	runS	20	3	f6c88e
41	runS	21	3	d7b395
41	runS	22	3	6d6db6
41	runS	23	3	6c6cac
41	runS	24	3	8080bf
41	runS	25	3	8080aa
41	runS	26	3	edc290
41	runS	27	3	bda29a
41	runS	28	3	808080
41	runS	29	3	7676b1
41	runS	30	3	ccac97
41	runS	31	3	666699
41	runS	32	3	5555aa
41	runS	33	3	0000ff
41	runS	34	3	7474a2
41	runS	35	3	e1ba92
41	runS	36	3	6666cc
41	staticB	1	2	646196
41	staticB	2	2	242560
41	staticB	3	2	7875b3
41	staticB	4	3	ffce8c
41	staticB	5	2	6c6cac
41	staticB	6	3	6d6dac
41	staticB	7	3	0000ff
41	staticF	1	2	646196
41	staticF	2	2	6c6cac
41	staticF	3	3	ffce8c
41	staticF	4	2	7875b3
41	staticF	5	1	646196
41	staticF	6	2	242560
41	staticF	7	3	6c6cab
41	staticF	8	3	0000ff
41	staticL	1	2	646196
41	staticL	2	2	7875b3
41	staticL	3	3	ffce8c
41	staticL	4	2	6c6cac
41	staticL	5	3	6c6cab
41	staticL	6	3	6d6db6
41	staticL	7	2	242560
41	staticL	8	3	0000ff
41	staticL	9	1	646196
41	staticR	1	2	646196
41	staticR	2	3	ffce8c
41	staticR	3	2	242560
41	staticR	4	2	7875b3
41	staticR	5	1	646196
41	staticR	6	2	6c6cac
41	staticR	7	3	6d6dac
41	staticR	8	3	6d6db6
41	staticS	1	2	646196
41	staticS	2	2	6c6cac
41	staticS	3	2	7875b3
41	staticS	4	2	242560
41	staticS	5	3	ffce8c
41	staticS	6	1	646196
41	staticS	7	3	6c6cac
41	walkB	1	2	383976
41	walkB	2	2	60609f
41	walkB	3	2	646196
41	walkB	4	2	6a679f
41	walkB	5	2	808080
41	walkB	6	2	0000ff
41	walkB	7	2	6d6d92
41	walkB	8	2	5555aa
41	walkB	9	2	8080aa
41	walkB	10	2	6c6cac
41	walkB	11	2	7875b3
41	walkB	12	2	8080bf
41	walkB	13	3	ffce8c
41	walkB	14	2	806aaa
41	walkB	15	3	ffc489
41	walkB	16	3	edc290
41	walkB	17	3	f6c88e
41	walkB	18	3	ccac97
41	walkB	19	3	8080bf
41	walkB	20	2	242560
41	walkB	21	3	a5929f
41	walkB	22	3	9989a3
41	walkB	23	3	d7b395
41	walkB	24	3	8080aa
41	walkB	25	3	b49b9c
41	walkB	26	3	bda29a
41	walkB	27	3	e1ba92
41	walkB	28	3	6c6cac
41	walkB	29	3	7676b1
41	walkB	30	3	6d6db6
41	walkB	31	3	5555aa
41	walkB	32	3	0000ff
41	walkB	33	3	7474a2
41	walkB	34	3	808080
41	walkB	35	3	666699
41	walkB	36	1	646196
41	walkB	37	2	000000
41	walkF	1	2	60609f
41	walkF	2	2	646196
41	walkF	3	2	0000ff
41	walkF	4	2	5555aa
41	walkF	5	2	6c6cac
41	walkF	6	2	808080
41	walkF	7	2	8080aa
41	walkF	8	2	8080bf
41	walkF	9	2	806aaa
41	walkF	10	3	ffce8c
41	walkF	11	2	383976
41	walkF	12	1	646196
41	walkF	13	2	7875b3
41	walkF	14	3	ffc489
41	walkF	15	3	f5c687
41	walkF	16	3	6c6cac
41	walkF	17	3	8080bf
41	walkF	18	3	9989a3
41	walkF	19	3	666699
41	walkF	20	3	8080aa
41	walkF	21	3	7676b1
41	walkF	22	3	6d6db6
41	walkF	23	2	242560
41	walkF	24	3	5555aa
41	walkF	25	3	0000ff
41	walkF	26	3	6666cc
41	walkF	27	2	000000
41	walkF	28	3	7474a2
41	walkL	1	2	806aaa
41	walkL	2	2	646196
41	walkL	3	2	60609f
41	walkL	4	2	5555aa
41	walkL	5	2	6c6cac
41	walkL	6	2	808080
41	walkL	7	2	383976
41	walkL	8	2	0000ff
41	walkL	9	2	7875b3
41	walkL	10	3	ffce8c
41	walkL	11	3	ffc489
41	walkL	12	3	f5c687
41	walkL	13	3	808080
41	walkL	14	3	000000
41	walkL	15	3	9989a3
41	walkL	16	3	666699
41	walkL	17	3	8080bf
41	walkL	18	3	0000ff
41	walkL	19	3	8080aa
41	walkL	20	3	6c6cac
41	walkL	21	2	242560
41	walkL	22	3	6d6db6
41	walkL	23	3	7676b1
41	walkL	24	3	5555aa
41	walkL	25	3	7474a2
41	walkL	26	3	6666cc
41	walkL	27	1	646196
41	walkL	28	2	000000
41	walkR	1	2	646196
41	walkR	2	2	0000ff
41	walkR	3	2	6c6cac
41	walkR	4	2	7875b3
41	walkR	5	3	ffce8c
41	walkR	6	2	242560
41	walkR	7	1	646196
41	walkR	8	3	6c6cac
41	walkR	9	3	8080bf
41	walkR	10	3	666699
41	walkR	11	3	6d6db6
41	walkR	12	3	0000ff
41	walkR	13	3	8080aa
41	walkR	14	3	7676b1
41	walkR	15	3	7474a2
41	walkR	16	3	5555aa
41	walkR	17	3	808080
41	walkR	18	3	6666cc
41	walkS	1	2	7875b3
41	walkS	2	2	646196
41	walkS	3	2	6c6cac
41	walkS	4	2	0000ff
41	walkS	5	2	242560
41	walkS	6	3	ffce8c
41	walkS	7	1	646196
41	walkS	8	3	8080bf
41	walkS	9	3	6c6cac
41	walkS	10	3	6d6db6
41	walkS	11	3	8080aa
41	walkS	12	3	808080
41	walkS	13	3	7676b1
41	walkS	14	3	0000ff
41	walkS	15	3	5555aa
41	walkS	16	3	666699
41	walkS	17	3	7474a2
41	walkS	18	3	6666cc
50	anim0L	1	1	8a8aaa
50	anim0L	2	3	6557a8
50	anim0L	3	3	664db3
50	anim0L	4	3	808080
50	anim0R	1	1	8a8aaa
50	anim0R	2	3	664db3
50	anim0R	3	3	808080
50	anim0R	4	3	6557a8
50	anim0R	5	2	ffbd10
50	anim10L	1	1	ae8255
50	anim10L	2	1	999999
50	anim10L	3	1	8a8aaa
50	anim10L	4	3	8040bf
50	anim10L	5	3	6557a8
50	anim10L	6	3	5555aa
50	anim10L	7	3	808080
50	anim10L	8	3	666699
50	anim10L	9	3	664db3
50	anim10L	10	3	0000ff
50	anim10R	1	1	8a8aaa
50	anim10R	2	3	6557a8
50	anim10R	3	3	8040bf
50	anim10R	4	3	666699
50	anim10R	5	3	5555aa
50	anim10R	6	3	808080
50	anim10R	7	3	664db3
50	anim10R	8	3	0000ff
50	anim11L	1	3	6557a8
50	anim11L	2	3	666699
50	anim11L	3	1	8a8aaa
50	anim11L	4	3	8040bf
50	anim11L	5	3	5555aa
50	anim11L	6	3	664db3
50	anim11L	7	3	808080
50	anim11L	8	1	999999
50	anim11L	9	3	0000ff
50	anim11R	1	1	8a8aaa
50	anim11R	2	1	999999
50	anim11R	3	3	6557a8
50	anim11R	4	3	664db3
50	anim11R	5	3	8040bf
50	anim11R	6	3	5555aa
50	anim11R	7	3	666699
50	anim11R	8	3	808080
50	anim11R	9	3	0000ff
50	anim12L	1	3	6557a8
50	anim12L	2	3	666699
50	anim12L	3	1	8a8aaa
50	anim12L	4	3	8040bf
50	anim12L	5	3	5555aa
50	anim12L	6	3	664db3
50	anim12L	7	3	808080
50	anim12L	8	1	999999
50	anim12L	9	3	0000ff
50	anim12R	1	1	8a8aaa
50	anim12R	2	1	999999
50	anim12R	3	3	6557a8
50	anim12R	4	3	664db3
50	anim12R	5	3	8040bf
50	anim12R	6	3	5555aa
50	anim12R	7	3	666699
50	anim12R	8	3	808080
50	anim12R	9	3	0000ff
50	anim13L	1	3	6557a8
50	anim13L	2	3	666699
50	anim13L	3	1	8a8aaa
50	anim13L	4	3	8040bf
50	anim13L	5	3	5555aa
50	anim13L	6	3	664db3
50	anim13L	7	3	808080
50	anim13L	8	1	999999
50	anim13L	9	3	0000ff
50	anim13R	1	1	8a8aaa
50	anim13R	2	1	999999
50	anim13R	3	3	6557a8
50	anim13R	4	3	664db3
50	anim13R	5	3	8040bf
50	anim13R	6	3	5555aa
50	anim13R	7	3	666699
50	anim13R	8	3	808080
50	anim13R	9	3	0000ff
50	anim14L	1	3	6557a8
50	anim14L	2	3	666699
50	anim14L	3	1	8a8aaa
50	anim14L	4	3	8040bf
50	anim14L	5	3	5555aa
50	anim14L	6	3	664db3
50	anim14L	7	3	808080
50	anim14L	8	1	999999
50	anim14L	9	3	0000ff
50	anim14R	1	1	8a8aaa
50	anim14R	2	1	999999
50	anim14R	3	3	6557a8
50	anim14R	4	3	664db3
50	anim14R	5	3	8040bf
50	anim14R	6	3	5555aa
50	anim14R	7	3	666699
50	anim14R	8	3	808080
50	anim14R	9	3	0000ff
50	anim15L	1	3	6557a8
50	anim15L	2	3	666699
50	anim15L	3	1	8a8aaa
50	anim15L	4	3	8040bf
50	anim15L	5	3	5555aa
50	anim15L	6	3	664db3
50	anim15L	7	3	808080
50	anim15L	8	1	999999
50	anim15L	9	3	0000ff
50	anim15R	1	1	8a8aaa
50	anim15R	2	1	999999
50	anim15R	3	3	6557a8
50	anim15R	4	3	664db3
50	anim15R	5	3	8040bf
50	anim15R	6	3	5555aa
50	anim15R	7	3	666699
50	anim15R	8	3	808080
50	anim15R	9	3	0000ff
50	anim16L	1	3	6557a8
50	anim16L	2	3	666699
50	anim16L	3	1	8a8aaa
50	anim16L	4	3	8040bf
50	anim16L	5	3	5555aa
50	anim16L	6	3	664db3
50	anim16L	7	3	808080
50	anim16L	8	1	999999
50	anim16L	9	3	0000ff
50	anim16R	1	1	8a8aaa
50	anim16R	2	1	999999
50	anim16R	3	3	6557a8
50	anim16R	4	3	664db3
50	anim16R	5	3	8040bf
50	anim16R	6	3	5555aa
50	anim16R	7	3	666699
50	anim16R	8	3	808080
50	anim16R	9	3	0000ff
50	anim17L	1	1	8a8aaa
50	anim17L	2	1	999999
50	anim17L	3	3	6557a8
50	anim17L	4	3	664db3
50	anim17L	5	3	0000ff
50	anim17L	6	3	8040bf
50	anim17L	7	3	808080
50	anim17L	8	3	666699
50	anim17L	9	3	5555aa
50	anim17R	1	1	8a8aaa
50	anim17R	2	3	664db3
50	anim17R	3	1	999999
50	anim17R	4	3	6557a8
50	anim17R	5	3	5555aa
50	anim17R	6	3	666699
50	anim17R	7	3	0000ff
50	anim17R	8	3	8040bf
50	anim17R	9	3	808080
50	anim18L	1	1	8a8aaa
50	anim18L	2	1	999999
50	anim18L	3	3	6557a8
50	anim18L	4	3	8040bf
50	anim18L	5	3	808080
50	anim18L	6	3	664db3
50	anim18L	7	3	5555aa
50	anim18L	8	3	666699
50	anim18L	9	3	0000ff
50	anim18R	1	1	8a8aaa
50	anim18R	2	1	999999
50	anim18R	3	3	8040bf
50	anim18R	4	3	808080
50	anim18R	5	3	6557a8
50	anim18R	6	3	664db3
50	anim18R	7	3	5555aa
50	anim18R	8	3	666699
50	anim18R	9	3	0000ff
50	anim18R	10	2	ffbd10
50	anim18R	11	2	ffbf00
50	anim18R	12	2	ffff00
50	anim18R	13	2	ffaa00
50	anim1L	1	1	8a8aaa
50	anim1L	2	3	6557a8
50	anim1L	3	3	664db3
50	anim1L	4	3	808080
50	anim1L	5	3	5555aa
50	anim1R	1	1	8a8aaa
50	anim1R	2	3	5555aa
50	anim1R	3	3	6557a8
50	anim1R	4	3	664db3
50	anim1R	5	3	808080
50	anim1R	6	2	ffbd10
50	anim2L	1	1	8a8aaa
50	anim2L	2	3	8040bf
50	anim2L	3	3	808080
50	anim2L	4	3	664db3
50	anim2L	5	3	6557a8
50	anim2L	6	3	5555aa
50	anim2L	7	3	666699
50	anim2L	8	3	0000ff
50	anim2R	1	1	8a8aaa
50	anim2R	2	1	ae8255
50	anim2R	3	3	6557a8
50	anim2R	4	3	664db3
50	anim2R	5	3	808080
50	anim2R	6	3	5555aa
50	anim2R	7	3	666699
50	anim2R	8	3	0000ff
50	anim2R	9	2	ffbd10
50	anim2R	10	2	ffbf00
50	anim3L	1	3	6557a8
50	anim3L	2	3	5555aa
50	anim3L	3	3	664db3
50	anim3L	4	3	8040bf
50	anim3L	5	3	808080
50	anim3L	6	3	666699
50	anim3L	7	3	0000ff
50	anim3L	8	1	8a8aaa
50	anim3R	1	3	6557a8
50	anim3R	2	3	664db3
50	anim3R	3	3	5555aa
50	anim3R	4	3	666699
50	anim3R	5	3	8040bf
50	anim3R	6	3	808080
50	anim3R	7	3	0000ff
50	anim3R	8	1	8a8aaa
50	anim3R	9	2	ffbd10
50	dieL	1	1	8a8aaa
50	dieL	2	3	808080
50	dieL	3	3	664db3
50	dieL	4	3	6557a8
50	dieR	1	1	8a8aaa
50	dieR	2	3	6557a8
50	dieR	3	3	664db3
50	dieR	4	3	808080
50	hitL	1	3	664db3
50	hitL	2	3	6557a8
50	hitL	3	1	8a8aaa
50	hitL	4	3	808080
50	hitR	1	3	6557a8
50	hitR	2	1	8a8aaa
50	hitR	3	3	808080
50	hitR	4	3	664db3
50	runB	1	1	8a8aaa
50	runB	2	3	6557a8
50	runB	3	3	664db3
50	runB	4	3	808080
50	runF	1	1	8a8aaa
50	runF	2	3	6557a8
50	runF	3	3	664db3
50	runF	4	3	808080
50	runF	5	2	ffbd10
50	runF	6	2	ffbf00
50	runL	1	3	6557a8
50	runL	2	1	8a8aaa
50	runR	1	1	8a8aaa
50	runR	2	3	6557a8
50	runR	3	2	ffbd10
50	runS	1	1	8a8aaa
50	runS	2	3	6557a8
50	runS	3	2	ffbd10
50	runS	4	1	ae8255
50	staticB	1	3	6557a8
50	staticB	2	1	8a8aaa
50	staticF	1	3	6557a8
50	staticF	2	1	8a8aaa
50	staticF	3	2	ffbd10
50	staticL	1	3	6557a8
50	staticL	2	1	8a8aaa
50	staticR	1	3	6557a8
50	staticR	2	2	ffbd10
50	staticR	3	1	8a8aaa
50	staticS	1	3	6557a8
50	staticS	2	2	ffbe12
50	staticS	3	1	8a8aaa
50	walkB	1	3	6557a8
50	walkB	2	1	8a8aaa
50	walkF	1	3	6557a8
50	walkF	2	2	ffbd10
50	walkF	3	1	8a8aaa
50	walkL	1	3	6557a8
50	walkL	2	1	8a8aaa
50	walkR	1	3	6557a8
50	walkR	2	2	ffbd10
50	walkR	3	1	8a8aaa
50	walkR	4	2	ffbf00
50	walkR	5	1	ae8255
50	walkS	1	3	6557a8
50	walkS	2	1	8a8aaa
50	walkS	3	2	ffbd10
50	walkS	4	2	ffbf00
51	anim0L	1	1	8a8aaa
51	anim0L	2	3	feca50
51	anim0L	3	2	8040bf
51	anim0L	4	2	6557a8
51	anim0L	5	2	7155aa
51	anim0L	6	1	ae8255
51	anim0L	7	2	6d49b6
51	anim0L	8	2	808080
51	anim0L	9	2	60609f
51	anim0L	10	2	5555aa
51	anim0L	11	2	0000ff
51	anim0R	1	1	8a8aaa
51	anim0R	2	3	feca50
51	anim0R	3	2	6557a8
51	anim0R	4	2	7155aa
51	anim0R	5	2	8040bf
51	anim0R	6	2	6d49b6
51	anim0R	7	2	5555aa
51	anim0R	8	2	808080
51	anim0R	9	2	60609f
51	anim0R	10	2	0000ff
51	anim10L	1	1	8a8aaa
51	anim10L	2	1	ae8255
51	anim10L	3	3	feca50
51	anim10L	4	2	666699
51	anim10L	5	2	808080
51	anim10L	6	2	5555aa
51	anim10L	7	2	8040bf
51	anim10L	8	2	0000ff
51	anim10L	9	2	6557a8
51	anim10L	10	2	7155aa
51	anim10L	11	2	624eb1
51	anim10L	12	2	6d49b6
51	anim10R	1	1	8a8aaa
51	anim10R	2	3	feca50
51	anim10R	3	1	ae8255
51	anim10R	4	2	6557a8
51	anim10R	5	2	808080
51	anim10R	6	2	8040bf
51	anim10R	7	2	7155aa
51	anim10R	8	2	0000ff
51	anim10R	9	2	666699
51	anim10R	10	2	5555aa
51	anim10R	11	2	6d49b6
51	anim11L	1	3	feca50
51	anim11L	2	1	8a8aaa
51	anim11L	3	2	7155aa
51	anim11L	4	2	6557a8
51	anim11L	5	2	808080
51	anim11L	6	2	8040bf
51	anim11L	7	2	666699
51	anim11L	8	2	5555aa
51	anim11L	9	2	0000ff
51	anim11L	10	2	624eb1
51	anim11L	11	2	6d49b6
51	anim11R	1	1	8a8aaa
51	anim11R	2	1	ae8255
51	anim11R	3	3	feca50
51	anim11R	4	2	624eb1
51	anim11R	5	2	6557a8
51	anim11R	6	2	808080
51	anim11R	7	2	5555aa
51	anim11R	8	2	7155aa
51	anim11R	9	2	8040bf
51	anim11R	10	2	666699
51	anim11R	11	2	0000ff
51	anim11R	12	2	6d49b6
51	anim12L	1	3	feca50
51	anim12L	2	1	8a8aaa
51	anim12L	3	2	7155aa
51	anim12L	4	2	6557a8
51	anim12L	5	2	808080
51	anim12L	6	2	8040bf
51	anim12L	7	2	60609f
51	anim12L	8	2	5555aa
51	anim12L	9	2	0000ff
51	anim12L	10	2	624eb1
51	anim12L	11	2	6d49b6
51	anim12R	1	1	8a8aaa
51	anim12R	2	1	ae8255
51	anim12R	3	3	feca50
51	anim12R	4	2	624eb1
51	anim12R	5	2	6557a8
51	anim12R	6	2	808080
51	anim12R	7	2	5555aa
51	anim12R	8	2	7155aa
51	anim12R	9	2	8040bf
51	anim12R	10	2	666699
51	anim12R	11	2	0000ff
51	anim12R	12	2	6d49b6
51	anim13L	1	3	feca50
51	anim13L	2	1	8a8aaa
51	anim13L	3	2	7155aa
51	anim13L	4	2	6557a8
51	anim13L	5	2	808080
51	anim13L	6	2	8040bf
51	anim13L	7	2	60609f
51	anim13L	8	2	5555aa
51	anim13L	9	2	0000ff
51	anim13L	10	2	624eb1
51	anim13L	11	2	6d49b6
51	anim13R	1	1	8a8aaa
51	anim13R	2	1	ae8255
51	anim13R	3	3	feca50
51	anim13R	4	2	624eb1
51	anim13R	5	2	6557a8
51	anim13R	6	2	808080
51	anim13R	7	2	60609f
51	anim13R	8	2	7155aa
51	anim13R	9	2	8040bf
51	anim13R	10	2	5555aa
51	anim13R	11	2	0000ff
51	anim13R	12	2	6d49b6
51	anim14L	1	3	feca50
51	anim14L	2	1	8a8aaa
51	anim14L	3	2	7155aa
51	anim14L	4	2	6557a8
51	anim14L	5	2	808080
51	anim14L	6	2	8040bf
51	anim14L	7	2	60609f
51	anim14L	8	2	5555aa
51	anim14L	9	2	0000ff
51	anim14L	10	2	624eb1
51	anim14L	11	2	6d49b6
51	anim14R	1	1	8a8aaa
51	anim14R	2	1	ae8255
51	anim14R	3	3	feca50
51	anim14R	4	2	624eb1
51	anim14R	5	2	6557a8
51	anim14R	6	2	808080
51	anim14R	7	2	60609f
51	anim14R	8	2	7155aa
51	anim14R	9	2	8040bf
51	anim14R	10	2	5555aa
51	anim14R	11	2	0000ff
51	anim14R	12	2	6d49b6
51	anim15L	1	3	feca50
51	anim15L	2	1	8a8aaa
51	anim15L	3	2	7155aa
51	anim15L	4	2	6557a8
51	anim15L	5	2	808080
51	anim15L	6	2	8040bf
51	anim15L	7	2	60609f
51	anim15L	8	2	5555aa
51	anim15L	9	2	0000ff
51	anim15L	10	2	624eb1
51	anim15L	11	2	6d49b6
51	anim15R	1	1	8a8aaa
51	anim15R	2	1	ae8255
51	anim15R	3	3	feca50
51	anim15R	4	2	624eb1
51	anim15R	5	2	6557a8
51	anim15R	6	2	808080
51	anim15R	7	2	60609f
51	anim15R	8	2	7155aa
51	anim15R	9	2	8040bf
51	anim15R	10	2	5555aa
51	anim15R	11	2	0000ff
51	anim15R	12	2	6d49b6
51	anim16L	1	3	feca50
51	anim16L	2	1	8a8aaa
51	anim16L	3	2	7155aa
51	anim16L	4	2	6557a8
51	anim16L	5	2	808080
51	anim16L	6	2	8040bf
51	anim16L	7	2	60609f
51	anim16L	8	2	5555aa
51	anim16L	9	2	0000ff
51	anim16L	10	2	624eb1
51	anim16L	11	2	6d49b6
51	anim16R	1	1	8a8aaa
51	anim16R	2	1	ae8255
51	anim16R	3	3	feca50
51	anim16R	4	2	624eb1
51	anim16R	5	2	6557a8
51	anim16R	6	2	808080
51	anim16R	7	2	60609f
51	anim16R	8	2	7155aa
51	anim16R	9	2	8040bf
51	anim16R	10	2	5555aa
51	anim16R	11	2	0000ff
51	anim16R	12	2	6d49b6
51	anim17L	1	1	8a8aaa
51	anim17L	2	3	feca50
51	anim17L	3	2	808080
51	anim17L	4	2	8040bf
51	anim17L	5	2	7155aa
51	anim17L	6	2	6557a8
51	anim17L	7	2	5555aa
51	anim17L	8	2	624eb1
51	anim17L	9	2	60609f
51	anim17L	10	2	0000ff
51	anim17L	11	2	6d49b6
51	anim17R	1	1	8a8aaa
51	anim17R	2	1	ae8255
51	anim17R	3	3	feca50
51	anim17R	4	2	808080
51	anim17R	5	2	6d49b6
51	anim17R	6	2	7155aa
51	anim17R	7	2	6557a8
51	anim17R	8	2	0000ff
51	anim17R	9	2	624eb1
51	anim17R	10	2	60609f
51	anim17R	11	2	5555aa
51	anim17R	12	2	8040bf
51	anim18L	1	1	8a8aaa
51	anim18L	2	1	ae8255
51	anim18L	3	3	feca50
51	anim18L	4	2	8040bf
51	anim18L	5	2	6557a8
51	anim18L	6	2	7155aa
51	anim18L	7	2	60609f
51	anim18L	8	2	5555aa
51	anim18L	9	2	808080
51	anim18L	10	2	0000ff
51	anim18L	11	2	624eb1
51	anim18L	12	2	6d49b6
51	anim18R	1	1	8a8aaa
51	anim18R	2	3	feca50
51	anim18R	3	2	624eb1
51	anim18R	4	2	8040bf
51	anim18R	5	2	6557a8
51	anim18R	6	2	808080
51	anim18R	7	2	60609f
51	anim18R	8	2	5555aa
51	anim18R	9	2	7155aa
51	anim18R	10	2	6d49b6
51	anim18R	11	2	0000ff
51	anim1L	1	1	8a8aaa
51	anim1L	2	3	feca50
51	anim1L	3	2	808080
51	anim1L	4	2	666699
51	anim1L	5	2	5555aa
51	anim1L	6	2	7155aa
51	anim1L	7	2	6557a8
51	anim1L	8	2	8040bf
51	anim1L	9	2	6d49b6
51	anim1R	1	3	feca50
51	anim1R	2	1	8a8aaa
51	anim1R	3	2	0000ff
51	anim1R	4	2	6557a8
51	anim1R	5	2	808080
51	anim1R	6	2	7155aa
51	anim1R	7	2	8040bf
51	anim1R	8	2	60609f
51	anim1R	9	2	5555aa
51	anim1R	10	2	6d49b6
51	anim2L	1	3	feca50
51	anim2L	2	1	8a8aaa
51	anim2L	3	2	7155aa
51	anim2L	4	2	6557a8
51	anim2L	5	2	808080
51	anim2L	6	2	8040bf
51	anim2L	7	2	666699
51	anim2L	8	2	5555aa
51	anim2L	9	2	0000ff
51	anim2L	10	2	6d49b6
51	anim2R	1	1	8a8aaa
51	anim2R	2	1	ae8255
51	anim2R	3	3	feca50
51	anim2R	4	2	6557a8
51	anim2R	5	2	808080
51	anim2R	6	2	5555aa
51	anim2R	7	2	7155aa
51	anim2R	8	2	8040bf
51	anim2R	9	2	666699
51	anim2R	10	2	0000ff
51	anim2R	11	2	6d49b6
51	anim3L	1	3	feca50
51	anim3L	2	1	8a8aaa
51	anim3L	3	2	808080
51	anim3L	4	2	7155aa
51	anim3L	5	2	6557a8
51	anim3L	6	2	0000ff
51	anim3L	7	2	8040bf
51	anim3L	8	2	5555aa
51	anim3L	9	2	666699
51	anim3L	10	2	6d49b6
51	anim3R	1	3	feca50
51	anim3R	2	1	8a8aaa
51	anim3R	3	1	ae8255
51	anim3R	4	2	7155aa
51	anim3R	5	2	6557a8
51	anim3R	6	2	8040bf
51	anim3R	7	2	5555aa
51	anim3R	8	2	666699
51	anim3R	9	2	808080
51	anim3R	10	2	6d49b6
51	dieL	1	1	8a8aaa
51	dieL	2	3	feca50
51	dieL	3	2	8040bf
51	dieL	4	2	6557a8
51	dieL	5	2	60609f
51	dieL	6	2	7155aa
51	dieL	7	2	5555aa
51	dieL	8	2	0000ff
51	dieL	9	2	6d49b6
51	dieL	10	2	808080
51	dieR	1	1	8a8aaa
51	dieR	2	2	6557a8
51	dieR	3	3	feca50
51	dieR	4	2	6d49b6
51	dieR	5	2	60609f
51	dieR	6	2	808080
51	dieR	7	2	8040bf
51	dieR	8	2	5555aa
51	dieR	9	2	0000ff
51	hitL	1	1	8a8aaa
51	hitL	2	3	feca50
51	hitL	3	2	6557a8
51	hitL	4	2	5555aa
51	hitL	5	2	8040bf
51	hitL	6	2	808080
51	hitR	1	1	8a8aaa
51	hitR	2	3	feca50
51	hitR	3	2	808080
51	hitR	4	2	6557a8
51	hitR	5	2	5555aa
51	hitR	6	2	8040bf
51	runB	1	1	8a8aaa
51	runB	2	3	feca50
51	runB	3	2	6557a8
51	runB	4	2	5555aa
51	runB	5	2	8040bf
51	runB	6	2	808080
51	runB	7	2	0000ff
51	runF	1	1	8a8aaa
51	runF	2	1	ae8255
51	runF	3	3	feca50
51	runF	4	2	6557a8
51	runF	5	2	808080
51	runF	6	2	8040bf
51	runF	7	2	5555aa
51	runF	8	2	0000ff
51	runL	1	1	8a8aaa
51	runL	2	3	feca50
51	runL	3	2	6557a8
51	runL	4	2	808080
51	runL	5	2	8040bf
51	runL	6	2	0000ff
51	runL	7	2	5555aa
51	runR	1	1	8a8aaa
51	runR	2	3	feca50
51	runR	3	2	808080
51	runR	4	2	6557a8
51	runR	5	2	5555aa
51	runR	6	2	8040bf
51	runS	1	1	8a8aaa
51	runS	2	3	feca50
51	runS	3	1	ae8255
51	runS	4	2	6557a8
51	runS	5	2	808080
51	runS	6	2	8040bf
51	staticB	1	3	feca50
51	staticB	2	1	8a8aaa
51	staticB	3	2	6557a8
51	staticF	1	3	feca50
51	staticF	2	1	8a8aaa
51	staticF	3	2	6557a8
51	staticL	1	3	feca50
51	staticL	2	1	8a8aaa
51	staticL	3	2	6557a8
51	staticR	1	3	feca50
51	staticR	2	1	8a8aaa
51	staticR	3	2	6557a8
51	staticS	1	3	feca50
51	staticS	2	1	8a8aaa
51	staticS	3	2	6557a8
51	walkB	1	3	feca50
51	walkB	2	1	ae8255
51	walkB	3	1	8a8aaa
51	walkB	4	2	8040bf
51	walkB	5	2	6557a8
51	walkB	6	2	808080
51	walkF	1	3	feca50
51	walkF	2	1	8a8aaa
51	walkF	3	2	6557a8
51	walkF	4	2	808080
51	walkF	5	2	8040bf
51	walkL	1	3	feca50
51	walkL	2	1	8a8aaa
51	walkL	3	2	808080
51	walkL	4	2	6557a8
51	walkL	5	2	8040bf
51	walkR	1	3	feca50
51	walkR	2	1	8a8aaa
51	walkR	3	2	6557a8
51	walkR	4	2	808080
51	walkR	5	2	8040bf
51	walkR	6	1	ae8255
51	walkS	1	3	feca50
51	walkS	2	1	8a8aaa
51	walkS	3	2	6557a8
60	anim0L	1	3	ffe3e3
60	anim0L	2	3	f7f0e3
60	anim0L	3	3	ffffcc
60	anim0L	4	3	ffffff
60	anim0L	5	3	f8edda
60	anim0L	6	3	ffffdb
60	anim0L	7	3	f8f2f1
60	anim0L	8	3	efe8d8
60	anim0L	9	3	e5ded0
60	anim0L	10	3	dcd4c7
60	anim0L	11	3	bfb099
60	anim0L	12	3	b5a68d
60	anim0L	13	2	f55b24
60	anim0L	14	3	c0b9ab
60	anim0L	15	2	ffffff
60	anim0L	16	3	d1c9bc
60	anim0L	17	2	bfbf80
60	anim0L	18	2	cc9999
60	anim0L	19	3	bcb3a2
60	anim0L	20	2	b4a28d
60	anim0L	21	2	df5920
60	anim0L	22	1	6680cc
60	anim0L	23	1	8080ff
60	anim0L	24	1	5d75cf
60	anim0L	25	1	5571c6
60	anim0L	26	1	5580d5
60	anim0L	27	1	6d6ddb
60	anim0L	28	1	f4ecea
60	anim0L	29	1	4f4f9e
60	anim0L	30	1	6276d8
60	anim0L	31	1	6080bf
60	anim0L	32	2	aaaaaa
60	anim0L	33	1	0000ff
60	anim0L	34	2	d1581e
60	anim0L	35	1	6666cc
60	anim0L	36	1	4f5aa5
60	anim0L	37	1	4080bf
60	anim0L	38	1	5769bc
60	anim0L	39	2	aaaa8e
60	anim0R	1	3	ffffff
60	anim0R	2	3	f8f2f1
60	anim0R	3	3	f7f0e3
60	anim0R	4	3	ffffcc
60	anim0R	5	3	ffe3e3
60	anim0R	6	3	efe8d8
60	anim0R	7	3	f8edda
60	anim0R	8	3	ffffdb
60	anim0R	9	2	f55b24
60	anim0R	10	2	ffffff
60	anim0R	11	2	cc9999
60	anim0R	12	2	bfbf80
60	anim0R	13	3	c0b9ab
60	anim0R	14	3	b5a68d
60	anim0R	15	3	bcb3a2
60	anim0R	16	3	dcd4c7
60	anim0R	17	3	e5ded0
60	anim0R	18	3	d1c9bc
60	anim0R	19	3	bfb099
60	anim0R	20	2	df5920
60	anim0R	21	2	b4a28d
60	anim0R	22	2	aaaaaa
60	anim0R	23	1	5769bc
60	anim0R	24	1	4f5aa5
60	anim0R	25	1	f4ecea
60	anim0R	26	1	8080ff
60	anim0R	27	1	4f4f9e
60	anim0R	28	1	6276d8
60	anim0R	29	1	5d75cf
60	anim0R	30	1	5168ae
60	anim0R	31	2	d1581e
60	anim0R	32	1	5571c6
60	anim0R	33	1	6080bf
60	anim0R	34	1	6680cc
60	anim0R	35	1	5580d5
60	anim0R	36	1	6666cc
60	anim0R	37	1	6d6ddb
60	anim0R	38	1	0000ff
60	anim0R	39	2	aaaa8e
60	anim0R	40	1	4080bf
60	anim0R	41	2	aaaa80
60	anim10L	1	3	ffffff
60	anim10L	2	3	f7f0e3
60	anim10L	3	3	ffe3e3
60	anim10L	4	3	f8f2f1
60	anim10L	5	3	efe8d8
60	anim10L	6	3	f8edda
60	anim10L	7	3	ffffcc
60	anim10L	8	3	ffffdb
60	anim10L	9	3	fae8ce
60	anim10L	10	3	e5ded0
60	anim10L	11	2	cc9999
60	anim10L	12	3	dcd4c7
60	anim10L	13	2	f55b24
60	anim10L	14	3	bcb3a2
60	anim10L	15	3	b5a68d
60	anim10L	16	3	d1c9bc
60	anim10L	17	2	bfbf80
60	anim10L	18	2	ffffff
60	anim10L	19	2	bf9f80
60	anim10L	20	3	bfb099
60	anim10L	21	2	df5920
60	anim10L	22	3	c0b9ab
60	anim10L	23	2	b4a28d
60	anim10L	24	2	d1581e
60	anim10L	25	2	aaaaaa
60	anim10L	26	1	6680cc
60	anim10L	27	1	8080ff
60	anim10L	28	1	5d75cf
60	anim10L	29	1	f4ecea
60	anim10L	30	1	6d6ddb
60	anim10L	31	1	586dc3
60	anim10L	32	1	5580d5
60	anim10L	33	1	6666cc
60	anim10L	34	1	6276d8
60	anim10L	35	1	5555aa
60	anim10L	36	1	0000ff
60	anim10L	37	1	4080bf
60	anim10L	38	1	5668ba
60	anim10L	39	1	6080bf
60	anim10L	40	2	aaaa8e
60	anim10L	41	1	5168ae
60	anim10L	42	1	4f4f9e
60	anim10R	1	3	f7f0e3
60	anim10R	2	3	f8edda
60	anim10R	3	3	ffffdb
60	anim10R	4	3	ffe3e3
60	anim10R	5	3	ffffff
60	anim10R	6	3	efe8d8
60	anim10R	7	3	ffffcc
60	anim10R	8	3	f8f2f1
60	anim10R	9	3	fae8ce
60	anim10R	10	3	e5ded0
60	anim10R	11	2	f55b24
60	anim10R	12	3	c0b9ab
60	anim10R	13	2	cc9999
60	anim10R	14	2	bf9f80
60	anim10R	15	2	ffffff
60	anim10R	16	2	bfbf80
60	anim10R	17	3	b5a68d
60	anim10R	18	3	d1c9bc
60	anim10R	19	3	bfb099
60	anim10R	20	3	dcd4c7
60	anim10R	21	3	bcb3a2
60	anim10R	22	2	df5920
60	anim10R	23	2	b4a28d
60	anim10R	24	2	d1581e
60	anim10R	25	2	aaaaaa
60	anim10R	26	1	6080bf
60	anim10R	27	1	5555aa
60	anim10R	28	1	5668ba
60	anim10R	29	1	6d6ddb
60	anim10R	30	1	4f4f9e
60	anim10R	31	1	6680cc
60	anim10R	32	1	f4ecea
60	anim10R	33	1	5168ae
60	anim10R	34	1	8080ff
60	anim10R	35	1	586dc3
60	anim10R	36	1	000000
60	anim10R	37	1	000080
60	anim10R	38	1	0000ff
60	anim10R	39	1	5d75cf
60	anim10R	40	1	4080bf
60	anim10R	41	1	6666cc
60	anim10R	42	1	6276d8
60	anim10R	43	2	808080
60	anim10R	44	2	aaaa80
60	anim10R	45	1	5580d5
60	anim10R	46	2	aaaa8e
60	anim10R	47	2	b69292
60	anim11L	1	3	f7f0e3
60	anim11L	2	3	f8edda
60	anim11L	3	3	ffe3e3
60	anim11L	4	3	ffffff
60	anim11L	5	3	ffffcc
60	anim11L	6	3	ffffdb
60	anim11L	7	3	f8f2f1
60	anim11L	8	3	efe8d8
60	anim11L	9	3	e5ded0
60	anim11L	10	3	dcd4c7
60	anim11L	11	2	f55b24
60	anim11L	12	3	fae8ce
60	anim11L	13	3	d1c9bc
60	anim11L	14	2	ffffff
60	anim11L	15	3	bcb3a2
60	anim11L	16	3	c0b9ab
60	anim11L	17	2	bfbf80
60	anim11L	18	3	b5a68d
60	anim11L	19	3	bfb099
60	anim11L	20	2	d1581e
60	anim11L	21	2	bf9f80
60	anim11L	22	2	cc9999
60	anim11L	23	2	df5920
60	anim11L	24	1	8080ff
60	anim11L	25	1	6680cc
60	anim11L	26	1	6276d8
60	anim11L	27	1	586dc3
60	anim11L	28	1	5d75cf
60	anim11L	29	1	6d6ddb
60	anim11L	30	1	f4ecea
60	anim11L	31	1	0000ff
60	anim11L	32	1	6666cc
60	anim11L	33	1	5668ba
60	anim11L	34	1	5580d5
60	anim11L	35	1	5555aa
60	anim11L	36	1	4080bf
60	anim11L	37	2	b4a28d
60	anim11L	38	2	aaaaaa
60	anim11L	39	1	6080bf
60	anim11L	40	1	5168ae
60	anim11L	41	2	b69292
60	anim11L	42	2	808080
60	anim11R	1	3	ffffff
60	anim11R	2	3	ffffdb
60	anim11R	3	3	f8edda
60	anim11R	4	3	f7f0e3
60	anim11R	5	3	ffe3e3
60	anim11R	6	3	efe8d8
60	anim11R	7	3	ffffcc
60	anim11R	8	3	f8f2f1
60	anim11R	9	3	fae8ce
60	anim11R	10	3	bfb099
60	anim11R	11	3	d1c9bc
60	anim11R	12	2	f55b24
60	anim11R	13	2	ffffff
60	anim11R	14	2	bfbf80
60	anim11R	15	2	bf9f80
60	anim11R	16	3	b5a68d
60	anim11R	17	3	e5ded0
60	anim11R	18	2	df5920
60	anim11R	19	2	cc9999
60	anim11R	20	3	dcd4c7
60	anim11R	21	2	b4a28d
60	anim11R	22	2	d1581e
60	anim11R	23	1	5d75cf
60	anim11R	24	1	6680cc
60	anim11R	25	1	6666cc
60	anim11R	26	1	586dc3
60	anim11R	27	1	5580d5
60	anim11R	28	1	5668ba
60	anim11R	29	1	5555aa
60	anim11R	30	1	6d6ddb
60	anim11R	31	1	6276d8
60	anim11R	32	1	8080ff
60	anim11R	33	1	5168ae
60	anim11R	34	1	f4ecea
60	anim11R	35	1	000000
60	anim11R	36	1	4f4f9e
60	anim11R	37	1	0000ff
60	anim11R	38	1	6080bf
60	anim11R	39	2	aaaaaa
60	anim11R	40	1	4080bf
60	anim11R	41	2	aaaa8e
60	anim12L	1	3	f7f0e3
60	anim12L	2	3	f8edda
60	anim12L	3	3	ffe3e3
60	anim12L	4	3	ffffff
60	anim12L	5	3	ffffcc
60	anim12L	6	3	ffffdb
60	anim12L	7	3	f8f2f1
60	anim12L	8	3	efe8d8
60	anim12L	9	3	e5ded0
60	anim12L	10	3	dcd4c7
60	anim12L	11	2	f55b24
60	anim12L	12	3	fae8ce
60	anim12L	13	3	d1c6b1
60	anim12L	14	2	ffffff
60	anim12L	15	3	bcb3a2
60	anim12L	16	2	bfbf80
60	anim12L	17	3	b5a68d
60	anim12L	18	3	bfb099
60	anim12L	19	2	d1581e
60	anim12L	20	2	bf9f80
60	anim12L	21	3	d1c9bc
60	anim12L	22	3	c0b9ab
60	anim12L	23	2	cc9999
60	anim12L	24	2	df5920
60	anim12L	25	1	8080ff
60	anim12L	26	1	6680cc
60	anim12L	27	1	6276d8
60	anim12L	28	1	586dc3
60	anim12L	29	1	5d75cf
60	anim12L	30	1	6d6ddb
60	anim12L	31	1	f4ecea
60	anim12L	32	1	0000ff
60	anim12L	33	1	6666cc
60	anim12L	34	1	5668ba
60	anim12L	35	1	5580d5
60	anim12L	36	1	5555aa
60	anim12L	37	1	4080bf
60	anim12L	38	2	b4a28d
60	anim12L	39	2	aaaaaa
60	anim12L	40	1	6080bf
60	anim12L	41	1	5168ae
60	anim12L	42	2	b69292
60	anim12L	43	2	808080
60	anim12R	1	3	ffffff
60	anim12R	2	3	ffffdb
60	anim12R	3	3	f8edda
60	anim12R	4	3	f7f0e3
60	anim12R	5	3	ffe3e3
60	anim12R	6	3	efe8d8
60	anim12R	7	3	ffffcc
60	anim12R	8	3	f8f2f1
60	anim12R	9	3	fae8ce
60	anim12R	10	3	bfb099
60	anim12R	11	3	d1c9bc
60	anim12R	12	2	f55b24
60	anim12R	13	2	ffffff
60	anim12R	14	2	bfbf80
60	anim12R	15	2	bf9f80
60	anim12R	16	3	b5a68d
60	anim12R	17	3	e5ded0
60	anim12R	18	2	df5920
60	anim12R	19	2	cc9999
60	anim12R	20	3	dcd4c7
60	anim12R	21	2	b4a28d
60	anim12R	22	2	d1581e
60	anim12R	23	1	5d75cf
60	anim12R	24	1	6680cc
60	anim12R	25	1	6666cc
60	anim12R	26	1	586dc3
60	anim12R	27	1	5580d5
60	anim12R	28	1	5668ba
60	anim12R	29	1	515eac
60	anim12R	30	1	6d6ddb
60	anim12R	31	1	6276d8
60	anim12R	32	1	8080ff
60	anim12R	33	1	f4ecea
60	anim12R	34	1	000000
60	anim12R	35	1	5168ae
60	anim12R	36	1	4f4f9e
60	anim12R	37	1	0000ff
60	anim12R	38	1	6080bf
60	anim12R	39	2	aaaaaa
60	anim12R	40	1	5555aa
60	anim12R	41	1	4080bf
60	anim12R	42	2	aaaa8e
60	anim13L	1	3	f7f0e3
60	anim13L	2	3	f8edda
60	anim13L	3	3	ffe3e3
60	anim13L	4	3	ffffff
60	anim13L	5	3	ffffcc
60	anim13L	6	3	ffffdb
60	anim13L	7	3	f8f2f1
60	anim13L	8	3	efe8d8
60	anim13L	9	3	e5ded0
60	anim13L	10	3	dcd4c7
60	anim13L	11	2	f55b24
60	anim13L	12	3	b5a68d
60	anim13L	13	3	f9e7ce
60	anim13L	14	3	d1c6b1
60	anim13L	15	2	ffffff
60	anim13L	16	3	bcb3a2
60	anim13L	17	2	bfbf80
60	anim13L	18	3	bfb099
60	anim13L	19	2	d1581e
60	anim13L	20	3	d1c9bc
60	anim13L	21	3	c0b9ab
60	anim13L	22	2	bf9f80
60	anim13L	23	2	df5920
60	anim13L	24	2	cc9999
60	anim13L	25	1	8080ff
60	anim13L	26	1	6276d8
60	anim13L	27	1	6680cc
60	anim13L	28	1	f4ecea
60	anim13L	29	1	5d75cf
60	anim13L	30	1	4080bf
60	anim13L	31	1	6d6ddb
60	anim13L	32	1	0000ff
60	anim13L	33	1	6666cc
60	anim13L	34	1	5668ba
60	anim13L	35	2	b4a28d
60	anim13L	36	1	5571c6
60	anim13L	37	1	5555aa
60	anim13L	38	1	5580d5
60	anim13L	39	2	b69292
60	anim13L	40	2	aaaaaa
60	anim13L	41	1	6080bf
60	anim13L	42	1	5168ae
60	anim13R	1	3	ffffff
60	anim13R	2	3	f7f0e3
60	anim13R	3	3	f8edda
60	anim13R	4	3	ffe3e3
60	anim13R	5	3	efe8d8
60	anim13R	6	3	ffffcc
60	anim13R	7	3	f8f2f1
60	anim13R	8	3	ffffdb
60	anim13R	9	3	fae8ce
60	anim13R	10	3	bfb099
60	anim13R	11	3	d1c6b1
60	anim13R	12	2	f55b24
60	anim13R	13	2	ffffff
60	anim13R	14	2	bfbf80
60	anim13R	15	2	bf9f80
60	anim13R	16	3	b5a68d
60	anim13R	17	3	e5ded0
60	anim13R	18	2	cc9999
60	anim13R	19	3	dcd4c7
60	anim13R	20	2	df5920
60	anim13R	21	2	b4a28d
60	anim13R	22	1	5d75cf
60	anim13R	23	1	6d6ddb
60	anim13R	24	1	5580d5
60	anim13R	25	1	6276d8
60	anim13R	26	2	d1581e
60	anim13R	27	1	8080ff
60	anim13R	28	1	5668ba
60	anim13R	29	1	5571c6
60	anim13R	30	1	515eac
60	anim13R	31	1	495592
60	anim13R	32	1	f4ecea
60	anim13R	33	1	6680cc
60	anim13R	34	1	000000
60	anim13R	35	1	4f4f9e
60	anim13R	36	1	0000ff
60	anim13R	37	1	5555aa
60	anim13R	38	1	6666cc
60	anim13R	39	1	6080bf
60	anim13R	40	1	4080bf
60	anim13R	41	2	aaaa8e
60	anim13R	42	2	aaaaaa
60	anim14L	1	3	f7f0e3
60	anim14L	2	3	f8ecd9
60	anim14L	3	3	ffe3e3
60	anim14L	4	3	ffffff
60	anim14L	5	3	ffffcc
60	anim14L	6	3	ffffdb
60	anim14L	7	3	f8f2f1
60	anim14L	8	3	efe8d8
60	anim14L	9	3	e5ded0
60	anim14L	10	3	dcd4c7
60	anim14L	11	2	f55b24
60	anim14L	12	3	b5a68d
60	anim14L	13	3	f9e7ce
60	anim14L	14	3	d1c6b1
60	anim14L	15	2	ffffff
60	anim14L	16	3	bcb3a2
60	anim14L	17	2	bfbf80
60	anim14L	18	3	bfb099
60	anim14L	19	2	d1581e
60	anim14L	20	3	d1c9bc
60	anim14L	21	3	c0b9ab
60	anim14L	22	2	bf9f80
60	anim14L	23	2	df5920
60	anim14L	24	2	cc9999
60	anim14L	25	1	8080ff
60	anim14L	26	1	6276d8
60	anim14L	27	1	6680cc
60	anim14L	28	1	f4ecea
60	anim14L	29	1	5d75cf
60	anim14L	30	1	4080bf
60	anim14L	31	1	6d6ddb
60	anim14L	32	1	0000ff
60	anim14L	33	1	6666cc
60	anim14L	34	1	5669bb
60	anim14L	35	2	b4a28d
60	anim14L	36	1	5571c6
60	anim14L	37	1	5555aa
60	anim14L	38	1	5580d5
60	anim14L	39	2	b69292
60	anim14L	40	2	aaaaaa
60	anim14L	41	1	6080bf
60	anim14L	42	1	5168ae
60	anim14R	1	3	ffffff
60	anim14R	2	3	f7f0e3
60	anim14R	3	3	f8edda
60	anim14R	4	3	ffe3e3
60	anim14R	5	3	efe8d8
60	anim14R	6	3	ffffcc
60	anim14R	7	3	f8f2f1
60	anim14R	8	3	ffffdb
60	anim14R	9	3	f9e7ce
60	anim14R	10	3	bfb099
60	anim14R	11	3	d1c6b1
60	anim14R	12	2	f55b24
60	anim14R	13	2	ffffff
60	anim14R	14	2	bfbf80
60	anim14R	15	2	bf9f80
60	anim14R	16	3	b5a68d
60	anim14R	17	3	e5ded0
60	anim14R	18	2	cc9999
60	anim14R	19	3	dcd4c7
60	anim14R	20	2	df5920
60	anim14R	21	2	b4a28d
60	anim14R	22	1	5d75cf
60	anim14R	23	1	6d6ddb
60	anim14R	24	1	5580d5
60	anim14R	25	1	6276d8
60	anim14R	26	2	d1581e
60	anim14R	27	1	8080ff
60	anim14R	28	1	5669bb
60	anim14R	29	1	5168ae
60	anim14R	30	1	5571c6
60	anim14R	31	1	515eac
60	anim14R	32	1	495592
60	anim14R	33	1	f4ecea
60	anim14R	34	1	6680cc
60	anim14R	35	1	000000
60	anim14R	36	1	4f4f9e
60	anim14R	37	1	0000ff
60	anim14R	38	1	556699
60	anim14R	39	1	5555aa
60	anim14R	40	1	6666cc
60	anim14R	41	1	6080bf
60	anim14R	42	1	4080bf
60	anim14R	43	2	aaaa8e
60	anim14R	44	2	aaaaaa
60	anim15L	1	3	f7f0e3
60	anim15L	2	3	f8ecd9
60	anim15L	3	3	ffe3e3
60	anim15L	4	3	ffffff
60	anim15L	5	3	ffffcc
60	anim15L	6	3	ffffdb
60	anim15L	7	3	f8f2f1
60	anim15L	8	3	efe8d8
60	anim15L	9	3	e5ded0
60	anim15L	10	3	dcd4c7
60	anim15L	11	2	f55b24
60	anim15L	12	3	b5a68d
60	anim15L	13	3	f9e7ce
60	anim15L	14	3	d1c6b1
60	anim15L	15	2	ffffff
60	anim15L	16	3	bcb3a2
60	anim15L	17	2	bfbf80
60	anim15L	18	3	bfb099
60	anim15L	19	2	d1581e
60	anim15L	20	3	d1c9bc
60	anim15L	21	3	c0b9ab
60	anim15L	22	2	bf9f80
60	anim15L	23	2	df5920
60	anim15L	24	2	cc9999
60	anim15L	25	1	5d75cf
60	anim15L	26	1	6276d8
60	anim15L	27	1	6680cc
60	anim15L	28	1	6666cc
60	anim15L	29	1	f4ecea
60	anim15L	30	1	8080ff
60	anim15L	31	1	4080bf
60	anim15L	32	1	6d6ddb
60	anim15L	33	1	0000ff
60	anim15L	34	1	6080bf
60	anim15L	35	1	5571c6
60	anim15L	36	1	5669bb
60	anim15L	37	2	b4a28d
60	anim15L	38	1	5555aa
60	anim15L	39	1	5580d5
60	anim15L	40	2	b69292
60	anim15L	41	2	aaaaaa
60	anim15L	42	1	5168ae
60	anim15L	43	2	808080
60	anim15R	1	3	ffffff
60	anim15R	2	3	f7f0e3
60	anim15R	3	3	f8ecd9
60	anim15R	4	3	ffe3e3
60	anim15R	5	3	efe8d8
60	anim15R	6	3	ffffcc
60	anim15R	7	3	f8f2f1
60	anim15R	8	3	ffffdb
60	anim15R	9	3	f9e7ce
60	anim15R	10	3	bfb099
60	anim15R	11	3	d1c6b1
60	anim15R	12	2	f55b24
60	anim15R	13	2	ffffff
60	anim15R	14	2	bfbf80
60	anim15R	15	2	bf9f80
60	anim15R	16	3	b5a68d
60	anim15R	17	3	e5ded0
60	anim15R	18	2	cc9999
60	anim15R	19	3	dcd4c7
60	anim15R	20	2	df5920
60	anim15R	21	2	d1581e
60	anim15R	22	1	8080ff
60	anim15R	23	1	5580d5
60	anim15R	24	1	5168ae
60	anim15R	25	1	515eac
60	anim15R	26	1	5669bb
60	anim15R	27	1	5571c6
60	anim15R	28	1	6276d8
60	anim15R	29	1	5d75cf
60	anim15R	30	1	4f4f9e
60	anim15R	31	1	6680cc
60	anim15R	32	1	f4ecea
60	anim15R	33	1	6666cc
60	anim15R	34	1	495592
60	anim15R	35	1	000080
60	anim15R	36	1	000000
60	anim15R	37	1	6d6ddb
60	anim15R	38	1	0000ff
60	anim15R	39	1	5555aa
60	anim15R	40	1	6080bf
60	anim15R	41	1	4080bf
60	anim16L	1	3	f7f0e3
60	anim16L	2	3	f8ecd9
60	anim16L	3	3	ffe3e3
60	anim16L	4	3	ffffff
60	anim16L	5	3	ffffcc
60	anim16L	6	3	ffffdb
60	anim16L	7	3	f8f2f1
60	anim16L	8	3	efe8d8
60	anim16L	9	3	e5ded0
60	anim16L	10	3	dcd4c7
60	anim16L	11	2	f55b24
60	anim16L	12	3	b5a68d
60	anim16L	13	3	f9e7ce
60	anim16L	14	3	d1c6b1
60	anim16L	15	2	ffffff
60	anim16L	16	3	bcb3a2
60	anim16L	17	2	bfbf80
60	anim16L	18	3	bfb099
60	anim16L	19	2	d1581e
60	anim16L	20	3	d1c9bc
60	anim16L	21	3	c0b9ab
60	anim16L	22	2	bf9f80
60	anim16L	23	2	df5920
60	anim16L	24	2	cc9999
60	anim16L	25	1	8080ff
60	anim16L	26	1	6276d8
60	anim16L	27	1	6680cc
60	anim16L	28	1	f4ecea
60	anim16L	29	1	5d75cf
60	anim16L	30	1	4080bf
60	anim16L	31	1	6d6ddb
60	anim16L	32	1	0000ff
60	anim16L	33	1	6666cc
60	anim16L	34	1	5669bb
60	anim16L	35	2	b4a28d
60	anim16L	36	1	5571c6
60	anim16L	37	1	5555aa
60	anim16L	38	1	5580d5
60	anim16L	39	2	b69292
60	anim16L	40	2	aaaaaa
60	anim16L	41	1	6080bf
60	anim16L	42	1	5168ae
60	anim16R	1	3	ffffff
60	anim16R	2	3	f7f0e3
60	anim16R	3	3	f8ecd9
60	anim16R	4	3	ffe3e3
60	anim16R	5	3	efe8d8
60	anim16R	6	3	ffffcc
60	anim16R	7	3	f8f2f1
60	anim16R	8	3	ffffdb
60	anim16R	9	3	f9e7ce
60	anim16R	10	3	bfb099
60	anim16R	11	3	d1c6b1
60	anim16R	12	2	f55b24
60	anim16R	13	2	ffffff
60	anim16R	14	2	bfbf80
60	anim16R	15	2	bf9f80
60	anim16R	16	3	b5a68d
60	anim16R	17	3	e5ded0
60	anim16R	18	2	cc9999
60	anim16R	19	3	dcd4c7
60	anim16R	20	2	df5920
60	anim16R	21	2	b4a28d
60	anim16R	22	1	5d75cf
60	anim16R	23	1	6d6ddb
60	anim16R	24	1	5580d5
60	anim16R	25	1	6276d8
60	anim16R	26	2	d1581e
60	anim16R	27	1	8080ff
60	anim16R	28	1	5669bb
60	anim16R	29	1	5168ae
60	anim16R	30	1	5571c6
60	anim16R	31	1	515eac
60	anim16R	32	1	495592
60	anim16R	33	1	f4ecea
60	anim16R	34	1	6680cc
60	anim16R	35	1	000000
60	anim16R	36	1	4f4f9e
60	anim16R	37	1	0000ff
60	anim16R	38	1	556699
60	anim16R	39	1	5555aa
60	anim16R	40	1	6666cc
60	anim16R	41	1	6080bf
60	anim16R	42	1	4080bf
60	anim16R	43	2	aaaa8e
60	anim16R	44	2	aaaaaa
60	anim17L	1	3	ffe6e6
60	anim17L	2	3	f7f0e3
60	anim17L	3	3	ffffff
60	anim17L	4	3	ffffcc
60	anim17L	5	3	f8ecd9
60	anim17L	6	3	efe8d8
60	anim17L	7	3	f8f2f1
60	anim17L	8	3	ffffdb
60	anim17L	9	3	dcd4c7
60	anim17L	10	2	f55b24
60	anim17L	11	3	e5ded0
60	anim17L	12	3	bfb099
60	anim17L	13	2	bf9f80
60	anim17L	14	3	f9e7ce
60	anim17L	15	2	bfbf80
60	anim17L	16	3	d1c9bc
60	anim17L	17	2	d1581e
60	anim17L	18	2	ffffff
60	anim17L	19	3	b5a68d
60	anim17L	20	2	df5920
60	anim17L	21	2	cc9999
60	anim17L	22	3	c0b9ab
60	anim17L	23	3	d1c6b1
60	anim17L	24	1	4080bf
60	anim17L	25	2	b4a28d
60	anim17L	26	1	8080ff
60	anim17L	27	1	5d75cf
60	anim17L	28	1	6d6ddb
60	anim17L	29	1	6680cc
60	anim17L	30	1	6080bf
60	anim17L	31	1	f4ecea
60	anim17L	32	1	6276d8
60	anim17L	33	1	0000ff
60	anim17L	34	1	5571c6
60	anim17L	35	1	5555aa
60	anim17L	36	1	5669bb
60	anim17L	37	1	5580d5
60	anim17L	38	1	6666cc
60	anim17L	39	2	aaaa8e
60	anim17L	40	2	aaaaaa
60	anim17L	41	1	5168ae
60	anim17R	1	3	ffffdb
60	anim17R	2	3	f7f0e3
60	anim17R	3	3	efe8d8
60	anim17R	4	3	ffffff
60	anim17R	5	3	f8ecd9
60	anim17R	6	3	ffe3e3
60	anim17R	7	3	f8f2f1
60	anim17R	8	3	ffffcc
60	anim17R	9	3	f9e7ce
60	anim17R	10	2	ffffff
60	anim17R	11	2	f55b24
60	anim17R	12	3	b5a68d
60	anim17R	13	3	e5ded0
60	anim17R	14	3	d1c6b1
60	anim17R	15	2	bf9f80
60	anim17R	16	2	cc9999
60	anim17R	17	3	dcd4c7
60	anim17R	18	3	bfb099
60	anim17R	19	3	bcb3a2
60	anim17R	20	3	c0b9ab
60	anim17R	21	2	bfbf80
60	anim17R	22	3	d1c9bc
60	anim17R	23	2	df5920
60	anim17R	24	2	b4a28d
60	anim17R	25	1	f4ecea
60	anim17R	26	2	d1581e
60	anim17R	27	1	495592
60	anim17R	28	1	515eac
60	anim17R	29	1	5d75cf
60	anim17R	30	1	8080ff
60	anim17R	31	1	6680cc
60	anim17R	32	1	5571c6
60	anim17R	33	1	5168ae
60	anim17R	34	1	6080bf
60	anim17R	35	1	5669bb
60	anim17R	36	1	6276d8
60	anim17R	37	1	6666cc
60	anim17R	38	1	6d6ddb
60	anim17R	39	1	5580d5
60	anim17R	40	1	0000ff
60	anim17R	41	1	4080bf
60	anim17R	42	1	5555aa
60	anim17R	43	2	aaaa8e
60	anim17R	44	2	aaaa80
60	anim17R	45	2	aaaaaa
60	anim18L	1	3	f7f0e3
60	anim18L	2	3	ffe6e6
60	anim18L	3	3	ffffdb
60	anim18L	4	3	f8ecd9
60	anim18L	5	3	ffffff
60	anim18L	6	3	efe8d8
60	anim18L	7	3	f8f2f1
60	anim18L	8	3	ffffcc
60	anim18L	9	3	fae9cd
60	anim18L	10	3	d1c9bc
60	anim18L	11	2	f55b24
60	anim18L	12	3	d1c6b1
60	anim18L	13	3	dcd4c7
60	anim18L	14	2	ffffff
60	anim18L	15	3	bfb099
60	anim18L	16	3	c0b9ab
60	anim18L	17	3	b5a68d
60	anim18L	18	2	bf9f80
60	anim18L	19	3	e5ded0
60	anim18L	20	2	bfbf80
60	anim18L	21	2	cc9999
60	anim18L	22	3	bcb3a2
60	anim18L	23	2	df5920
60	anim18L	24	1	5580d5
60	anim18L	25	1	f4ecea
60	anim18L	26	2	d1581e
60	anim18L	27	1	6d6ddb
60	anim18L	28	1	6680cc
60	anim18L	29	1	5d75cf
60	anim18L	30	1	8080ff
60	anim18L	31	1	4080bf
60	anim18L	32	1	6276d8
60	anim18L	33	1	6666cc
60	anim18L	34	2	aaaaaa
60	anim18L	35	2	b4a28d
60	anim18L	36	1	596fc5
60	anim18L	37	1	6080bf
60	anim18L	38	1	0000ff
60	anim18L	39	1	5669bb
60	anim18L	40	1	5555aa
60	anim18L	41	2	808080
60	anim18L	42	2	aaaa8e
60	anim18L	43	1	5168ae
60	anim18R	1	3	f9e7ce
60	anim18R	2	3	f7f0e3
60	anim18R	3	3	ffffff
60	anim18R	4	3	ffffdb
60	anim18R	5	3	ffffcc
60	anim18R	6	3	f8ecd9
60	anim18R	7	3	ffe6e6
60	anim18R	8	3	efe8d8
60	anim18R	9	3	f8f2f1
60	anim18R	10	3	e5ded0
60	anim18R	11	2	f55b24
60	anim18R	12	2	bf9f80
60	anim18R	13	2	bfbf80
60	anim18R	14	2	cc9999
60	anim18R	15	2	ffffff
60	anim18R	16	2	df5920
60	anim18R	17	2	d1581e
60	anim18R	18	3	dcd4c7
60	anim18R	19	1	515eac
60	anim18R	20	1	556699
60	anim18R	21	1	5669bb
60	anim18R	22	1	8080ff
60	anim18R	23	1	5555aa
60	anim18R	24	1	4f4f9e
60	anim18R	25	1	596fc5
60	anim18R	26	1	5d75cf
60	anim18R	27	1	6080bf
60	anim18R	28	1	6276d8
60	anim18R	29	1	5580d5
60	anim18R	30	1	5168ae
60	anim18R	31	2	b4a28d
60	anim18R	32	1	6680cc
60	anim18R	33	1	6d6ddb
60	anim18R	34	1	f4ecea
60	anim18R	35	1	6666cc
60	anim18R	36	1	0000ff
60	anim18R	37	1	000000
60	anim18R	38	1	4080bf
60	anim18R	39	2	aaaaaa
60	anim18R	40	2	b69292
60	anim18R	41	2	aaaa8e
60	anim18R	42	2	aaaa80
60	anim1L	1	3	ffffdb
60	anim1L	2	3	f7f0e3
60	anim1L	3	3	ffffcc
60	anim1L	4	3	ffffff
60	anim1L	5	3	e5ded0
60	anim1L	6	3	f8edda
60	anim1L	7	3	f8f2f1
60	anim1L	8	3	efe8d8
60	anim1L	9	3	ffe3e3
60	anim1L	10	3	fae8cd
60	anim1L	11	3	dcd4c7
60	anim1L	12	3	d1c9bc
60	anim1L	13	3	bfb099
60	anim1L	14	2	f55b24
60	anim1L	15	2	bfbf80
60	anim1L	16	2	cc9999
60	anim1L	17	3	b5a68d
60	anim1L	18	3	c0b9ab
60	anim1L	19	3	bcb3a2
60	anim1L	20	2	ffffff
60	anim1L	21	2	df5920
60	anim1L	22	2	b4a28d
60	anim1L	23	2	b69292
60	anim1L	24	2	aaaaaa
60	anim1L	25	2	d1581e
60	anim1L	26	1	f4ecea
60	anim1L	27	1	6680cc
60	anim1L	28	1	5d75cf
60	anim1L	29	1	8080ff
60	anim1L	30	1	586dc3
60	anim1L	31	1	6276d8
60	anim1L	32	1	4f4f9e
60	anim1L	33	1	5580d5
60	anim1L	34	1	6080bf
60	anim1L	35	1	6d6ddb
60	anim1L	36	1	6666cc
60	anim1L	37	1	0000ff
60	anim1L	38	1	4080bf
60	anim1L	39	1	4f5aa5
60	anim1L	40	1	5567b9
60	anim1L	41	2	808080
60	anim1R	1	3	ffffdb
60	anim1R	2	3	ffffcc
60	anim1R	3	3	f7f0e3
60	anim1R	4	3	f8f2f1
60	anim1R	5	3	ffffff
60	anim1R	6	3	efe8d8
60	anim1R	7	3	ffe3e3
60	anim1R	8	3	f8edda
60	anim1R	9	2	f55b24
60	anim1R	10	2	bfbf80
60	anim1R	11	2	ffffff
60	anim1R	12	2	df5920
60	anim1R	13	2	cc9999
60	anim1R	14	3	e5ded0
60	anim1R	15	2	b4a28d
60	anim1R	16	2	b69292
60	anim1R	17	2	aaaa80
60	anim1R	18	2	d1581e
60	anim1R	19	1	4f4f9e
60	anim1R	20	1	5567b9
60	anim1R	21	1	5168ae
60	anim1R	22	1	6080bf
60	anim1R	23	1	6276d8
60	anim1R	24	1	5d75cf
60	anim1R	25	1	586dc3
60	anim1R	26	1	f4ecea
60	anim1R	27	1	4f5aa5
60	anim1R	28	1	6680cc
60	anim1R	29	1	8080ff
60	anim1R	30	1	5580d5
60	anim1R	31	1	0000ff
60	anim1R	32	1	4080bf
60	anim1R	33	2	aaaaaa
60	anim1R	34	1	6666cc
60	anim1R	35	1	6d6ddb
60	anim1R	36	2	808080
60	anim1R	37	2	aaaa8e
60	anim2L	1	3	f8f2f1
60	anim2L	2	3	ffffdb
60	anim2L	3	3	f7f0e3
60	anim2L	4	3	ffffcc
60	anim2L	5	3	ffffff
60	anim2L	6	3	e5ded0
60	anim2L	7	3	ffe3e3
60	anim2L	8	3	efe8d8
60	anim2L	9	3	f8edda
60	anim2L	10	3	fae8ce
60	anim2L	11	3	dcd4c7
60	anim2L	12	3	d1c9bc
60	anim2L	13	3	bfb099
60	anim2L	14	2	f55b24
60	anim2L	15	2	bfbf80
60	anim2L	16	2	bf9f80
60	anim2L	17	3	b5a68d
60	anim2L	18	3	c0b9ab
60	anim2L	19	2	ffffff
60	anim2L	20	3	bcb3a2
60	anim2L	21	2	df5920
60	anim2L	22	2	cc9999
60	anim2L	23	2	b4a28d
60	anim2L	24	2	b69292
60	anim2L	25	2	d1581e
60	anim2L	26	1	f4ecea
60	anim2L	27	1	6276d8
60	anim2L	28	1	5d75cf
60	anim2L	29	2	aaaa8e
60	anim2L	30	1	8080ff
60	anim2L	31	1	6680cc
60	anim2L	32	1	0000ff
60	anim2L	33	1	586dc3
60	anim2L	34	1	6080bf
60	anim2L	35	1	5580d5
60	anim2L	36	1	6666cc
60	anim2L	37	1	6d6ddb
60	anim2L	38	1	5555aa
60	anim2L	39	2	aaaaaa
60	anim2L	40	1	5668ba
60	anim2L	41	1	4080bf
60	anim2L	42	2	808080
60	anim2R	1	3	ffffdb
60	anim2R	2	3	ffffcc
60	anim2R	3	3	f7f0e3
60	anim2R	4	3	f8f2f1
60	anim2R	5	3	f8edda
60	anim2R	6	3	ffffff
60	anim2R	7	3	efe8d8
60	anim2R	8	3	ffe3e3
60	anim2R	9	3	fae8cd
60	anim2R	10	3	c0b9ab
60	anim2R	11	2	f55b24
60	anim2R	12	2	bfbf80
60	anim2R	13	2	ffffff
60	anim2R	14	2	df5920
60	anim2R	15	2	cc9999
60	anim2R	16	2	bf9f80
60	anim2R	17	3	d1c9bc
60	anim2R	18	3	e5ded0
60	anim2R	19	2	aaaa80
60	anim2R	20	2	b4a28d
60	anim2R	21	1	5668ba
60	anim2R	22	1	5555aa
60	anim2R	23	1	5168ae
60	anim2R	24	2	aaaa8e
60	anim2R	25	1	6680cc
60	anim2R	26	1	6276d8
60	anim2R	27	1	5d75cf
60	anim2R	28	1	586dc3
60	anim2R	29	1	6666cc
60	anim2R	30	1	f4ecea
60	anim2R	31	1	4f4f9e
60	anim2R	32	1	5580d5
60	anim2R	33	1	8080ff
60	anim2R	34	1	6080bf
60	anim2R	35	1	0000ff
60	anim2R	36	2	aaaaaa
60	anim2R	37	3	dcd4c7
60	anim2R	38	1	4080bf
60	anim2R	39	2	808080
60	anim2R	40	1	6d6ddb
60	anim3L	1	3	f7f0e3
60	anim3L	2	3	ffffff
60	anim3L	3	3	ffe3e3
60	anim3L	4	3	f8edda
60	anim3L	5	3	ffffdb
60	anim3L	6	3	f8f2f1
60	anim3L	7	3	efe8d8
60	anim3L	8	3	fae8ce
60	anim3L	9	3	b5a68d
60	anim3L	10	3	bfb099
60	anim3L	11	2	f55b24
60	anim3L	12	3	ffffcc
60	anim3L	13	3	e5ded0
60	anim3L	14	2	bfbf80
60	anim3L	15	3	dcd4c7
60	anim3L	16	2	bf9f80
60	anim3L	17	3	d1c9bc
60	anim3L	18	2	ffffff
60	anim3L	19	2	cc9999
60	anim3L	20	2	b4a28d
60	anim3L	21	3	aaaaaa
60	anim3L	22	2	aaaaaa
60	anim3L	23	1	6680cc
60	anim3L	24	1	6d6ddb
60	anim3L	25	1	6276d8
60	anim3L	26	1	5d75cf
60	anim3L	27	1	f4ecea
60	anim3L	28	1	5580d5
60	anim3L	29	1	8080ff
60	anim3L	30	3	c0b9ab
60	anim3L	31	2	df5920
60	anim3L	32	1	6666cc
60	anim3L	33	1	0000ff
60	anim3L	34	1	6080bf
60	anim3L	35	1	5555aa
60	anim3L	36	1	586dc3
60	anim3L	37	1	4080bf
60	anim3L	38	2	aaaa8e
60	anim3R	1	3	f8f2f1
60	anim3R	2	3	f7f0e3
60	anim3R	3	3	ffe3e3
60	anim3R	4	3	ffffff
60	anim3R	5	3	efe8d8
60	anim3R	6	3	f8edda
60	anim3R	7	3	ffffdb
60	anim3R	8	3	ffffcc
60	anim3R	9	2	f55b24
60	anim3R	10	2	cc9999
60	anim3R	11	2	ffffff
60	anim3R	12	2	bfbf80
60	anim3R	13	3	e5ded0
60	anim3R	14	2	bf9f80
60	anim3R	15	2	b4a28d
60	anim3R	16	1	5d75cf
60	anim3R	17	1	586dc3
60	anim3R	18	1	6080bf
60	anim3R	19	1	8080ff
60	anim3R	20	1	f4ecea
60	anim3R	21	1	6680cc
60	anim3R	22	1	5668ba
60	anim3R	23	1	6666cc
60	anim3R	24	1	6276d8
60	anim3R	25	1	5168ae
60	anim3R	26	1	0000ff
60	anim3R	27	2	df5920
60	anim3R	28	2	808080
60	anim3R	29	2	d1581e
60	anim3R	30	1	5555aa
60	anim3R	31	1	5580d5
60	anim3R	32	1	4080bf
60	anim3R	33	1	6d6ddb
60	anim3R	34	2	aaaaaa
60	anim3R	35	3	fae8ce
60	anim3R	36	2	aaaa8e
60	dieL	1	3	ffffff
60	dieL	2	3	f7f0e3
60	dieL	3	3	ffffdb
60	dieL	4	3	f8edda
60	dieL	5	3	f8f2f1
60	dieL	6	3	ffe3e3
60	dieL	7	3	ffffcc
60	dieL	8	3	efe8d8
60	dieL	9	2	cc9999
60	dieL	10	2	b4a28d
60	dieL	11	2	ffffff
60	dieL	12	3	e5ded0
60	dieL	13	2	f55b24
60	dieL	14	3	dcd4c7
60	dieL	15	2	aaaaaa
60	dieL	16	3	d1c9bc
60	dieL	17	1	5d75cf
60	dieL	18	1	566abe
60	dieL	19	2	bfbf80
60	dieL	20	1	4f5aa5
60	dieL	21	1	6680cc
60	dieL	22	1	6276d8
60	dieL	23	1	5580d5
60	dieL	24	3	bcb3a2
60	dieL	25	1	f4ecea
60	dieL	26	1	6080bf
60	dieL	27	1	6666cc
60	dieL	28	3	bfb099
60	dieL	29	1	8080ff
60	dieL	30	3	b5a68d
60	dieL	31	2	aaaa8e
60	dieL	32	2	df5920
60	dieL	33	1	4080bf
60	dieL	34	2	b69292
60	dieL	35	1	0000ff
60	dieL	36	3	c0b9ab
60	dieL	37	1	6d6ddb
60	dieL	38	1	5465b5
60	dieR	1	3	f8f2f1
60	dieR	2	3	dcd4c7
60	dieR	3	3	f7f0e3
60	dieR	4	3	ffffff
60	dieR	5	3	efe8d8
60	dieR	6	1	f4ecea
60	dieR	7	3	ffe3e3
60	dieR	8	3	ffffdb
60	dieR	9	1	6680cc
60	dieR	10	2	cc9999
60	dieR	11	2	ffffff
60	dieR	12	1	8080ff
60	dieR	13	3	f8edda
60	dieR	14	3	ffffcc
60	dieR	15	2	b4a28d
60	dieR	16	1	6080bf
60	dieR	17	2	aaaaaa
60	dieR	18	2	bfbf80
60	dieR	19	1	6276d8
60	dieR	20	1	5d75cf
60	dieR	21	3	e5ded0
60	dieR	22	1	4f5aa5
60	dieR	23	2	f55b24
60	dieR	24	2	df5920
60	dieR	25	1	5580d5
60	dieR	26	1	5465b5
60	dieR	27	2	d1581e
60	dieR	28	1	566abe
60	dieR	29	1	6666cc
60	dieR	30	1	6d6ddb
60	dieR	31	1	0000ff
60	dieR	32	1	4080bf
60	dieR	33	3	b5a68d
60	dieR	34	3	bcb3a2
60	dieR	35	3	c0b9ab
60	dieR	36	3	d1c9bc
60	dieR	37	3	bfb099
60	hitL	1	3	f7f0e3
60	hitL	2	3	efe8d8
60	hitL	3	3	ffe3e3
60	hitL	4	3	f8edda
60	hitL	5	3	ffffdb
60	hitL	6	3	ffffff
60	hitL	7	3	ffffcc
60	hitL	8	2	f55b24
60	hitL	9	3	bfb099
60	hitL	10	3	d1c9bc
60	hitL	11	2	cc9999
60	hitL	12	2	bfbf80
60	hitL	13	3	b5a68d
60	hitL	14	2	ffffff
60	hitL	15	3	e5ded0
60	hitL	16	3	dcd4c7
60	hitL	17	1	5d75cf
60	hitL	18	1	8080ff
60	hitL	19	1	6680cc
60	hitL	20	1	6666cc
60	hitL	21	1	6276d8
60	hitL	22	1	566abe
60	hitL	23	1	5580d5
60	hitL	24	1	5465b5
60	hitL	25	1	6080bf
60	hitL	26	1	0000ff
60	hitR	1	3	ffffcc
60	hitR	2	3	f7f0e3
60	hitR	3	3	ffffff
60	hitR	4	3	f8edda
60	hitR	5	3	ffffdb
60	hitR	6	2	f55b24
60	hitR	7	2	bfbf80
60	hitR	8	3	efe8d8
60	hitR	9	3	ffe3e3
60	hitR	10	2	ffffff
60	hitR	11	2	d1581e
60	hitR	12	1	4f4f9e
60	hitR	13	1	6680cc
60	hitR	14	2	cc9999
60	hitR	15	1	6666cc
60	hitR	16	1	5d75cf
60	hitR	17	1	0000ff
60	hitR	18	1	4f5aa5
60	hitR	19	1	566abe
60	hitR	20	1	6080bf
60	hitR	21	1	5465b5
60	hitR	22	1	5580d5
60	hitR	23	1	8080ff
60	hitR	24	1	4080bf
60	hitR	25	1	6276d8
60	runB	1	3	ffffff
60	runB	2	3	f7f0e3
60	runB	3	3	f8edda
60	runB	4	3	efe8d8
60	runB	5	3	e5ded0
60	runB	6	3	ffffdb
60	runB	7	3	ffe3e3
60	runB	8	3	d1c9bc
60	runB	9	3	c0b9ab
60	runB	10	3	dcd4c7
60	runB	11	3	ffffcc
60	runB	12	3	bcb3a2
60	runB	13	3	b5a68d
60	runB	14	2	df5920
60	runB	15	2	f55b24
60	runB	16	3	bfb099
60	runB	17	2	bfbf80
60	runB	18	2	d1581e
60	runB	19	2	cc9999
60	runB	20	2	ffffff
60	runB	21	1	6680cc
60	runB	22	1	5d75cf
60	runB	23	2	b4a28d
60	runB	24	1	8080ff
60	runB	25	1	5555aa
60	runB	26	1	6666cc
60	runB	27	1	6276d8
60	runB	28	1	5571c6
60	runB	29	1	6d6ddb
60	runB	30	2	aaaa80
60	runB	31	1	5580d5
60	runB	32	2	808080
60	runB	33	2	aaaaaa
60	runB	34	1	0000ff
60	runB	35	1	6080bf
60	runB	36	1	4080bf
60	runB	37	1	5667b9
60	runF	1	3	ffe3e3
60	runF	2	3	f7f0e3
60	runF	3	3	f8edda
60	runF	4	3	ffffff
60	runF	5	3	ffffcc
60	runF	6	3	efe8d8
60	runF	7	3	ffffdb
60	runF	8	3	d2cabd
60	runF	9	3	e9dfd0
60	runF	10	3	dcd4c7
60	runF	11	3	c0b9ab
60	runF	12	3	bfb099
60	runF	13	3	c9c1b4
60	runF	14	3	b5a68d
60	runF	15	2	ffffff
60	runF	16	2	f55b24
60	runF	17	2	bfbf80
60	runF	18	2	cc9999
60	runF	19	2	df5920
60	runF	20	2	b4a28d
60	runF	21	2	d1581e
60	runF	22	1	8080ff
60	runF	23	1	6680cc
60	runF	24	1	5d75cf
60	runF	25	1	6d6ddb
60	runF	26	1	4080bf
60	runF	27	1	5580d5
60	runF	28	1	6276d8
60	runF	29	1	6666cc
60	runF	30	1	5667b9
60	runF	31	1	5555aa
60	runF	32	1	5571c6
60	runF	33	2	b69292
60	runF	34	1	0000ff
60	runF	35	2	aaaaaa
60	runF	36	1	6080bf
60	runL	1	3	ffffdb
60	runL	2	3	ffffff
60	runL	3	3	f7f0e3
60	runL	4	3	f8edda
60	runL	5	3	ffe3e3
60	runL	6	3	ffffcc
60	runL	7	3	eae1d3
60	runL	8	2	f55b24
60	runL	9	3	bfb099
60	runL	10	3	d2cabd
60	runL	11	2	bfbf80
60	runL	12	2	ffffff
60	runL	13	3	dcd4c7
60	runL	14	2	cc9999
60	runL	15	3	b5a68d
60	runL	16	3	c9c1b4
60	runL	17	2	b4a28d
60	runL	18	2	df5920
60	runL	19	3	c0b9ab
60	runL	20	2	d1581e
60	runL	21	1	5d75cf
60	runL	22	1	6680cc
60	runL	23	2	b39999
60	runL	24	2	aaaaaa
60	runL	25	1	8080ff
60	runL	26	1	6276d8
60	runL	27	1	6666cc
60	runL	28	1	4080bf
60	runL	29	1	5580d5
60	runL	30	1	5555aa
60	runL	31	1	6d6ddb
60	runL	32	1	6080bf
60	runL	33	1	0000ff
60	runL	34	1	5571c6
60	runL	35	2	808080
60	runL	36	1	5667b9
60	runR	1	3	f7f0e3
60	runR	2	3	ffffff
60	runR	3	3	ffe3e3
60	runR	4	3	ffffdb
60	runR	5	3	ffffcc
60	runR	6	3	eae1d3
60	runR	7	2	ffffff
60	runR	8	3	d2cabd
60	runR	9	2	bfbf80
60	runR	10	2	f55b24
60	runR	11	3	b5a68d
60	runR	12	2	cc9999
60	runR	13	3	dcd4c7
60	runR	14	3	bfb099
60	runR	15	2	b4a28d
60	runR	16	3	c9c1b4
60	runR	17	2	df5920
60	runR	18	3	c0b9ab
60	runR	19	1	0000ff
60	runR	20	1	6680cc
60	runR	21	1	8080ff
60	runR	22	2	d1581e
60	runR	23	2	b69292
60	runR	24	1	5571c6
60	runR	25	1	5d75cf
60	runR	26	1	6276d8
60	runR	27	2	aaaaaa
60	runR	28	1	5555aa
60	runR	29	1	5667b9
60	runR	30	1	5580d5
60	runR	31	1	6666cc
60	runR	32	1	6080bf
60	runR	33	1	6d6ddb
60	runR	34	2	aaaa80
60	runR	35	1	4080bf
60	runS	1	3	f7f0e3
60	runS	2	3	ffffff
60	runS	3	3	ffe3e3
60	runS	4	3	ffffcc
60	runS	5	3	ffffdb
60	runS	6	3	eae1d3
60	runS	7	2	ffffff
60	runS	8	3	dcd4c7
60	runS	9	2	d1581e
60	runS	10	2	df5920
60	runS	11	3	d2cabd
60	runS	12	2	f55b24
60	runS	13	2	bfbf80
60	runS	14	3	bfb099
60	runS	15	2	cc9999
60	runS	16	3	c9c1b4
60	runS	17	3	b5a68d
60	runS	18	3	c0b9ab
60	runS	19	1	5d75cf
60	runS	20	2	aaaaaa
60	runS	21	1	8080ff
60	runS	22	1	6680cc
60	runS	23	2	b4a28d
60	runS	24	1	5580d5
60	runS	25	1	6276d8
60	runS	26	1	6666cc
60	runS	27	1	5571c6
60	runS	28	1	5555aa
60	runS	29	2	aaaa80
60	runS	30	1	6d6ddb
60	runS	31	1	6080bf
60	runS	32	2	b39999
60	runS	33	2	808080
60	runS	34	1	0000ff
60	runS	35	1	5667b9
60	runS	36	1	4080bf
60	staticB	1	3	f7f0e3
60	staticB	2	3	ffffff
60	staticB	3	3	c0b9ab
60	staticB	4	2	f55b24
60	staticB	5	2	d1581e
60	staticB	6	1	5d75cf
60	staticF	1	3	ffffff
60	staticF	2	3	f7f0e3
60	staticF	3	3	b5a68d
60	staticF	4	2	f55b24
60	staticF	5	1	5d75cf
60	staticF	6	2	d1581e
60	staticL	1	3	f7f0e3
60	staticL	2	3	ffffff
60	staticL	3	3	ffffdb
60	staticL	4	3	c0b9ab
60	staticL	5	3	b5a68d
60	staticL	6	2	f55b24
60	staticL	7	1	5d75cf
60	staticL	8	1	5668bb
60	staticL	9	2	d1581e
60	staticR	1	3	f7f0e3
60	staticR	2	3	ffffff
60	staticR	3	2	f55b24
60	staticR	4	1	5d75cf
60	staticR	5	1	5668bb
60	staticR	6	2	d1581e
60	staticS	1	3	f7f0e3
60	staticS	2	3	ffffff
60	staticS	3	3	b5a68d
60	staticS	4	2	f55b24
60	staticS	5	2	d1581e
60	staticS	6	1	5d75cf
60	walkB	1	3	ffffff
60	walkB	2	3	ffe3e3
60	walkB	3	3	ffffdb
60	walkB	4	3	f7f0e3
60	walkB	5	3	ffffcc
60	walkB	6	3	eae1d3
60	walkB	7	3	dcd4c7
60	walkB	8	3	d2cabd
60	walkB	9	3	c0b9ab
60	walkB	10	3	c9c1b4
60	walkB	11	3	bfb099
60	walkB	12	3	b5a68d
60	walkB	13	2	bfbf80
60	walkB	14	2	ffffff
60	walkB	15	2	dc5920
60	walkB	16	2	f55b24
60	walkB	17	2	d1581e
60	walkB	18	2	cc9999
60	walkB	19	1	6d6ddb
60	walkB	20	1	8080ff
60	walkB	21	1	5555aa
60	walkB	22	1	5d75cf
60	walkB	23	1	6276d8
60	walkB	24	1	6080bf
60	walkB	25	1	0000ff
60	walkB	26	1	4080bf
60	walkB	27	2	b4a28d
60	walkB	28	2	aaaaaa
60	walkB	29	1	5580d5
60	walkB	30	1	5667b9
60	walkB	31	2	b39999
60	walkB	32	2	aaaa80
60	walkF	1	3	ffffff
60	walkF	2	3	ffffcc
60	walkF	3	3	eae1d3
60	walkF	4	3	f7f0e3
60	walkF	5	3	ffffdb
60	walkF	6	3	ffe6e6
60	walkF	7	3	e3d9c9
60	walkF	8	3	d6cbb9
60	walkF	9	3	c0b9ab
60	walkF	10	3	bfb099
60	walkF	11	3	b5a68d
60	walkF	12	2	ffffff
60	walkF	13	2	f55b24
60	walkF	14	2	bfbf80
60	walkF	15	2	cc9999
60	walkF	16	2	d1581e
60	walkF	17	2	dc5920
60	walkF	18	1	8080ff
60	walkF	19	1	5667b9
60	walkF	20	1	5d75cf
60	walkF	21	1	6276d8
60	walkF	22	1	6d6ddb
60	walkF	23	1	5580d5
60	walkF	24	1	0000ff
60	walkF	25	1	6080bf
60	walkF	26	2	b4a28d
60	walkF	27	2	b39999
60	walkF	28	1	5555aa
60	walkF	29	2	aaaaaa
60	walkF	30	1	4080bf
60	walkL	1	3	ffffff
60	walkL	2	3	f7f0e3
60	walkL	3	3	ffffcc
60	walkL	4	3	ffffdb
60	walkL	5	3	ffe6e6
60	walkL	6	3	c0b9ab
60	walkL	7	2	f55b24
60	walkL	8	3	bdae97
60	walkL	9	2	ffffff
60	walkL	10	3	b5a68d
60	walkL	11	2	bfbf80
60	walkL	12	2	cc9999
60	walkL	13	2	d1581e
60	walkL	14	2	dc5920
60	walkL	15	1	8080ff
60	walkL	16	1	5d75cf
60	walkL	17	1	6d6ddb
60	walkL	18	1	6276d8
60	walkL	19	1	5667b9
60	walkL	20	1	6080bf
60	walkL	21	1	5555aa
60	walkL	22	1	4080bf
60	walkL	23	1	5580d5
60	walkL	24	2	b4a28d
60	walkL	25	2	aaaaaa
60	walkL	26	1	0000ff
60	walkL	27	2	aaaa80
60	walkL	28	2	aaaa8e
60	walkR	1	3	ffffff
60	walkR	2	3	ffffdb
60	walkR	3	3	f7f0e3
60	walkR	4	3	ffffcc
60	walkR	5	3	ffe6e6
60	walkR	6	2	ffffff
60	walkR	7	2	f55b24
60	walkR	8	2	bfbf80
60	walkR	9	2	cc9999
60	walkR	10	2	dc5920
60	walkR	11	3	c0b9ab
60	walkR	12	2	d1581e
60	walkR	13	1	8080ff
60	walkR	14	1	6d6ddb
60	walkR	15	1	5d75cf
60	walkR	16	2	aaaa8e
60	walkR	17	1	6276d8
60	walkR	18	2	b3a28d
60	walkR	19	1	5555aa
60	walkR	20	1	5667b9
60	walkR	21	1	5580d5
60	walkR	22	1	6080bf
60	walkR	23	2	808080
60	walkR	24	1	4080bf
60	walkR	25	1	0000ff
60	walkR	26	2	aaaa80
60	walkS	1	3	ffffff
60	walkS	2	3	ffffcc
60	walkS	3	3	ffffdb
60	walkS	4	3	ffe6e6
60	walkS	5	3	f7f0e3
60	walkS	6	3	c0b9ab
60	walkS	7	3	bdae97
60	walkS	8	3	b5a68d
60	walkS	9	2	f55b24
60	walkS	10	2	dc5920
60	walkS	11	2	b3a28d
60	walkS	12	2	ffffff
60	walkS	13	2	d1581e
60	walkS	14	1	8080ff
60	walkS	15	1	6d6ddb
60	walkS	16	2	808080
60	walkS	17	1	5d75cf
60	walkS	18	1	4080bf
60	walkS	19	1	5668bb
60	walkS	20	1	5580d5
60	walkS	21	2	aaaa80
60	walkS	22	1	6080bf
60	walkS	23	1	0000ff
61	anim0L	1	1	f55b24
61	anim0L	2	3	ffffff
61	anim0L	3	3	f7f0e3
61	anim0L	4	3	ffffdb
61	anim0L	5	3	f8f2f1
61	anim0L	6	3	f1e8da
61	anim0L	7	1	f4ecea
61	anim0L	8	3	ffe6e6
61	anim0L	9	3	ffffcc
61	anim0L	10	2	aaaa95
61	anim0L	11	2	b4a28d
61	anim0L	12	2	ffffff
61	anim0L	13	3	bbae96
61	anim0L	14	2	cc9999
61	anim0L	15	3	e9e1d1
61	anim0L	16	3	dacfbd
61	anim0L	17	2	bfbf80
61	anim0L	18	2	5d75cf
61	anim0L	19	2	aaaaaa
61	anim0L	20	2	8080ff
61	anim0L	21	2	6666cc
61	anim0L	22	2	5571c6
61	anim0L	23	2	5580d5
61	anim0L	24	2	6d6ddb
61	anim0L	25	2	0000ff
61	anim0L	26	2	6080bf
61	anim0L	27	2	5555aa
61	anim0L	28	2	b69292
61	anim0L	29	2	4080bf
61	anim0L	30	2	aaaa80
61	anim0R	1	3	ffffcc
61	anim0R	2	3	f1e8da
61	anim0R	3	3	f8f2f1
61	anim0R	4	3	ffe3e3
61	anim0R	5	3	ffffff
61	anim0R	6	3	f7f0e3
61	anim0R	7	1	f55b24
61	anim0R	8	3	dacfbd
61	anim0R	9	3	e1d7c7
61	anim0R	10	3	ffffdb
61	anim0R	11	1	f4ecea
61	anim0R	12	3	e9e1d1
61	anim0R	13	2	aaaa80
61	anim0R	14	2	ffffff
61	anim0R	15	2	b4a28d
61	anim0R	16	2	cc9999
61	anim0R	17	2	aaaa8e
61	anim0R	18	2	b69292
61	anim0R	19	2	bfbf80
61	anim0R	20	2	808080
61	anim0R	21	2	6d6ddb
61	anim0R	22	2	5d75cf
61	anim0R	23	2	5555aa
61	anim0R	24	2	8080ff
61	anim0R	25	2	6666cc
61	anim0R	26	2	5580d5
61	anim0R	27	2	0000ff
61	anim0R	28	2	5571c6
61	anim0R	29	2	6080bf
61	anim0R	30	2	4080bf
61	anim0R	31	2	aaaaaa
61	anim10L	1	3	f1e8da
61	anim10L	2	3	ffe6e6
61	anim10L	3	3	f7f0e3
61	anim10L	4	3	ffffff
61	anim10L	5	3	dacfbd
61	anim10L	6	1	f55b24
61	anim10L	7	3	ffffcc
61	anim10L	8	1	f4ecea
61	anim10L	9	3	f8f2f1
61	anim10L	10	3	ffffdb
61	anim10L	11	3	e9e1d1
61	anim10L	12	3	e1d7c7
61	anim10L	13	2	cc9999
61	anim10L	14	2	ffffff
61	anim10L	15	2	aaaa95
61	anim10L	16	2	b4a28d
61	anim10L	17	3	d4c8b4
61	anim10L	18	2	aaaaaa
61	anim10L	19	2	6080bf
61	anim10L	20	2	6680cc
61	anim10L	21	2	6276d8
61	anim10L	22	2	5d75cf
61	anim10L	23	2	5571c6
61	anim10L	24	2	6666cc
61	anim10L	25	2	0000ff
61	anim10L	26	2	8080ff
61	anim10L	27	2	808080
61	anim10L	28	2	5580d5
61	anim10L	29	2	5555aa
61	anim10L	30	2	6d6ddb
61	anim10L	31	2	bfbf80
61	anim10L	32	2	4080bf
61	anim10R	1	3	ffffff
61	anim10R	2	3	ffe6e6
61	anim10R	3	3	f1e8da
61	anim10R	4	3	f7f0e3
61	anim10R	5	3	ffffdb
61	anim10R	6	3	f8f2f1
61	anim10R	7	3	e1d7c7
61	anim10R	8	3	ffffcc
61	anim10R	9	1	f55b24
61	anim10R	10	1	f4ecea
61	anim10R	11	3	e9e1d1
61	anim10R	12	3	dacfbd
61	anim10R	13	2	ffffff
61	anim10R	14	2	cc9999
61	anim10R	15	2	aaaaaa
61	anim10R	16	2	b4a28d
61	anim10R	17	2	aaaa80
61	anim10R	18	2	8080ff
61	anim10R	19	2	4080bf
61	anim10R	20	2	6666cc
61	anim10R	21	2	5d75cf
61	anim10R	22	2	5580d5
61	anim10R	23	2	5571c6
61	anim10R	24	2	6080bf
61	anim10R	25	2	6680cc
61	anim10R	26	2	aaaa95
61	anim10R	27	2	5555aa
61	anim10R	28	2	0000ff
61	anim10R	29	2	6d6ddb
61	anim11L	1	1	f55b24
61	anim11L	2	3	ffffcc
61	anim11L	3	1	f4ecea
61	anim11L	4	3	f7f0e3
61	anim11L	5	3	ffe6e6
61	anim11L	6	3	ffffdb
61	anim11L	7	3	ffffff
61	anim11L	8	3	f8f2f1
61	anim11L	9	3	f1e8da
61	anim11L	10	2	cc9999
61	anim11L	11	2	ffffff
61	anim11L	12	3	e9e1d1
61	anim11L	13	3	e1d7c7
61	anim11L	14	2	b4a28d
61	anim11L	15	2	bfbf80
61	anim11L	16	2	aaaa95
61	anim11L	17	2	4080bf
61	anim11L	18	2	5d75cf
61	anim11L	19	2	8080ff
61	anim11L	20	2	5555aa
61	anim11L	21	2	6276d8
61	anim11L	22	2	aaaaaa
61	anim11L	23	2	5571c6
61	anim11L	24	2	5580d5
61	anim11L	25	2	6680cc
61	anim11L	26	2	6080bf
61	anim11L	27	2	0000ff
61	anim11L	28	2	8b8dac
61	anim11L	29	2	6666cc
61	anim11L	30	2	6d6ddb
61	anim11L	31	2	808080
61	anim11R	1	3	ffffdb
61	anim11R	2	3	ffffff
61	anim11R	3	3	f7f0e3
61	anim11R	4	3	f8f2f1
61	anim11R	5	3	ffe6e6
61	anim11R	6	3	f1e8da
61	anim11R	7	3	ffffcc
61	anim11R	8	1	f55b24
61	anim11R	9	1	f4ecea
61	anim11R	10	3	e9e1d1
61	anim11R	11	3	e1d7c7
61	anim11R	12	2	cc9999
61	anim11R	13	2	aaaa95
61	anim11R	14	2	ffffff
61	anim11R	15	3	cabca7
61	anim11R	16	2	b4a28d
61	anim11R	17	2	aaaaaa
61	anim11R	18	2	8080ff
61	anim11R	19	2	6080bf
61	anim11R	20	2	6276d8
61	anim11R	21	2	bfbf80
61	anim11R	22	2	5d75cf
61	anim11R	23	2	5571c6
61	anim11R	24	2	0000ff
61	anim11R	25	2	6680cc
61	anim11R	26	2	5555aa
61	anim11R	27	3	dacfbd
61	anim11R	28	2	5580d5
61	anim11R	29	2	6666cc
61	anim11R	30	2	4080bf
61	anim11R	31	2	6d6ddb
61	anim11R	32	2	aaaa80
61	anim11R	33	3	d4c8b4
61	anim12L	1	1	f55b24
61	anim12L	2	3	ffffcc
61	anim12L	3	1	f4ecea
61	anim12L	4	3	f7f0e3
61	anim12L	5	3	ffe6e6
61	anim12L	6	3	ffffdb
61	anim12L	7	3	ffffff
61	anim12L	8	3	f8f2f1
61	anim12L	9	3	f1e8da
61	anim12L	10	2	cc9999
61	anim12L	11	2	ffffff
61	anim12L	12	3	e9e1d1
61	anim12L	13	3	e1d7c7
61	anim12L	14	2	b4a28d
61	anim12L	15	2	bfbf80
61	anim12L	16	2	aaaa95
61	anim12L	17	2	4080bf
61	anim12L	18	2	5d75cf
61	anim12L	19	2	8080ff
61	anim12L	20	2	5555aa
61	anim12L	21	2	6276d8
61	anim12L	22	2	aaaaaa
61	anim12L	23	2	5571c6
61	anim12L	24	2	5580d5
61	anim12L	25	2	6680cc
61	anim12L	26	2	7c85b8
61	anim12L	27	2	0000ff
61	anim12L	28	2	8b8dac
61	anim12L	29	2	6666cc
61	anim12L	30	2	6d6ddb
61	anim12L	31	2	9692a4
61	anim12L	32	2	808080
61	anim12L	33	2	6080bf
61	anim12R	1	3	ffffdb
61	anim12R	2	3	ffffff
61	anim12R	3	3	f7f0e3
61	anim12R	4	3	f8f2f1
61	anim12R	5	3	ffe6e6
61	anim12R	6	3	f1e8da
61	anim12R	7	3	ffffcc
61	anim12R	8	1	f55b24
61	anim12R	9	1	f4ecea
61	anim12R	10	3	e9e1d1
61	anim12R	11	3	e1d7c7
61	anim12R	12	2	cc9999
61	anim12R	13	2	aaaa95
61	anim12R	14	2	ffffff
61	anim12R	15	3	cabca7
61	anim12R	16	2	b4a28d
61	anim12R	17	2	aaaaaa
61	anim12R	18	2	8080ff
61	anim12R	19	2	6080bf
61	anim12R	20	2	6276d8
61	anim12R	21	2	bfbf80
61	anim12R	22	2	5d75cf
61	anim12R	23	2	5571c6
61	anim12R	24	2	0000ff
61	anim12R	25	2	8b8dac
61	anim12R	26	2	6680cc
61	anim12R	27	2	5555aa
61	anim12R	28	3	dacfbd
61	anim12R	29	2	5580d5
61	anim12R	30	2	6666cc
61	anim12R	31	2	4080bf
61	anim12R	32	2	6d6ddb
61	anim12R	33	2	aaaa80
61	anim12R	34	3	d4c8b4
61	anim13L	1	1	f55b24
61	anim13L	2	3	ffffcc
61	anim13L	3	1	f4ecea
61	anim13L	4	3	f7f0e3
61	anim13L	5	3	ffe6e6
61	anim13L	6	3	ffffdb
61	anim13L	7	3	ffffff
61	anim13L	8	3	f8f2f1
61	anim13L	9	3	f1e8da
61	anim13L	10	3	dacfbd
61	anim13L	11	3	e9e1d1
61	anim13L	12	2	cc9999
61	anim13L	13	2	ffffff
61	anim13L	14	2	808080
61	anim13L	15	2	b4a28d
61	anim13L	16	2	bfbf80
61	anim13L	17	2	8080ff
61	anim13L	18	2	aaaa95
61	anim13L	19	2	4080bf
61	anim13L	20	2	5d75cf
61	anim13L	21	2	5555aa
61	anim13L	22	2	6276d8
61	anim13L	23	2	aaaaaa
61	anim13L	24	2	5571c6
61	anim13L	25	2	5580d5
61	anim13L	26	2	6680cc
61	anim13L	27	2	7c85b8
61	anim13L	28	2	0000ff
61	anim13L	29	2	8b8dac
61	anim13L	30	3	e1d7c7
61	anim13L	31	2	6666cc
61	anim13L	32	2	6d6ddb
61	anim13L	33	2	9692a4
61	anim13L	34	2	6080bf
61	anim13R	1	3	ffffdb
61	anim13R	2	3	ffffff
61	anim13R	3	3	f1e8da
61	anim13R	4	3	f7f0e3
61	anim13R	5	3	f8f2f1
61	anim13R	6	3	ffe6e6
61	anim13R	7	3	ffffcc
61	anim13R	8	1	f55b24
61	anim13R	9	1	f4ecea
61	anim13R	10	3	e9e1d1
61	anim13R	11	3	e1d7c7
61	anim13R	12	2	cc9999
61	anim13R	13	2	aaaa95
61	anim13R	14	2	ffffff
61	anim13R	15	2	b4a28d
61	anim13R	16	2	aaaaaa
61	anim13R	17	2	0000ff
61	anim13R	18	2	5d75cf
61	anim13R	19	2	bfbf80
61	anim13R	20	2	8080ff
61	anim13R	21	2	6276d8
61	anim13R	22	2	4080bf
61	anim13R	23	2	5571c6
61	anim13R	24	2	5555aa
61	anim13R	25	2	9692a4
61	anim13R	26	2	7c85b8
61	anim13R	27	2	5580d5
61	anim13R	28	2	6680cc
61	anim13R	29	2	6666cc
61	anim13R	30	2	8b8dac
61	anim13R	31	2	6d6ddb
61	anim13R	32	2	6080bf
61	anim13R	33	2	aaaa80
61	anim13R	34	3	d4c8b4
61	anim13R	35	3	dacfbd
61	anim14L	1	1	f55b24
61	anim14L	2	3	ffffcc
61	anim14L	3	1	f4ecea
61	anim14L	4	3	f7f0e3
61	anim14L	5	3	ffe6e6
61	anim14L	6	3	ffffdf
61	anim14L	7	3	ffffff
61	anim14L	8	3	f8f2f1
61	anim14L	9	3	f1e8da
61	anim14L	10	3	ffffd5
61	anim14L	11	3	dacfbd
61	anim14L	12	3	e9e1d1
61	anim14L	13	2	cc9999
61	anim14L	14	2	ffffff
61	anim14L	15	2	808080
61	anim14L	16	2	b4a28d
61	anim14L	17	2	bfbf80
61	anim14L	18	2	8080ff
61	anim14L	19	2	aaaa95
61	anim14L	20	2	4080bf
61	anim14L	21	2	5d75cf
61	anim14L	22	2	5555aa
61	anim14L	23	2	6276d8
61	anim14L	24	2	aaaaaa
61	anim14L	25	2	5571c6
61	anim14L	26	2	5580d5
61	anim14L	27	2	6680cc
61	anim14L	28	2	7c85b8
61	anim14L	29	2	0000ff
61	anim14L	30	2	8b8dac
61	anim14L	31	3	e1d7c7
61	anim14L	32	2	6666cc
61	anim14L	33	2	6d6ddb
61	anim14L	34	2	9692a4
61	anim14L	35	2	6080bf
61	anim14R	1	3	ffffdb
61	anim14R	2	3	ffffff
61	anim14R	3	3	f1e8da
61	anim14R	4	3	f7f0e3
61	anim14R	5	3	f8f2f1
61	anim14R	6	3	ffe6e6
61	anim14R	7	3	ffffcc
61	anim14R	8	1	f55b24
61	anim14R	9	1	f4ecea
61	anim14R	10	3	e9e1d1
61	anim14R	11	3	e1d7c7
61	anim14R	12	2	cc9999
61	anim14R	13	2	aaaa95
61	anim14R	14	2	ffffff
61	anim14R	15	2	b4a28d
61	anim14R	16	2	aaaaaa
61	anim14R	17	2	0000ff
61	anim14R	18	2	5d75cf
61	anim14R	19	2	bfbf80
61	anim14R	20	2	8080ff
61	anim14R	21	2	6276d8
61	anim14R	22	2	4080bf
61	anim14R	23	2	5571c6
61	anim14R	24	2	5555aa
61	anim14R	25	2	9692a4
61	anim14R	26	2	7c85b8
61	anim14R	27	2	5580d5
61	anim14R	28	2	6680cc
61	anim14R	29	2	6666cc
61	anim14R	30	2	8b8dac
61	anim14R	31	2	6d6ddb
61	anim14R	32	2	6080bf
61	anim14R	33	2	aaaa80
61	anim14R	34	3	d4c8b4
61	anim14R	35	3	dacfbd
61	anim15L	1	1	f55b24
61	anim15L	2	3	ffffcc
61	anim15L	3	1	f4ecea
61	anim15L	4	3	f7f0e3
61	anim15L	5	3	ffe6e6
61	anim15L	6	3	ffffdf
61	anim15L	7	3	ffffff
61	anim15L	8	3	f8f2f1
61	anim15L	9	3	f1e8da
61	anim15L	10	3	ffffd5
61	anim15L	11	3	e9e1d1
61	anim15L	12	3	e1d7c7
61	anim15L	13	2	cc9999
61	anim15L	14	2	ffffff
61	anim15L	15	2	b4a28d
61	anim15L	16	2	bfbf80
61	anim15L	17	2	aaaa95
61	anim15L	18	2	4080bf
61	anim15L	19	2	5d75cf
61	anim15L	20	2	7c85b8
61	anim15L	21	2	8080ff
61	anim15L	22	2	0000ff
61	anim15L	23	2	5555aa
61	anim15L	24	2	6276d8
61	anim15L	25	2	aaaaaa
61	anim15L	26	2	5571c6
61	anim15L	27	2	5580d5
61	anim15L	28	2	6680cc
61	anim15L	29	2	8b8dac
61	anim15L	30	2	808080
61	anim15L	31	2	6666cc
61	anim15L	32	2	6d6ddb
61	anim15L	33	2	9692a4
61	anim15L	34	2	6080bf
61	anim15R	1	3	ffffdf
61	anim15R	2	3	ffffff
61	anim15R	3	3	f1e8da
61	anim15R	4	3	f7f0e3
61	anim15R	5	3	f8f2f1
61	anim15R	6	3	ffe6e6
61	anim15R	7	3	ffffcc
61	anim15R	8	1	f55b24
61	anim15R	9	1	f4ecea
61	anim15R	10	3	ffffd5
61	anim15R	11	3	e9e1d1
61	anim15R	12	3	e1d7c7
61	anim15R	13	3	dacfbd
61	anim15R	14	2	5d75cf
61	anim15R	15	2	ffffff
61	anim15R	16	2	6680cc
61	anim15R	17	2	8080ff
61	anim15R	18	2	5580d5
61	anim15R	19	2	5571c6
61	anim15R	20	2	6276d8
61	anim15R	21	2	7c85b8
61	anim15R	22	2	5555aa
61	anim15R	23	2	6080bf
61	anim15R	24	2	0000ff
61	anim15R	25	2	6666cc
61	anim15R	26	2	4080bf
61	anim15R	27	2	6d6ddb
61	anim16L	1	1	f55b24
61	anim16L	2	3	ffffcc
61	anim16L	3	1	f4ecea
61	anim16L	4	3	f7f0e3
61	anim16L	5	3	ffe6e6
61	anim16L	6	3	ffffdf
61	anim16L	7	3	ffffff
61	anim16L	8	3	f8f2f1
61	anim16L	9	3	f1e8da
61	anim16L	10	3	ffffd5
61	anim16L	11	3	dacfbd
61	anim16L	12	3	e9e1d1
61	anim16L	13	2	cc9999
61	anim16L	14	2	ffffff
61	anim16L	15	2	808080
61	anim16L	16	2	b4a28d
61	anim16L	17	2	bfbf80
61	anim16L	18	2	8080ff
61	anim16L	19	2	aaaa95
61	anim16L	20	2	4080bf
61	anim16L	21	2	5d75cf
61	anim16L	22	2	5555aa
61	anim16L	23	2	6276d8
61	anim16L	24	2	aaaaaa
61	anim16L	25	2	5571c6
61	anim16L	26	2	5580d5
61	anim16L	27	2	6680cc
61	anim16L	28	2	7c85b8
61	anim16L	29	2	0000ff
61	anim16L	30	2	8b8dac
61	anim16L	31	3	e1d7c7
61	anim16L	32	2	6666cc
61	anim16L	33	2	6d6ddb
61	anim16L	34	2	9692a4
61	anim16L	35	2	6080bf
61	anim16R	1	3	ffffdf
61	anim16R	2	3	ffffff
61	anim16R	3	3	f1e8da
61	anim16R	4	3	f7f0e3
61	anim16R	5	3	f8f2f1
61	anim16R	6	3	ffe6e6
61	anim16R	7	3	ffffcc
61	anim16R	8	1	f55b24
61	anim16R	9	1	f4ecea
61	anim16R	10	3	ffffd5
61	anim16R	11	3	e9e1d1
61	anim16R	12	3	e1d7c7
61	anim16R	13	2	cc9999
61	anim16R	14	2	aaaa95
61	anim16R	15	2	ffffff
61	anim16R	16	2	b4a28d
61	anim16R	17	2	aaaaaa
61	anim16R	18	2	0000ff
61	anim16R	19	2	5d75cf
61	anim16R	20	2	bfbf80
61	anim16R	21	2	8080ff
61	anim16R	22	2	6276d8
61	anim16R	23	2	4080bf
61	anim16R	24	2	5571c6
61	anim16R	25	2	5555aa
61	anim16R	26	2	9692a4
61	anim16R	27	2	7c85b8
61	anim16R	28	2	5580d5
61	anim16R	29	2	6680cc
61	anim16R	30	2	6666cc
61	anim16R	31	2	8b8dac
61	anim16R	32	2	6d6ddb
61	anim16R	33	2	6080bf
61	anim16R	34	2	aaaa80
61	anim16R	35	3	d4c8b4
61	anim16R	36	3	dacfbd
61	anim17L	1	1	f55b24
61	anim17L	2	3	f7f0e3
61	anim17L	3	3	f1e8da
61	anim17L	4	3	f8f2f1
61	anim17L	5	3	ffe6e6
61	anim17L	6	3	ffffdf
61	anim17L	7	3	ffffff
61	anim17L	8	3	ffffcc
61	anim17L	9	1	f4ecea
61	anim17L	10	3	ffffd5
61	anim17L	11	3	e9e1d1
61	anim17L	12	3	e1d7c7
61	anim17L	13	2	b4a28d
61	anim17L	14	2	ffffff
61	anim17L	15	2	cc9999
61	anim17L	16	2	aaaaaa
61	anim17L	17	2	5d75cf
61	anim17L	18	2	808080
61	anim17L	19	2	8080ff
61	anim17L	20	2	b39999
61	anim17L	21	2	6276d8
61	anim17L	22	2	6680cc
61	anim17L	23	2	7c85b8
61	anim17L	24	2	5580d5
61	anim17L	25	2	aaaa95
61	anim17L	26	2	6080bf
61	anim17L	27	2	5571c6
61	anim17L	28	2	6666cc
61	anim17L	29	2	4080bf
61	anim17L	30	2	bfbf80
61	anim17L	31	2	0000ff
61	anim17L	32	2	5555aa
61	anim17L	33	2	6d6ddb
61	anim17L	34	2	8b8dac
61	anim17R	1	3	ffffff
61	anim17R	2	3	e9e1d1
61	anim17R	3	3	ffe6e6
61	anim17R	4	3	ffffcc
61	anim17R	5	3	ffffd5
61	anim17R	6	3	f7f0e3
61	anim17R	7	3	f1e8da
61	anim17R	8	3	f8f2f1
61	anim17R	9	1	f55b24
61	anim17R	10	3	ffffdf
61	anim17R	11	1	f4ecea
61	anim17R	12	3	e1d7c7
61	anim17R	13	2	ffffff
61	anim17R	14	2	b4a28d
61	anim17R	15	2	aaaa95
61	anim17R	16	2	cc9999
61	anim17R	17	2	aaaa80
61	anim17R	18	2	bfbf80
61	anim17R	19	2	8080ff
61	anim17R	20	2	6666cc
61	anim17R	21	2	6276d8
61	anim17R	22	2	7c85b8
61	anim17R	23	2	0000ff
61	anim17R	24	2	aaaaaa
61	anim17R	25	2	5d75cf
61	anim17R	26	2	6d6ddb
61	anim17R	27	2	6680cc
61	anim17R	28	2	5555aa
61	anim17R	29	2	5571c6
61	anim17R	30	2	4080bf
61	anim17R	31	2	5580d5
61	anim17R	32	2	6080bf
61	anim17R	33	3	dacfbd
61	anim18L	1	3	f7f0e3
61	anim18L	2	3	f1e8da
61	anim18L	3	3	ffe6e6
61	anim18L	4	1	f55b24
61	anim18L	5	3	ffffcc
61	anim18L	6	3	f8f2f1
61	anim18L	7	3	ffffff
61	anim18L	8	3	ffffdf
61	anim18L	9	1	f4ecea
61	anim18L	10	3	ffffd5
61	anim18L	11	3	e9e1d1
61	anim18L	12	3	e1d7c7
61	anim18L	13	3	dacfbd
61	anim18L	14	2	cc9999
61	anim18L	15	2	ffffff
61	anim18L	16	2	b4a28d
61	anim18L	17	2	6666cc
61	anim18L	18	2	5d75cf
61	anim18L	19	2	8080ff
61	anim18L	20	2	5580d5
61	anim18L	21	2	5571c6
61	anim18L	22	2	6680cc
61	anim18L	23	2	6276d8
61	anim18L	24	2	aaaaaa
61	anim18L	25	2	7c85b8
61	anim18L	26	2	5555aa
61	anim18L	27	2	0000ff
61	anim18L	28	2	b39999
61	anim18L	29	2	6080bf
61	anim18L	30	2	4080bf
61	anim18L	31	2	9692a4
61	anim18L	32	2	8b8dac
61	anim18L	33	2	808080
61	anim18L	34	2	aaaa95
61	anim18L	35	2	6d6ddb
61	anim18L	36	2	bf9f80
61	anim18R	1	3	f7f0e3
61	anim18R	2	3	f8f2f1
61	anim18R	3	3	ffffcc
61	anim18R	4	3	f1e8da
61	anim18R	5	3	ffffdf
61	anim18R	6	3	ffffff
61	anim18R	7	3	ffe6e6
61	anim18R	8	3	e9e1d1
61	anim18R	9	1	f55b24
61	anim18R	10	1	f4ecea
61	anim18R	11	3	ffffd5
61	anim18R	12	3	e1d7c7
61	anim18R	13	3	dacfbd
61	anim18R	14	2	ffffff
61	anim18R	15	2	b4a28d
61	anim18R	16	2	cc9999
61	anim18R	17	2	aaaaaa
61	anim18R	18	2	0000ff
61	anim18R	19	2	5555aa
61	anim18R	20	2	8080ff
61	anim18R	21	2	7c85b8
61	anim18R	22	2	5571c6
61	anim18R	23	2	5d75cf
61	anim18R	24	2	6276d8
61	anim18R	25	2	6666cc
61	anim18R	26	2	6680cc
61	anim18R	27	2	5580d5
61	anim18R	28	2	b39999
61	anim18R	29	2	8b8dac
61	anim18R	30	2	6080bf
61	anim18R	31	2	4080bf
61	anim18R	32	2	6d6ddb
61	anim18R	33	2	aaaa95
61	anim18R	34	2	9692a4
61	anim18R	35	2	bf9f80
61	anim18R	36	2	bfbf80
61	anim18R	37	2	aaaa80
61	anim1L	1	3	f7f0e3
61	anim1L	2	3	ffffff
61	anim1L	3	1	f55b24
61	anim1L	4	3	f1e8da
61	anim1L	5	3	f8f2f1
61	anim1L	6	1	f4ecea
61	anim1L	7	3	ffe6e6
61	anim1L	8	3	ffffdf
61	anim1L	9	3	ffffcc
61	anim1L	10	3	ffffd5
61	anim1L	11	3	e9e1d1
61	anim1L	12	3	e1d7c7
61	anim1L	13	2	ffffff
61	anim1L	14	2	cc9999
61	anim1L	15	2	b4a28d
61	anim1L	16	2	b69292
61	anim1L	17	2	aaaaaa
61	anim1L	18	3	dacfbd
61	anim1L	19	2	5571c6
61	anim1L	20	2	5d75cf
61	anim1L	21	2	aaaa95
61	anim1L	22	2	6666cc
61	anim1L	23	2	8080ff
61	anim1L	24	2	6d6ddb
61	anim1L	25	2	6080bf
61	anim1L	26	2	0000ff
61	anim1L	27	2	5555aa
61	anim1L	28	2	5580d5
61	anim1L	29	2	4080bf
61	anim1L	30	2	808080
61	anim1R	1	3	ffe6e6
61	anim1R	2	3	f1e8da
61	anim1R	3	3	ffffff
61	anim1R	4	1	f55b24
61	anim1R	5	3	f7f0e3
61	anim1R	6	1	f4ecea
61	anim1R	7	3	ffffdb
61	anim1R	8	3	ffffcc
61	anim1R	9	3	f8f2f1
61	anim1R	10	3	e9e1d1
61	anim1R	11	3	e1d7c7
61	anim1R	12	3	dacfbd
61	anim1R	13	2	b4a28d
61	anim1R	14	2	cc9999
61	anim1R	15	2	ffffff
61	anim1R	16	2	aaaa95
61	anim1R	17	2	6d6ddb
61	anim1R	18	2	5580d5
61	anim1R	19	2	5d75cf
61	anim1R	20	2	8080ff
61	anim1R	21	2	5571c6
61	anim1R	22	2	aaaaaa
61	anim1R	23	2	bfbf80
61	anim1R	24	2	0000ff
61	anim1R	25	2	6666cc
61	anim1R	26	2	6080bf
61	anim1R	27	2	5555aa
61	anim1R	28	2	808080
61	anim1R	29	2	4080bf
61	anim2L	1	3	f7f0e3
61	anim2L	2	3	ffffff
61	anim2L	3	1	f55b24
61	anim2L	4	3	ffffdf
61	anim2L	5	1	f4ecea
61	anim2L	6	3	ffe6e6
61	anim2L	7	3	f1e8da
61	anim2L	8	3	ffffcc
61	anim2L	9	3	f8f2f1
61	anim2L	10	3	ffffd5
61	anim2L	11	2	ffffff
61	anim2L	12	2	cc9999
61	anim2L	13	2	b4a28d
61	anim2L	14	2	b69292
61	anim2L	15	2	bfbf80
61	anim2L	16	3	e9e1d1
61	anim2L	17	2	aaaa95
61	anim2L	18	3	dacfbd
61	anim2L	19	3	e1d7c7
61	anim2L	20	2	5580d5
61	anim2L	21	2	5d75cf
61	anim2L	22	2	aaaaaa
61	anim2L	23	2	5555aa
61	anim2L	24	2	6666cc
61	anim2L	25	2	6080bf
61	anim2L	26	2	6d6ddb
61	anim2L	27	2	5571c6
61	anim2L	28	2	0000ff
61	anim2L	29	2	8080ff
61	anim2L	30	2	4080bf
61	anim2L	31	2	808080
61	anim2R	1	3	ffe6e6
61	anim2R	2	3	ffffdf
61	anim2R	3	3	f1e8da
61	anim2R	4	3	ffffff
61	anim2R	5	1	f55b24
61	anim2R	6	3	f7f0e3
61	anim2R	7	1	f4ecea
61	anim2R	8	3	ffffcc
61	anim2R	9	3	ffffd5
61	anim2R	10	3	f8f2f1
61	anim2R	11	3	e9e1d1
61	anim2R	12	3	dacfbd
61	anim2R	13	3	e1d7c7
61	anim2R	14	2	b4a28d
61	anim2R	15	2	cc9999
61	anim2R	16	2	ffffff
61	anim2R	17	3	cabca7
61	anim2R	18	2	6d6ddb
61	anim2R	19	2	6666cc
61	anim2R	20	2	8080ff
61	anim2R	21	2	5d75cf
61	anim2R	22	2	5571c6
61	anim2R	23	2	aaaa95
61	anim2R	24	2	5580d5
61	anim2R	25	2	aaaaaa
61	anim2R	26	2	0000ff
61	anim2R	27	2	6080bf
61	anim2R	28	2	4080bf
61	anim2R	29	2	5555aa
61	anim2R	30	2	b69292
61	anim2R	31	3	d4c8b4
61	anim3L	1	1	f55b24
61	anim3L	2	3	f8f2f1
61	anim3L	3	3	f7f0e3
61	anim3L	4	3	ffffff
61	anim3L	5	1	f4ecea
61	anim3L	6	3	f1e8da
61	anim3L	7	3	ffffdb
61	anim3L	8	3	ffe6e6
61	anim3L	9	3	ffffcc
61	anim3L	10	3	e9e1d1
61	anim3L	11	2	bfbf80
61	anim3L	12	2	b4a28d
61	anim3L	13	2	ffffff
61	anim3L	14	2	cc9999
61	anim3L	15	2	aaaaaa
61	anim3L	16	2	aaaa95
61	anim3L	17	2	5d75cf
61	anim3L	18	2	6666cc
61	anim3L	19	2	8080ff
61	anim3L	20	2	6080bf
61	anim3L	21	2	6680cc
61	anim3L	22	2	5571c6
61	anim3L	23	2	5555aa
61	anim3L	24	2	5580d5
61	anim3L	25	2	4080bf
61	anim3L	26	2	6d6ddb
61	anim3R	1	3	ffffdb
61	anim3R	2	1	f55b24
61	anim3R	3	3	f7f0e3
61	anim3R	4	3	f8f2f1
61	anim3R	5	3	ffffff
61	anim3R	6	3	ffffcc
61	anim3R	7	3	f1e8da
61	anim3R	8	3	e1d7c7
61	anim3R	9	1	f4ecea
61	anim3R	10	3	ffe6e6
61	anim3R	11	2	ffffff
61	anim3R	12	2	bf9f80
61	anim3R	13	2	cc9999
61	anim3R	14	2	b4a28d
61	anim3R	15	3	e9e1d1
61	anim3R	16	2	808080
61	anim3R	17	2	5d75cf
61	anim3R	18	2	6d6ddb
61	anim3R	19	2	6080bf
61	anim3R	20	2	5580d5
61	anim3R	21	2	8080ff
61	anim3R	22	3	dacfbd
61	anim3R	23	2	6666cc
61	anim3R	24	2	4080bf
61	anim3R	25	2	5571c6
61	anim3R	26	2	aaaa95
61	anim3R	27	2	aaaaaa
61	anim3R	28	2	0000ff
61	anim3R	29	2	5555aa
61	anim3R	30	2	bfbf80
61	dieL	1	3	ffffcc
61	dieL	2	3	f7f0e3
61	dieL	3	3	ffffff
61	dieL	4	3	ffe3e3
61	dieL	5	3	f1e8da
61	dieL	6	3	f8f2f1
61	dieL	7	3	ffffdb
61	dieL	8	1	f55b24
61	dieL	9	1	f4ecea
61	dieL	10	2	cc9999
61	dieL	11	2	b4a28d
61	dieL	12	2	ffffff
61	dieL	13	2	aaaaaa
61	dieL	14	3	e9e1d1
61	dieL	15	2	bf9f80
61	dieL	16	2	8080ff
61	dieL	17	2	0000ff
61	dieL	18	2	5d75cf
61	dieL	19	2	5571c6
61	dieL	20	2	6080bf
61	dieL	21	3	dacfbd
61	dieL	22	2	aaaa8e
61	dieL	23	2	4080bf
61	dieL	24	2	5580d5
61	dieL	25	2	5555aa
61	dieL	26	2	6d6ddb
61	dieL	27	2	aaaa80
61	dieL	28	2	bfbf80
61	dieL	29	2	6666cc
61	dieL	30	2	b39999
61	dieL	31	3	e1d7c7
61	dieR	1	3	ffffcc
61	dieR	2	3	f8f2f1
61	dieR	3	3	f1e8da
61	dieR	4	3	ffe3e3
61	dieR	5	3	f7f0e3
61	dieR	6	3	ffffff
61	dieR	7	1	f4ecea
61	dieR	8	1	f55b24
61	dieR	9	3	e9e1d1
61	dieR	10	3	ffffdb
61	dieR	11	2	b4a28d
61	dieR	12	2	ffffff
61	dieR	13	2	cc9999
61	dieR	14	2	bf9f80
61	dieR	15	2	bfbf80
61	dieR	16	2	5555aa
61	dieR	17	2	5d75cf
61	dieR	18	2	8080ff
61	dieR	19	3	e1d7c7
61	dieR	20	2	5571c6
61	dieR	21	2	aaaa8e
61	dieR	22	2	5580d5
61	dieR	23	2	6666cc
61	dieR	24	2	6080bf
61	dieR	25	2	4080bf
61	dieR	26	2	0000ff
61	dieR	27	3	d4c8b4
61	dieR	28	3	dacfbd
61	dieR	29	3	bbae96
61	dieR	30	3	b5a68d
61	hitL	1	3	f7f0e3
61	hitL	2	3	ffeded
61	hitL	3	1	f55b24
61	hitL	4	3	ffffff
61	hitL	5	3	ffffdb
61	hitL	6	3	ffe3e3
61	hitL	7	3	e1d7c7
61	hitL	8	3	f1e8da
61	hitL	9	3	e9e1d1
61	hitL	10	3	ffffcc
61	hitL	11	2	5555aa
61	hitL	12	2	5d75cf
61	hitL	13	2	5571c6
61	hitL	14	2	8080ff
61	hitL	15	2	0000ff
61	hitL	16	2	ffffff
61	hitL	17	2	6080bf
61	hitL	18	2	5580d5
61	hitL	19	2	4080bf
61	hitR	1	3	ffffdb
61	hitR	2	3	ffffff
61	hitR	3	3	f7f0e3
61	hitR	4	1	f55b24
61	hitR	5	3	e9e1d1
61	hitR	6	3	f1e8da
61	hitR	7	3	ffe3e3
61	hitR	8	3	ffffcc
61	hitR	9	3	ffeded
61	hitR	10	2	ffffff
61	hitR	11	2	8080ff
61	hitR	12	2	5571c6
61	hitR	13	2	5d75cf
61	hitR	14	2	6080bf
61	hitR	15	2	5580d5
61	hitR	16	2	4080bf
61	hitR	17	2	6666cc
61	hitR	18	2	0000ff
61	hitR	19	2	5555aa
61	runB	1	1	f55b24
61	runB	2	3	ffffff
61	runB	3	3	f7f0e3
61	runB	4	3	ffffcc
61	runB	5	3	f1e8da
61	runB	6	3	ffffdb
61	runB	7	3	ffe3e3
61	runB	8	3	e9e1d1
61	runB	9	3	ffeded
61	runB	10	3	e1d7c7
61	runB	11	3	dacfbd
61	runB	12	3	d4c8b4
61	runB	13	2	b4a28d
61	runB	14	2	ffffff
61	runB	15	2	cc9999
61	runB	16	2	8080ff
61	runB	17	2	5d75cf
61	runB	18	2	5580d5
61	runB	19	2	aaaaaa
61	runB	20	2	5571c6
61	runB	21	2	bfbf80
61	runB	22	2	808080
61	runB	23	2	6080bf
61	runB	24	2	0000ff
61	runB	25	2	5555aa
61	runB	26	2	6666cc
61	runB	27	2	aaaa80
61	runB	28	2	b39999
61	runB	29	2	4080bf
61	runF	1	3	ffe3e3
61	runF	2	3	f7f0e3
61	runF	3	1	f55b24
61	runF	4	3	ffffff
61	runF	5	3	ffeded
61	runF	6	3	f1e8da
61	runF	7	3	ffffdb
61	runF	8	3	ffffcc
61	runF	9	3	e1d7c7
61	runF	10	3	e9e1d1
61	runF	11	2	ffffff
61	runF	12	2	cc9999
61	runF	13	2	b4a28d
61	runF	14	3	d4c8b4
61	runF	15	2	aaaaaa
61	runF	16	2	b39999
61	runF	17	2	8080ff
61	runF	18	2	5d75cf
61	runF	19	2	5580d5
61	runF	20	2	5555aa
61	runF	21	2	6666cc
61	runF	22	2	5571c6
61	runF	23	2	4080bf
61	runF	24	2	6080bf
61	runF	25	2	0000ff
61	runF	26	2	bfbf80
61	runL	1	3	f7f0e3
61	runL	2	3	ffffff
61	runL	3	3	ffffdb
61	runL	4	1	f55b24
61	runL	5	3	f1e8da
61	runL	6	3	ffffcc
61	runL	7	3	ffeded
61	runL	8	3	ffe3e3
61	runL	9	3	e9e1d1
61	runL	10	2	cc9999
61	runL	11	2	b4a28d
61	runL	12	2	ffffff
61	runL	13	2	b39999
61	runL	14	2	aaaaaa
61	runL	15	2	6666cc
61	runL	16	2	5d75cf
61	runL	17	2	bfbf80
61	runL	18	2	8080ff
61	runL	19	2	5580d5
61	runL	20	2	6080bf
61	runL	21	2	0000ff
61	runL	22	2	4080bf
61	runL	23	2	5571c6
61	runL	24	2	808080
61	runL	25	2	5555aa
61	runL	26	2	bf9f80
61	runR	1	3	ffffcc
61	runR	2	3	ffe3e3
61	runR	3	1	f55b24
61	runR	4	3	f7f0e3
61	runR	5	3	ffffff
61	runR	6	3	ffffdb
61	runR	7	3	f1e8da
61	runR	8	3	e9e1d1
61	runR	9	2	ffffff
61	runR	10	2	b4a28d
61	runR	11	2	cc9999
61	runR	12	3	e1d7c7
61	runR	13	3	dacfbd
61	runR	14	2	b39999
61	runR	15	2	8080ff
61	runR	16	2	aaaaaa
61	runR	17	2	5d75cf
61	runR	18	2	5580d5
61	runR	19	2	6080bf
61	runR	20	2	5571c6
61	runR	21	2	6666cc
61	runR	22	2	aaaa80
61	runR	23	2	0000ff
61	runR	24	2	808080
61	runR	25	2	4080bf
61	runR	26	2	bfbf80
61	runS	1	1	f55b24
61	runS	2	3	f7f0e3
61	runS	3	3	e9e1d1
61	runS	4	3	ffffd5
61	runS	5	3	ffe6e6
61	runS	6	3	ffffff
61	runS	7	3	ffffdf
61	runS	8	3	ffffcc
61	runS	9	3	f1e8da
61	runS	10	3	b5a68d
61	runS	11	3	cabca7
61	runS	12	3	d4c8b4
61	runS	13	3	bbae96
61	runS	14	3	e1d7c7
61	runS	15	3	dacfbd
61	runS	16	2	b4a28d
61	runS	17	2	ffffff
61	runS	18	2	5d75cf
61	runS	19	2	cc9999
61	runS	20	2	5580d5
61	runS	21	2	8080ff
61	runS	22	2	aaaaaa
61	runS	23	2	6666cc
61	runS	24	2	bf9f80
61	runS	25	2	5571c6
61	runS	26	2	6080bf
61	runS	27	2	0000ff
61	runS	28	2	808080
61	runS	29	2	bfbf80
61	runS	30	2	4080bf
61	runS	31	2	aaaa80
61	staticB	1	1	f55b24
61	staticB	2	3	f7f0e3
61	staticB	3	3	ffffff
61	staticB	4	2	5d75cf
61	staticF	1	3	f7f0e3
61	staticF	2	1	f55b24
61	staticF	3	2	5d75cf
61	staticL	1	3	f7f0e3
61	staticL	2	3	ffffcc
61	staticL	3	1	f55b24
61	staticL	4	3	ffffdf
61	staticL	5	3	ffffff
61	staticL	6	2	5d75cf
61	staticR	1	1	f55b24
61	staticR	2	3	ffffcc
61	staticR	3	3	f7f0e3
61	staticR	4	3	ffffff
61	staticR	5	3	ffffdf
61	staticR	6	2	5d75cf
61	staticS	1	1	f55b24
61	staticS	2	3	f7f0e3
61	staticS	3	3	b5a68d
61	staticS	4	2	5d75cf
61	walkB	1	1	f55b24
61	walkB	2	3	ffffff
61	walkB	3	3	ffffcc
61	walkB	4	3	f7f0e3
61	walkB	5	3	ffffdb
61	walkB	6	3	ffe3e3
61	walkB	7	3	f2e9da
61	walkB	8	3	e1d7c7
61	walkB	9	3	e9e1d1
61	walkB	10	2	5580d5
61	walkB	11	2	ffffff
61	walkB	12	2	5d75cf
61	walkB	13	2	b4a28d
61	walkB	14	2	bfbf80
61	walkB	15	2	8080ff
61	walkB	16	2	5571c6
61	walkB	17	2	b39999
61	walkB	18	2	6080bf
61	walkB	19	2	6666cc
61	walkB	20	2	0000ff
61	walkB	21	2	aaaa8e
61	walkB	22	2	4080bf
61	walkF	1	1	f55b24
61	walkF	2	3	ffffff
61	walkF	3	3	ffe3e3
61	walkF	4	3	f7f0e3
61	walkF	5	3	ffffcc
61	walkF	6	3	ffffdb
61	walkF	7	3	f2e9da
61	walkF	8	3	dacfbd
61	walkF	9	3	e9e1d1
61	walkF	10	3	e1d7c7
61	walkF	11	3	d4c8b4
61	walkF	12	2	5d75cf
61	walkF	13	2	8080ff
61	walkF	14	2	5571c6
61	walkF	15	2	ffffff
61	walkF	16	2	6080bf
61	walkF	17	2	6666cc
61	walkF	18	2	bfbf80
61	walkF	19	2	b4a28d
61	walkF	20	2	4080bf
61	walkF	21	2	5580d5
61	walkF	22	2	0000ff
61	walkF	23	2	b39999
61	walkF	24	2	aaaa80
61	walkL	1	3	ffffcc
61	walkL	2	1	f55b24
61	walkL	3	3	ffe6e6
61	walkL	4	3	ffffdb
61	walkL	5	3	f2e9da
61	walkL	6	3	f7f0e3
61	walkL	7	3	e9e1d1
61	walkL	8	3	ffffff
61	walkL	9	3	e1d7c7
61	walkL	10	2	ffffff
61	walkL	11	2	bfbf80
61	walkL	12	2	b4a28d
61	walkL	13	2	6080bf
61	walkL	14	2	5580d5
61	walkL	15	2	8080ff
61	walkL	16	2	0000ff
61	walkL	17	2	5d75cf
61	walkL	18	2	5571c6
61	walkL	19	2	b39999
61	walkL	20	2	6666cc
61	walkL	21	2	808080
61	walkL	22	2	4080bf
61	walkL	23	2	bf9f80
61	walkL	24	3	dacfbd
61	walkR	1	3	ffffff
61	walkR	2	3	ffffcc
61	walkR	3	3	e9e1d1
61	walkR	4	3	f2e9da
61	walkR	5	3	f7f0e3
61	walkR	6	3	ffe6e6
61	walkR	7	3	ffffdb
61	walkR	8	1	f55b24
61	walkR	9	3	d4c8b4
61	walkR	10	3	e1d7c7
61	walkR	11	3	dacfbd
61	walkR	12	2	b4a28d
61	walkR	13	2	808080
61	walkR	14	2	bfbf80
61	walkR	15	2	bf9f80
61	walkR	16	2	ffffff
61	walkR	17	2	5571c6
61	walkR	18	2	5d75cf
61	walkR	19	2	b39999
61	walkR	20	2	0000ff
61	walkR	21	2	6666cc
61	walkS	1	1	f55b24
61	walkS	2	3	ffffdb
61	walkS	3	3	f7f0e3
61	walkS	4	3	ffe6e6
61	walkS	5	3	f2e9da
61	walkS	6	3	ffffff
61	walkS	7	3	e9e1d1
61	walkS	8	3	ffffcc
61	walkS	9	3	e1d7c7
61	walkS	10	3	dacfbd
61	walkS	11	3	d4c8b4
61	walkS	12	3	b5a68d
61	walkS	13	3	bbae96
61	walkS	14	3	cabca7
61	walkS	15	2	ffffff
61	walkS	16	2	b2a28b
61	walkS	17	2	808080
61	walkS	18	2	0000ff
61	walkS	19	2	5d75cf
61	walkS	20	2	6666cc
70	anim0L	1	1	6e6b56
70	anim0L	2	1	5e5f5c
70	anim0L	3	1	000000
70	anim0L	4	2	808040
70	anim0L	5	2	9e6124
70	anim0L	6	2	926d24
70	anim0L	7	2	808000
70	anim0L	8	2	996633
70	anim0L	9	2	ff0000
70	anim0L	10	2	ca7015
70	anim0L	11	2	ae8255
70	anim0L	12	2	99661a
70	anim0L	13	1	aaaa55
70	anim0L	14	3	ffd595
70	anim0L	15	2	aa552b
70	anim0L	16	1	898246
70	anim0L	17	3	ffce8c
70	anim0L	18	3	ffffff
70	anim0L	19	1	bfbf40
70	anim0L	20	2	aa5500
70	anim0L	21	3	ffd580
70	anim0L	22	3	ffff80
70	anim0L	23	1	988d3f
70	anim0L	24	3	ffbf80
70	anim0L	25	1	bfac2b
70	anim0L	26	1	c6aa39
70	anim0L	27	3	ffcc99
70	anim0L	28	3	ffc489
70	anim0L	29	1	b1a132
70	anim0L	30	1	78744f
70	anim0L	31	1	ffff00
70	anim0L	32	3	ffaaaa
70	anim0L	33	3	ffcc80
70	anim0L	34	1	aaaa2b
70	anim0L	35	1	b6b624
70	anim0L	36	1	808000
70	anim0L	37	1	b6a424
70	anim0L	38	1	b3b333
70	anim0L	39	1	cc9933
70	anim0R	1	1	000000
70	anim0R	2	1	5e5f5c
70	anim0R	3	1	6e6b56
70	anim0R	4	1	78744f
70	anim0R	5	2	808040
70	anim0R	6	2	9e6124
70	anim0R	7	2	996633
70	anim0R	8	2	ae8255
70	anim0R	9	1	aaaa55
70	anim0R	10	2	aa552b
70	anim0R	11	3	ffff80
70	anim0R	12	3	ffaaaa
70	anim0R	13	3	ffbf80
70	anim0R	14	1	bfbf40
70	anim0R	15	3	ffffff
70	anim0R	16	3	ffce8c
70	anim0R	17	3	ffd595
70	anim0R	18	3	ffcc99
70	anim0R	19	2	808000
70	anim0R	20	2	99661a
70	anim0R	21	2	ff0000
70	anim0R	22	1	898246
70	anim0R	23	3	ffd580
70	anim0R	24	2	926d24
70	anim0R	25	2	ca7015
70	anim0R	26	2	aa5500
70	anim0R	27	1	808000
70	anim0R	28	1	bfac2b
70	anim0R	29	1	c6aa39
70	anim0R	30	3	ffc489
70	anim0R	31	1	ffff00
70	anim0R	32	1	988d3f
70	anim0R	33	1	b1a132
70	anim0R	34	1	cc9933
70	anim0R	35	1	b6a424
70	anim0R	36	1	b6b624
70	anim0R	37	1	b3b333
70	anim0R	38	1	bf9f20
70	anim10L	1	1	000000
70	anim10L	2	1	5e5f5c
70	anim10L	3	1	676658
70	anim10L	4	1	78744f
70	anim10L	5	3	ffffff
70	anim10L	6	3	ffce8c
70	anim10L	7	2	926d24
70	anim10L	8	2	9e6124
70	anim10L	9	2	808000
70	anim10L	10	2	aa552b
70	anim10L	11	2	bf8020
70	anim10L	12	2	808040
70	anim10L	13	2	ff0000
70	anim10L	14	2	996633
70	anim10L	15	2	aa551c
70	anim10L	16	3	ffbf80
70	anim10L	17	3	ffdb92
70	anim10L	18	1	aaaa55
70	anim10L	19	3	ffc489
70	anim10L	20	2	ae8255
70	anim10L	21	2	aa5500
70	anim10L	22	3	ffcc99
70	anim10L	23	1	898246
70	anim10L	24	2	ca7015
70	anim10L	25	3	ffff80
70	anim10L	26	2	99661a
70	anim10L	27	3	ffaaaa
70	anim10L	28	3	ffd580
70	anim10L	29	1	bfbf40
70	anim10L	30	3	ffcc80
70	anim10L	31	1	978c3f
70	anim10L	32	1	bfac2b
70	anim10L	33	1	b9a22e
70	anim10L	34	1	c6aa39
70	anim10L	35	1	a39639
70	anim10L	36	1	af9f33
70	anim10L	37	1	ffff00
70	anim10L	38	1	b6b624
70	anim10L	39	1	cc9933
70	anim10L	40	1	b3b333
70	anim10L	41	1	bf9f20
70	anim10L	42	1	aaaa2b
70	anim10L	43	1	808000
70	anim10L	44	1	b6a424
70	anim10R	1	1	5e5f5c
70	anim10R	2	1	78744f
70	anim10R	3	1	676658
70	anim10R	4	1	000000
70	anim10R	5	2	926d24
70	anim10R	6	2	9e6124
70	anim10R	7	2	ff0000
70	anim10R	8	2	aa5500
70	anim10R	9	2	bf8020
70	anim10R	10	2	ae8255
70	anim10R	11	2	808000
70	anim10R	12	1	aaaa55
70	anim10R	13	2	996633
70	anim10R	14	2	808040
70	anim10R	15	2	ca7015
70	anim10R	16	3	ffce8c
70	anim10R	17	1	898246
70	anim10R	18	2	aa552b
70	anim10R	19	3	ffaaaa
70	anim10R	20	3	ffff80
70	anim10R	21	3	ffc489
70	anim10R	22	1	bfbf40
70	anim10R	23	3	ffd580
70	anim10R	24	2	99661a
70	anim10R	25	3	ffdb92
70	anim10R	26	3	febf75
70	anim10R	27	3	ffcc99
70	anim10R	28	3	ffcc80
70	anim10R	29	3	ffffff
70	anim10R	30	3	ffbf80
70	anim10R	31	1	bfac2b
70	anim10R	32	1	a39639
70	anim10R	33	1	b9a22e
70	anim10R	34	1	c6aa39
70	anim10R	35	1	968c40
70	anim10R	36	1	af9f33
70	anim10R	37	1	ffff00
70	anim10R	38	1	808000
70	anim10R	39	1	aaaa2b
70	anim10R	40	1	b6b624
70	anim10R	41	1	b6a424
70	anim10R	42	1	b3b333
70	anim10R	43	1	cc9933
70	anim10R	44	2	aa551c
70	anim11L	1	1	78744f
70	anim11L	2	1	5e5f5c
70	anim11L	3	1	676658
70	anim11L	4	1	000000
70	anim11L	5	2	9e6124
70	anim11L	6	2	ff0000
70	anim11L	7	2	aa551c
70	anim11L	8	2	926d24
70	anim11L	9	2	808000
70	anim11L	10	2	ca7015
70	anim11L	11	2	bf8020
70	anim11L	12	2	ae8255
70	anim11L	13	1	aaaa55
70	anim11L	14	2	996633
70	anim11L	15	1	bfbf40
70	anim11L	16	1	898246
70	anim11L	17	2	aa552b
70	anim11L	18	2	99661a
70	anim11L	19	2	808040
70	anim11L	20	3	ffce8c
70	anim11L	21	3	ffdb92
70	anim11L	22	2	aa5500
70	anim11L	23	3	ffff80
70	anim11L	24	3	ffffff
70	anim11L	25	3	ffcc80
70	anim11L	26	1	978c3f
70	anim11L	27	1	c6aa39
70	anim11L	28	3	ffd580
70	anim11L	29	3	ffcc99
70	anim11L	30	3	ffaaaa
70	anim11L	31	1	b9a22e
70	anim11L	32	3	ffc489
70	anim11L	33	3	ffbf80
70	anim11L	34	1	bfac2b
70	anim11L	35	1	808000
70	anim11L	36	1	a39639
70	anim11L	37	1	af9f33
70	anim11L	38	1	ffff00
70	anim11L	39	1	b6b624
70	anim11L	40	1	cc9933
70	anim11L	41	1	b3b333
70	anim11L	42	1	bf9f20
70	anim11R	1	1	5e5f5c
70	anim11R	2	1	898246
70	anim11R	3	1	78744f
70	anim11R	4	1	676658
70	anim11R	5	1	000000
70	anim11R	6	3	ffdb92
70	anim11R	7	3	ffce8c
70	anim11R	8	3	ffc489
70	anim11R	9	3	ffffff
70	anim11R	10	1	aaaa55
70	anim11R	11	1	bfbf40
70	anim11R	12	2	996633
70	anim11R	13	2	aa5500
70	anim11R	14	2	bf8020
70	anim11R	15	2	926d24
70	anim11R	16	2	9e6124
70	anim11R	17	2	ae8255
70	anim11R	18	2	aa552b
70	anim11R	19	3	ffff80
70	anim11R	20	3	ffcc99
70	anim11R	21	2	ff0000
70	anim11R	22	2	808040
70	anim11R	23	2	ca7015
70	anim11R	24	2	aa551c
70	anim11R	25	3	ffaaaa
70	anim11R	26	3	ffcc80
70	anim11R	27	3	ffd580
70	anim11R	28	3	ffbf80
70	anim11R	29	2	99661a
70	anim11R	30	3	febf75
70	anim11R	31	1	808000
70	anim11R	32	1	a39639
70	anim11R	33	1	978c3f
70	anim11R	34	1	af9f33
70	anim11R	35	1	c6aa39
70	anim11R	36	1	bfac2b
70	anim11R	37	1	b9a22e
70	anim11R	38	1	b6a424
70	anim11R	39	1	b6b624
70	anim11R	40	1	cc9933
70	anim11R	41	1	ffff00
70	anim11R	42	1	aaaa2b
70	anim11R	43	1	b3b333
70	anim12L	1	1	78744f
70	anim12L	2	1	5e5f5c
70	anim12L	3	1	676658
70	anim12L	4	1	000000
70	anim12L	5	2	9e6124
70	anim12L	6	2	ff0000
70	anim12L	7	2	aa551c
70	anim12L	8	2	926d24
70	anim12L	9	2	808000
70	anim12L	10	2	ca7015
70	anim12L	11	2	bf8020
70	anim12L	12	2	ae8255
70	anim12L	13	1	aaaa55
70	anim12L	14	2	996633
70	anim12L	15	1	bfbf40
70	anim12L	16	1	898246
70	anim12L	17	2	aa552b
70	anim12L	18	2	99661a
70	anim12L	19	2	808040
70	anim12L	20	3	ffce8c
70	anim12L	21	3	ffd595
70	anim12L	22	2	aa5500
70	anim12L	23	3	ffff80
70	anim12L	24	3	ffffff
70	anim12L	25	3	ffcc80
70	anim12L	26	1	978c3f
70	anim12L	27	1	c6aa39
70	anim12L	28	3	ffd580
70	anim12L	29	3	ffcc99
70	anim12L	30	3	ffaaaa
70	anim12L	31	1	b9a22e
70	anim12L	32	3	ffc489
70	anim12L	33	3	ffbf80
70	anim12L	34	1	bfac2b
70	anim12L	35	1	808000
70	anim12L	36	1	a39639
70	anim12L	37	1	af9f33
70	anim12L	38	1	ffff00
70	anim12L	39	1	b6b624
70	anim12L	40	1	cc9933
70	anim12L	41	1	b3b333
70	anim12L	42	1	bf9f20
70	anim12R	1	1	5e5f5c
70	anim12R	2	1	898246
70	anim12R	3	1	78744f
70	anim12R	4	1	676658
70	anim12R	5	1	000000
70	anim12R	6	3	ffd595
70	anim12R	7	3	ffce8c
70	anim12R	8	3	ffc489
70	anim12R	9	3	ffffff
70	anim12R	10	1	aaaa55
70	anim12R	11	1	bfbf40
70	anim12R	12	2	996633
70	anim12R	13	2	aa5500
70	anim12R	14	2	bf8020
70	anim12R	15	2	926d24
70	anim12R	16	2	9e6124
70	anim12R	17	2	ae8255
70	anim12R	18	2	aa552b
70	anim12R	19	3	ffff80
70	anim12R	20	3	ffcc99
70	anim12R	21	2	ff0000
70	anim12R	22	2	808040
70	anim12R	23	2	ca7015
70	anim12R	24	2	aa551c
70	anim12R	25	3	ffaaaa
70	anim12R	26	3	ffcc80
70	anim12R	27	3	ffd580
70	anim12R	28	3	ffbf80
70	anim12R	29	2	99661a
70	anim12R	30	3	febf75
70	anim12R	31	1	808000
70	anim12R	32	1	a39639
70	anim12R	33	1	978c3f
70	anim12R	34	1	af9f33
70	anim12R	35	1	c6aa39
70	anim12R	36	1	bfac2b
70	anim12R	37	1	b9a22e
70	anim12R	38	1	b6a424
70	anim12R	39	1	b6b624
70	anim12R	40	1	cc9933
70	anim12R	41	1	ffff00
70	anim12R	42	1	aaaa2b
70	anim12R	43	1	b3b333
70	anim13L	1	1	78744f
70	anim13L	2	1	5e5f5c
70	anim13L	3	1	676658
70	anim13L	4	1	000000
70	anim13L	5	2	9e6124
70	anim13L	6	2	ff0000
70	anim13L	7	2	aa551c
70	anim13L	8	2	926d24
70	anim13L	9	2	808000
70	anim13L	10	2	ca7015
70	anim13L	11	2	bf8020
70	anim13L	12	2	ae8255
70	anim13L	13	1	aaaa55
70	anim13L	14	2	996633
70	anim13L	15	1	bfbf40
70	anim13L	16	1	898246
70	anim13L	17	2	aa552b
70	anim13L	18	2	99661a
70	anim13L	19	2	808040
70	anim13L	20	3	ffce8c
70	anim13L	21	3	ffd595
70	anim13L	22	2	aa5500
70	anim13L	23	3	ffff80
70	anim13L	24	3	ffffff
70	anim13L	25	3	ffcc80
70	anim13L	26	1	978c3f
70	anim13L	27	1	c6aa39
70	anim13L	28	3	ffd580
70	anim13L	29	3	ffcc99
70	anim13L	30	3	ffaaaa
70	anim13L	31	1	b9a22e
70	anim13L	32	3	ffc489
70	anim13L	33	3	ffbf80
70	anim13L	34	1	bfac2b
70	anim13L	35	1	808000
70	anim13L	36	1	a39639
70	anim13L	37	1	af9f33
70	anim13L	38	1	ffff00
70	anim13L	39	1	b6b624
70	anim13L	40	1	cc9933
70	anim13L	41	1	b3b333
70	anim13L	42	1	bf9f20
70	anim13L	43	1	b6a424
70	anim13R	1	1	5e5f5c
70	anim13R	2	1	78744f
70	anim13R	3	1	676658
70	anim13R	4	1	000000
70	anim13R	5	3	ffd595
70	anim13R	6	3	ffce8c
70	anim13R	7	3	ffc489
70	anim13R	8	3	ffffff
70	anim13R	9	1	aaaa55
70	anim13R	10	1	bfbf40
70	anim13R	11	2	996633
70	anim13R	12	2	aa5500
70	anim13R	13	2	bf8020
70	anim13R	14	2	926d24
70	anim13R	15	2	9e6124
70	anim13R	16	2	ae8255
70	anim13R	17	2	aa552b
70	anim13R	18	3	ffff80
70	anim13R	19	3	ffcc99
70	anim13R	20	2	ff0000
70	anim13R	21	2	808040
70	anim13R	22	2	ca7015
70	anim13R	23	2	aa551c
70	anim13R	24	2	808000
70	anim13R	25	3	ffaaaa
70	anim13R	26	3	ffcc80
70	anim13R	27	3	ffd580
70	anim13R	28	3	ffbf80
70	anim13R	29	2	99661a
70	anim13R	30	3	febf75
70	anim13R	31	1	898246
70	anim13R	32	1	808000
70	anim13R	33	1	a39639
70	anim13R	34	1	978c3f
70	anim13R	35	1	af9f33
70	anim13R	36	1	c6aa39
70	anim13R	37	1	bfac2b
70	anim13R	38	1	cc9933
70	anim13R	39	1	b9a22e
70	anim13R	40	1	b6a424
70	anim13R	41	1	b6b624
70	anim13R	42	1	ffff00
70	anim13R	43	1	aaaa2b
70	anim13R	44	1	b3b333
70	anim14L	1	1	78744f
70	anim14L	2	1	5e5f5c
70	anim14L	3	1	676658
70	anim14L	4	1	000000
70	anim14L	5	2	9e6124
70	anim14L	6	2	ff0000
70	anim14L	7	2	aa551c
70	anim14L	8	2	926d24
70	anim14L	9	2	808000
70	anim14L	10	2	ca7015
70	anim14L	11	2	bf8020
70	anim14L	12	2	ae8255
70	anim14L	13	1	aaaa55
70	anim14L	14	2	996633
70	anim14L	15	1	bfbf40
70	anim14L	16	1	898246
70	anim14L	17	2	aa552b
70	anim14L	18	2	99661a
70	anim14L	19	2	808040
70	anim14L	20	3	ffce8c
70	anim14L	21	3	ffd595
70	anim14L	22	2	aa5500
70	anim14L	23	3	ffff80
70	anim14L	24	3	ffffff
70	anim14L	25	3	ffcc80
70	anim14L	26	1	978c3f
70	anim14L	27	1	c6aa39
70	anim14L	28	3	ffd580
70	anim14L	29	3	ffcc99
70	anim14L	30	3	ffaaaa
70	anim14L	31	1	b9a22e
70	anim14L	32	3	ffc489
70	anim14L	33	3	ffbf80
70	anim14L	34	1	bfac2b
70	anim14L	35	1	808000
70	anim14L	36	1	a39639
70	anim14L	37	1	af9f33
70	anim14L	38	1	ffff00
70	anim14L	39	1	b6b624
70	anim14L	40	1	cc9933
70	anim14L	41	1	b3b333
70	anim14L	42	1	bf9f20
70	anim14L	43	1	b6a424
70	anim14R	1	1	5e5f5c
70	anim14R	2	1	78744f
70	anim14R	3	1	676658
70	anim14R	4	1	000000
70	anim14R	5	3	ffd595
70	anim14R	6	3	ffce8c
70	anim14R	7	3	ffc489
70	anim14R	8	3	ffffff
70	anim14R	9	1	aaaa55
70	anim14R	10	1	bfbf40
70	anim14R	11	2	996633
70	anim14R	12	2	aa5500
70	anim14R	13	2	bf8020
70	anim14R	14	2	926d24
70	anim14R	15	2	9e6124
70	anim14R	16	2	ae8255
70	anim14R	17	2	aa552b
70	anim14R	18	3	ffff80
70	anim14R	19	3	ffcc99
70	anim14R	20	2	ff0000
70	anim14R	21	2	808040
70	anim14R	22	2	ca7015
70	anim14R	23	2	aa551c
70	anim14R	24	2	808000
70	anim14R	25	3	ffaaaa
70	anim14R	26	3	ffcc80
70	anim14R	27	3	ffd580
70	anim14R	28	3	ffbf80
70	anim14R	29	2	99661a
70	anim14R	30	3	febf75
70	anim14R	31	1	898246
70	anim14R	32	1	808000
70	anim14R	33	1	a39639
70	anim14R	34	1	978c3f
70	anim14R	35	1	af9f33
70	anim14R	36	1	c6aa39
70	anim14R	37	1	bfac2b
70	anim14R	38	1	cc9933
70	anim14R	39	1	b9a22e
70	anim14R	40	1	b6a424
70	anim14R	41	1	b6b624
70	anim14R	42	1	ffff00
70	anim14R	43	1	aaaa2b
70	anim14R	44	1	b3b333
70	anim15L	1	1	78744f
70	anim15L	2	1	5e5f5c
70	anim15L	3	1	676658
70	anim15L	4	1	000000
70	anim15L	5	2	9e6124
70	anim15L	6	2	ff0000
70	anim15L	7	2	aa551c
70	anim15L	8	2	926d24
70	anim15L	9	2	808000
70	anim15L	10	2	ca7015
70	anim15L	11	2	bf8020
70	anim15L	12	2	ae8255
70	anim15L	13	1	aaaa55
70	anim15L	14	2	996633
70	anim15L	15	1	bfbf40
70	anim15L	16	1	898246
70	anim15L	17	2	aa552b
70	anim15L	18	2	99661a
70	anim15L	19	2	808040
70	anim15L	20	3	ffce8c
70	anim15L	21	3	ffd595
70	anim15L	22	2	aa5500
70	anim15L	23	3	ffff80
70	anim15L	24	3	ffffff
70	anim15L	25	3	ffcc80
70	anim15L	26	1	978c3f
70	anim15L	27	1	c6aa39
70	anim15L	28	3	ffd580
70	anim15L	29	3	ffcc99
70	anim15L	30	3	ffaaaa
70	anim15L	31	1	b9a22e
70	anim15L	32	3	ffc489
70	anim15L	33	3	ffbf80
70	anim15L	34	1	bfac2b
70	anim15L	35	1	808000
70	anim15L	36	1	a39639
70	anim15L	37	1	af9f33
70	anim15L	38	1	ffff00
70	anim15L	39	1	b6b624
70	anim15L	40	1	cc9933
70	anim15L	41	1	b3b333
70	anim15L	42	1	bf9f20
70	anim15L	43	1	b6a424
70	anim15R	1	1	5e5f5c
70	anim15R	2	1	78744f
70	anim15R	3	1	676658
70	anim15R	4	1	000000
70	anim15R	5	3	ffd595
70	anim15R	6	3	ffce8c
70	anim15R	7	3	ffc489
70	anim15R	8	3	ffffff
70	anim15R	9	1	aaaa55
70	anim15R	10	1	bfbf40
70	anim15R	11	2	996633
70	anim15R	12	2	aa5500
70	anim15R	13	2	bf8020
70	anim15R	14	2	926d24
70	anim15R	15	2	9e6124
70	anim15R	16	2	ae8255
70	anim15R	17	2	aa552b
70	anim15R	18	3	ffff80
70	anim15R	19	3	ffcc99
70	anim15R	20	2	ff0000
70	anim15R	21	2	808040
70	anim15R	22	2	ca7015
70	anim15R	23	2	aa551c
70	anim15R	24	2	808000
70	anim15R	25	3	ffaaaa
70	anim15R	26	3	ffcc80
70	anim15R	27	3	ffd580
70	anim15R	28	3	ffbf80
70	anim15R	29	2	99661a
70	anim15R	30	3	febf75
70	anim15R	31	1	898246
70	anim15R	32	1	808000
70	anim15R	33	1	a39639
70	anim15R	34	1	978c3f
70	anim15R	35	1	af9f33
70	anim15R	36	1	c6aa39
70	anim15R	37	1	bfac2b
70	anim15R	38	1	cc9933
70	anim15R	39	1	b9a22e
70	anim15R	40	1	b6a424
70	anim15R	41	1	b6b624
70	anim15R	42	1	ffff00
70	anim15R	43	1	aaaa2b
70	anim15R	44	1	b3b333
70	anim16L	1	1	78744f
70	anim16L	2	1	5e5f5c
70	anim16L	3	1	676658
70	anim16L	4	1	000000
70	anim16L	5	2	9e6124
70	anim16L	6	2	ff0000
70	anim16L	7	2	aa551c
70	anim16L	8	2	926d24
70	anim16L	9	2	808000
70	anim16L	10	2	ca7015
70	anim16L	11	2	bf8020
70	anim16L	12	2	ae8255
70	anim16L	13	1	aaaa55
70	anim16L	14	2	996633
70	anim16L	15	1	bfbf40
70	anim16L	16	1	898246
70	anim16L	17	2	aa552b
70	anim16L	18	2	99661a
70	anim16L	19	2	808040
70	anim16L	20	3	ffce8c
70	anim16L	21	3	ffd595
70	anim16L	22	2	aa5500
70	anim16L	23	3	ffff80
70	anim16L	24	3	ffffff
70	anim16L	25	3	ffcc80
70	anim16L	26	1	978c3f
70	anim16L	27	1	c6aa39
70	anim16L	28	3	ffd580
70	anim16L	29	3	ffcc99
70	anim16L	30	3	ffaaaa
70	anim16L	31	1	b9a22e
70	anim16L	32	3	ffc489
70	anim16L	33	3	ffbf80
70	anim16L	34	1	bfac2b
70	anim16L	35	1	808000
70	anim16L	36	1	a39639
70	anim16L	37	1	af9f33
70	anim16L	38	1	ffff00
70	anim16L	39	1	b6b624
70	anim16L	40	1	cc9933
70	anim16L	41	1	b3b333
70	anim16L	42	1	bf9f20
70	anim16L	43	1	b6a424
70	anim16R	1	1	5e5f5c
70	anim16R	2	1	78744f
70	anim16R	3	1	676658
70	anim16R	4	1	000000
70	anim16R	5	3	ffd595
70	anim16R	6	3	ffce8c
70	anim16R	7	3	ffc489
70	anim16R	8	3	ffffff
70	anim16R	9	1	aaaa55
70	anim16R	10	1	bfbf40
70	anim16R	11	2	996633
70	anim16R	12	2	aa5500
70	anim16R	13	2	bf8020
70	anim16R	14	2	926d24
70	anim16R	15	2	9e6124
70	anim16R	16	2	ae8255
70	anim16R	17	2	aa552b
70	anim16R	18	3	ffff80
70	anim16R	19	3	ffcc99
70	anim16R	20	2	ff0000
70	anim16R	21	2	808040
70	anim16R	22	2	ca7015
70	anim16R	23	2	aa551c
70	anim16R	24	2	808000
70	anim16R	25	3	ffaaaa
70	anim16R	26	3	ffcc80
70	anim16R	27	3	ffd580
70	anim16R	28	3	ffbf80
70	anim16R	29	2	99661a
70	anim16R	30	3	febf75
70	anim16R	31	1	898246
70	anim16R	32	1	808000
70	anim16R	33	1	a39639
70	anim16R	34	1	978c3f
70	anim16R	35	1	af9f33
70	anim16R	36	1	c6aa39
70	anim16R	37	1	bfac2b
70	anim16R	38	1	cc9933
70	anim16R	39	1	b9a22e
70	anim16R	40	1	b6a424
70	anim16R	41	1	b6b624
70	anim16R	42	1	ffff00
70	anim16R	43	1	aaaa2b
70	anim16R	44	1	b3b333
70	anim17L	1	1	5e5f5c
70	anim17L	2	1	78744f
70	anim17L	3	1	000000
70	anim17L	4	1	676658
70	anim17L	5	2	808000
70	anim17L	6	2	926d24
70	anim17L	7	2	9e6124
70	anim17L	8	2	aa552b
70	anim17L	9	2	99661a
70	anim17L	10	2	808040
70	anim17L	11	1	aaaa55
70	anim17L	12	2	aa551c
70	anim17L	13	2	996633
70	anim17L	14	2	ae8255
70	anim17L	15	2	ff0000
70	anim17L	16	1	bfbf40
70	anim17L	17	2	bf8020
70	anim17L	18	2	aa5500
70	anim17L	19	1	898246
70	anim17L	20	3	ffff80
70	anim17L	21	3	ffd595
70	anim17L	22	3	ffce8c
70	anim17L	23	3	ffffff
70	anim17L	24	3	ffcc99
70	anim17L	25	3	ffaaaa
70	anim17L	26	3	ffcc80
70	anim17L	27	3	ffc489
70	anim17L	28	3	ffd580
70	anim17L	29	1	808000
70	anim17L	30	3	ffbf80
70	anim17L	31	1	a39639
70	anim17L	32	1	c6aa39
70	anim17L	33	1	978c3f
70	anim17L	34	1	af9f33
70	anim17L	35	1	bfac2b
70	anim17L	36	1	b9a22e
70	anim17L	37	1	bf9f20
70	anim17L	38	1	ffff00
70	anim17L	39	1	b6a424
70	anim17L	40	1	b6b624
70	anim17L	41	1	cc9933
70	anim17L	42	1	aaaa2b
70	anim17L	43	2	ca7015
70	anim17L	44	1	b3b333
70	anim17R	1	1	5e5f5c
70	anim17R	2	1	78744f
70	anim17R	3	1	676658
70	anim17R	4	1	000000
70	anim17R	5	2	9e6124
70	anim17R	6	2	bf8020
70	anim17R	7	2	996633
70	anim17R	8	2	aa552b
70	anim17R	9	2	99661a
70	anim17R	10	2	808000
70	anim17R	11	2	926d24
70	anim17R	12	1	aaaa55
70	anim17R	13	2	ae8255
70	anim17R	14	1	bfbf40
70	anim17R	15	2	808040
70	anim17R	16	2	ff0000
70	anim17R	17	2	ca7015
70	anim17R	18	1	898246
70	anim17R	19	2	aa551c
70	anim17R	20	2	aa5500
70	anim17R	21	3	ffce8c
70	anim17R	22	3	ffc489
70	anim17R	23	3	ffbf80
70	anim17R	24	3	ffaaaa
70	anim17R	25	3	ffd595
70	anim17R	26	3	ffff80
70	anim17R	27	3	ffffff
70	anim17R	28	3	ffd580
70	anim17R	29	1	978c3f
70	anim17R	30	3	ffcc99
70	anim17R	31	1	ffff00
70	anim17R	32	1	bfac2b
70	anim17R	33	3	ffcc80
70	anim17R	34	1	c6aa39
70	anim17R	35	1	a39639
70	anim17R	36	1	808000
70	anim17R	37	1	af9f33
70	anim17R	38	1	cc9933
70	anim17R	39	1	aaaa2b
70	anim17R	40	1	b6b624
70	anim17R	41	1	b3b333
70	anim17R	42	1	b9a22e
70	anim17R	43	1	b6a424
70	anim17R	44	1	bf9f20
70	anim18L	1	1	000000
70	anim18L	2	1	676658
70	anim18L	3	1	5e5f5c
70	anim18L	4	1	78744f
70	anim18L	5	3	ffce8c
70	anim18L	6	3	ffcc80
70	anim18L	7	3	ffff80
70	anim18L	8	3	ffffff
70	anim18L	9	2	9e6124
70	anim18L	10	2	808000
70	anim18L	11	2	aa552b
70	anim18L	12	2	aa5500
70	anim18L	13	3	ffcc99
70	anim18L	14	1	bfbf40
70	anim18L	15	3	ffd595
70	anim18L	16	3	ffc489
70	anim18L	17	2	bf8020
70	anim18L	18	2	ae8255
70	anim18L	19	2	99661a
70	anim18L	20	2	996633
70	anim18L	21	2	ca7015
70	anim18L	22	2	808040
70	anim18L	23	1	aaaa55
70	anim18L	24	2	926d24
70	anim18L	25	1	898246
70	anim18L	26	3	ffd580
70	anim18L	27	2	ff0000
70	anim18L	28	3	ffaaaa
70	anim18L	29	3	febf75
70	anim18L	30	2	aa551c
70	anim18L	31	3	ffbf80
70	anim18L	32	1	bfac2b
70	anim18L	33	1	ffff00
70	anim18L	34	1	c6aa39
70	anim18L	35	1	978c3f
70	anim18L	36	1	af9f33
70	anim18L	37	1	a39639
70	anim18L	38	1	b9a22e
70	anim18L	39	1	808000
70	anim18L	40	1	b6b624
70	anim18L	41	1	b6a424
70	anim18L	42	1	b3b333
70	anim18L	43	1	cc9933
70	anim18L	44	1	aaaa2b
70	anim18R	1	1	5e5f5c
70	anim18R	2	1	000000
70	anim18R	3	1	676658
70	anim18R	4	1	78744f
70	anim18R	5	3	ffaaaa
70	anim18R	6	3	ffce8c
70	anim18R	7	3	ffcc99
70	anim18R	8	3	ffd595
70	anim18R	9	3	ffc489
70	anim18R	10	3	ffffff
70	anim18R	11	1	bfbf40
70	anim18R	12	1	aaaa55
70	anim18R	13	3	ffff80
70	anim18R	14	2	ae8255
70	anim18R	15	2	ca7015
70	anim18R	16	2	808000
70	anim18R	17	2	99661a
70	anim18R	18	2	996633
70	anim18R	19	2	9e6124
70	anim18R	20	2	aa551c
70	anim18R	21	2	bf8020
70	anim18R	22	3	ffd580
70	anim18R	23	1	898246
70	anim18R	24	3	ffcc80
70	anim18R	25	2	aa552b
70	anim18R	26	2	926d24
70	anim18R	27	2	aa5500
70	anim18R	28	3	ffbf80
70	anim18R	29	2	ff0000
70	anim18R	30	2	808040
70	anim18R	31	1	a39639
70	anim18R	32	1	808000
70	anim18R	33	1	cc9933
70	anim18R	34	1	bfac2b
70	anim18R	35	1	af9f33
70	anim18R	36	1	c6aa39
70	anim18R	37	1	978c3f
70	anim18R	38	1	ffff00
70	anim18R	39	1	b3b333
70	anim18R	40	1	b6b624
70	anim18R	41	3	febf75
70	anim18R	42	1	bf9f20
70	anim18R	43	1	aaaa2b
70	anim18R	44	1	b9a22e
70	anim18R	45	1	b6a424
70	anim1L	1	1	5e5f5c
70	anim1L	2	2	808040
70	anim1L	3	2	9e6124
70	anim1L	4	2	996633
70	anim1L	5	1	000000
70	anim1L	6	2	ca7015
70	anim1L	7	1	6e6b56
70	anim1L	8	2	aa552b
70	anim1L	9	2	ff0000
70	anim1L	10	2	926d24
70	anim1L	11	2	808000
70	anim1L	12	2	aa5500
70	anim1L	13	2	99661a
70	anim1L	14	2	bf8020
70	anim1L	15	2	ae8255
70	anim1L	16	3	ffdb92
70	anim1L	17	3	ffce8c
70	anim1L	18	3	ffff80
70	anim1L	19	3	ffaaaa
70	anim1L	20	3	ffbf80
70	anim1L	21	1	bfbf40
70	anim1L	22	1	c6aa39
70	anim1L	23	1	bfac2b
70	anim1L	24	1	78744f
70	anim1L	25	1	988d3f
70	anim1L	26	1	898246
70	anim1L	27	3	ffc489
70	anim1L	28	3	ffffff
70	anim1L	29	1	aaaa55
70	anim1L	30	3	ffcc99
70	anim1L	31	1	b1a132
70	anim1L	32	1	b3b333
70	anim1L	33	3	ffd580
70	anim1L	34	3	ffcc80
70	anim1L	35	1	ffff00
70	anim1L	36	1	b6b624
70	anim1L	37	1	b6a424
70	anim1L	38	1	aaaa2b
70	anim1L	39	1	808000
70	anim1L	40	1	cc9933
70	anim1R	1	1	5e5f5c
70	anim1R	2	1	6e6b56
70	anim1R	3	1	000000
70	anim1R	4	1	78744f
70	anim1R	5	2	9e6124
70	anim1R	6	2	926d24
70	anim1R	7	2	ae8255
70	anim1R	8	2	996633
70	anim1R	9	2	99661a
70	anim1R	10	1	aaaa55
70	anim1R	11	2	aa5500
70	anim1R	12	2	ca7015
70	anim1R	13	2	aa552b
70	anim1R	14	2	808000
70	anim1R	15	3	ffd595
70	anim1R	16	3	ffff80
70	anim1R	17	3	ffce8c
70	anim1R	18	2	ff0000
70	anim1R	19	1	bfbf40
70	anim1R	20	3	ffffff
70	anim1R	21	1	898246
70	anim1R	22	1	808000
70	anim1R	23	1	b1a132
70	anim1R	24	3	ffd580
70	anim1R	25	1	988d3f
70	anim1R	26	3	ffcc80
70	anim1R	27	1	c6aa39
70	anim1R	28	1	bfac2b
70	anim1R	29	3	ffaaaa
70	anim1R	30	3	ffcc99
70	anim1R	31	3	ffc489
70	anim1R	32	3	ffbf80
70	anim1R	33	1	bf9f20
70	anim1R	34	1	cc9933
70	anim1R	35	1	ffff00
70	anim1R	36	1	aaaa2b
70	anim1R	37	1	b6b624
70	anim1R	38	1	b3b333
70	anim1R	39	3	febf75
70	anim1R	40	2	808040
70	anim2L	1	1	5e5f5c
70	anim2L	2	2	808040
70	anim2L	3	2	9e6124
70	anim2L	4	2	996633
70	anim2L	5	1	000000
70	anim2L	6	2	ca7015
70	anim2L	7	1	6e6b56
70	anim2L	8	2	aa552b
70	anim2L	9	2	ff0000
70	anim2L	10	2	926d24
70	anim2L	11	2	808000
70	anim2L	12	2	aa5500
70	anim2L	13	2	99661a
70	anim2L	14	2	bf8020
70	anim2L	15	2	ae8255
70	anim2L	16	3	ffdb92
70	anim2L	17	3	ffce8c
70	anim2L	18	3	ffff80
70	anim2L	19	3	ffaaaa
70	anim2L	20	3	ffbf80
70	anim2L	21	1	bfbf40
70	anim2L	22	1	c6aa39
70	anim2L	23	1	bfac2b
70	anim2L	24	1	78744f
70	anim2L	25	1	988d3f
70	anim2L	26	1	898246
70	anim2L	27	3	ffc489
70	anim2L	28	3	ffffff
70	anim2L	29	1	aaaa55
70	anim2L	30	3	ffcc99
70	anim2L	31	1	b9a22e
70	anim2L	32	1	b3b333
70	anim2L	33	3	ffcc80
70	anim2L	34	3	ffd580
70	anim2L	35	1	ab9c35
70	anim2L	36	1	ffff00
70	anim2L	37	1	b6b624
70	anim2L	38	1	aaaa2b
70	anim2L	39	1	b6a424
70	anim2L	40	1	808000
70	anim2L	41	1	cc9933
70	anim2R	1	1	5e5f5c
70	anim2R	2	1	6e6b56
70	anim2R	3	1	000000
70	anim2R	4	1	78744f
70	anim2R	5	2	9e6124
70	anim2R	6	2	926d24
70	anim2R	7	2	ae8255
70	anim2R	8	2	996633
70	anim2R	9	2	99661a
70	anim2R	10	1	aaaa55
70	anim2R	11	2	aa5500
70	anim2R	12	2	bf8020
70	anim2R	13	2	aa552b
70	anim2R	14	2	808000
70	anim2R	15	3	ffdb92
70	anim2R	16	3	ffff80
70	anim2R	17	3	ffce8c
70	anim2R	18	2	ff0000
70	anim2R	19	1	bfbf40
70	anim2R	20	3	ffffff
70	anim2R	21	1	898246
70	anim2R	22	1	808000
70	anim2R	23	1	b1a132
70	anim2R	24	3	ffd580
70	anim2R	25	1	988d3f
70	anim2R	26	3	ffcc80
70	anim2R	27	1	c6aa39
70	anim2R	28	1	bfac2b
70	anim2R	29	3	ffaaaa
70	anim2R	30	3	ffcc99
70	anim2R	31	3	ffc489
70	anim2R	32	3	ffbf80
70	anim2R	33	1	bf9f20
70	anim2R	34	1	cc9933
70	anim2R	35	1	ffff00
70	anim2R	36	1	aaaa2b
70	anim2R	37	2	ca7015
70	anim2R	38	1	b6b624
70	anim2R	39	1	b3b333
70	anim2R	40	3	febf75
70	anim2R	41	2	808040
70	anim3L	1	1	000000
70	anim3L	2	1	5e5f5c
70	anim3L	3	1	676658
70	anim3L	4	1	78744f
70	anim3L	5	2	ff0000
70	anim3L	6	2	9e6124
70	anim3L	7	2	bf8020
70	anim3L	8	2	ca7015
70	anim3L	9	2	996633
70	anim3L	10	2	808040
70	anim3L	11	2	926d24
70	anim3L	12	2	aa5500
70	anim3L	13	2	808000
70	anim3L	14	2	ae8255
70	anim3L	15	1	aaaa55
70	anim3L	16	2	aa552b
70	anim3L	17	3	ffdb92
70	anim3L	18	1	898246
70	anim3L	19	3	ffff80
70	anim3L	20	2	99661a
70	anim3L	21	2	aa551c
70	anim3L	22	3	ffce8c
70	anim3L	23	3	ffffff
70	anim3L	24	1	bfbf40
70	anim3L	25	3	ffbf80
70	anim3L	26	3	ffcc80
70	anim3L	27	3	ffd580
70	anim3L	28	3	ffc489
70	anim3L	29	1	bfac2b
70	anim3L	30	1	c6aa39
70	anim3L	31	1	968c40
70	anim3L	32	1	af9f33
70	anim3L	33	1	a39639
70	anim3L	34	1	b9a22e
70	anim3L	35	3	ffaaaa
70	anim3L	36	3	ffcc99
70	anim3L	37	1	b3b333
70	anim3L	38	1	b6b624
70	anim3L	39	1	b6a424
70	anim3L	40	3	febf75
70	anim3L	41	1	ffff00
70	anim3L	42	1	aaaa2b
70	anim3L	43	1	cc9933
70	anim3R	1	1	000000
70	anim3R	2	1	6e6b56
70	anim3R	3	1	5e5f5c
70	anim3R	4	1	78744f
70	anim3R	5	2	926d24
70	anim3R	6	2	9e6124
70	anim3R	7	2	bf8020
70	anim3R	8	1	898246
70	anim3R	9	2	996633
70	anim3R	10	2	ae8255
70	anim3R	11	2	808000
70	anim3R	12	2	ff0000
70	anim3R	13	2	aa552b
70	anim3R	14	2	808040
70	anim3R	15	3	ffdb92
70	anim3R	16	2	99661a
70	anim3R	17	3	ffbf80
70	anim3R	18	3	ffff80
70	anim3R	19	3	ffce8c
70	anim3R	20	1	aaaa55
70	anim3R	21	3	ffc489
70	anim3R	22	3	ffaaaa
70	anim3R	23	3	ffffff
70	anim3R	24	1	bfbf40
70	anim3R	25	3	ffd580
70	anim3R	26	1	808000
70	anim3R	27	1	c6aa39
70	anim3R	28	1	988d3f
70	anim3R	29	1	bfac2b
70	anim3R	30	3	ffcc99
70	anim3R	31	2	ca7015
70	anim3R	32	2	aa5500
70	anim3R	33	1	ab9c35
70	anim3R	34	1	ffff00
70	anim3R	35	1	b3b333
70	anim3R	36	1	b6a424
70	anim3R	37	3	febf75
70	anim3R	38	3	ffcc80
70	anim3R	39	1	b9a22e
70	anim3R	40	1	aaaa2b
70	anim3R	41	1	b6b624
70	dieL	1	1	000000
70	dieL	2	1	5e5f5c
70	dieL	3	1	6e6b56
70	dieL	4	2	996633
70	dieL	5	2	9e6124
70	dieL	6	3	ffcc99
70	dieL	7	3	febf75
70	dieL	8	3	ffffff
70	dieL	9	3	ffce8c
70	dieL	10	2	aa5500
70	dieL	11	3	ffd595
70	dieL	12	3	ffc489
70	dieL	13	3	ffaaaa
70	dieL	14	3	ffbf80
70	dieL	15	2	808040
70	dieL	16	1	78744f
70	dieL	17	2	ff0000
70	dieL	18	2	926d24
70	dieL	19	2	ca7015
70	dieL	20	2	808000
70	dieL	21	1	aaaa55
70	dieL	22	3	ffff80
70	dieL	23	2	ae8255
70	dieL	24	2	aa552b
70	dieL	25	3	ffd580
70	dieL	26	2	99661a
70	dieL	27	1	bfac2b
70	dieL	28	1	bfbf40
70	dieL	29	1	898246
70	dieL	30	1	cc9933
70	dieL	31	1	c6aa39
70	dieL	32	1	ffff00
70	dieL	33	1	b6b624
70	dieL	34	1	b1a132
70	dieL	35	1	988d3f
70	dieL	36	1	808000
70	dieL	37	1	b3b333
70	dieL	38	1	b6a424
70	dieL	39	1	bf9f20
70	dieR	1	1	5e5f5c
70	dieR	2	3	ffce8c
70	dieR	3	3	ffffff
70	dieR	4	1	6e6b56
70	dieR	5	1	aaaa55
70	dieR	6	2	ae8255
70	dieR	7	2	9e6124
70	dieR	8	3	ffd595
70	dieR	9	1	808000
70	dieR	10	3	ffff80
70	dieR	11	1	c6aa39
70	dieR	12	1	bfac2b
70	dieR	13	2	996633
70	dieR	14	1	bfbf40
70	dieR	15	1	988d3f
70	dieR	16	2	ca7015
70	dieR	17	3	ffbf80
70	dieR	18	3	ffd580
70	dieR	19	1	ffff00
70	dieR	20	2	aa552b
70	dieR	21	2	ff0000
70	dieR	22	1	b6a424
70	dieR	23	2	808000
70	dieR	24	1	b1a132
70	dieR	25	2	aa5500
70	dieR	26	1	898246
70	dieR	27	1	78744f
70	dieR	28	1	b3b333
70	dieR	29	3	ffcc99
70	dieR	30	1	bf9f20
70	dieR	31	1	b6b624
70	dieR	32	2	926d24
70	dieR	33	1	cc9933
70	dieR	34	2	808040
70	dieR	35	3	febf75
70	dieR	36	3	ffaaaa
70	dieR	37	2	99661a
70	hitL	1	1	5e5f5c
70	hitL	2	1	6e6b56
70	hitL	3	1	78744f
70	hitL	4	2	996633
70	hitL	5	2	9e6124
70	hitL	6	1	aaaa55
70	hitL	7	2	ae8255
70	hitL	8	2	926d24
70	hitL	9	3	ffd595
70	hitL	10	3	ffce8c
70	hitL	11	3	ffff80
70	hitL	12	1	988d3f
70	hitL	13	1	bfbf40
70	hitL	14	3	ffcc99
70	hitL	15	2	ca7015
70	hitL	16	1	b1a132
70	hitL	17	1	bfac2b
70	hitL	18	1	c6aa39
70	hitL	19	1	808000
70	hitL	20	3	ffd580
70	hitL	21	3	ffbf80
70	hitL	22	1	ffff00
70	hitL	23	2	aa5500
70	hitL	24	1	b6a424
70	hitR	1	2	9e6124
70	hitR	2	2	aa5500
70	hitR	3	1	5e5f5c
70	hitR	4	2	808040
70	hitR	5	2	996633
70	hitR	6	2	926d24
70	hitR	7	1	6e6b56
70	hitR	8	2	aa552b
70	hitR	9	2	ae8255
70	hitR	10	2	ff0000
70	hitR	11	2	808000
70	hitR	12	3	ffd595
70	hitR	13	3	ffce8c
70	hitR	14	3	ffffff
70	hitR	15	3	ffff80
70	hitR	16	1	bfac2b
70	hitR	17	1	bfbf40
70	hitR	18	3	ffcc99
70	hitR	19	3	ffaaaa
70	hitR	20	1	898246
70	hitR	21	1	b6a424
70	hitR	22	1	c6aa39
70	hitR	23	1	b1a132
70	hitR	24	1	988d3f
70	hitR	25	3	ffbf80
70	hitR	26	1	aaaa55
70	hitR	27	3	ffd580
70	hitR	28	1	cc9933
70	hitR	29	1	b6b624
70	hitR	30	2	ca7015
70	hitR	31	1	808000
70	runB	1	1	5e5f5c
70	runB	2	1	6e6b56
70	runB	3	2	808000
70	runB	4	2	ff0000
70	runB	5	2	9e6124
70	runB	6	2	996633
70	runB	7	2	926d24
70	runB	8	2	aa552b
70	runB	9	2	99661a
70	runB	10	2	808040
70	runB	11	2	ca7015
70	runB	12	2	aa5500
70	runB	13	2	ae8255
70	runB	14	3	ffce8c
70	runB	15	3	febf75
70	runB	16	1	aaaa55
70	runB	17	3	ffd595
70	runB	18	3	ffffff
70	runB	19	1	bfbf40
70	runB	20	3	ffff80
70	runB	21	1	78744f
70	runB	22	1	898246
70	runB	23	3	ffd580
70	runB	24	1	ffff00
70	runB	25	3	ffaaaa
70	runB	26	1	bfac2b
70	runB	27	1	c6aa39
70	runB	28	3	ffcc99
70	runB	29	1	b1a132
70	runB	30	1	988d3f
70	runB	31	3	ffbf80
70	runB	32	1	bf9f20
70	runB	33	1	808000
70	runB	34	1	b3b333
70	runB	35	1	b6a424
70	runB	36	1	b6b624
70	runB	37	1	cc9933
70	runF	1	1	5e5f5c
70	runF	2	1	6e6b56
70	runF	3	2	808040
70	runF	4	2	9e6124
70	runF	5	2	996633
70	runF	6	1	aaaa55
70	runF	7	3	febf75
70	runF	8	3	ffce8c
70	runF	9	3	ffd595
70	runF	10	2	ae8255
70	runF	11	3	ffffff
70	runF	12	1	bfbf40
70	runF	13	2	aa552b
70	runF	14	2	926d24
70	runF	15	3	ffcc99
70	runF	16	2	ca7015
70	runF	17	3	ffff80
70	runF	18	3	ffbf80
70	runF	19	3	ffaaaa
70	runF	20	2	aa5500
70	runF	21	1	898246
70	runF	22	3	ffd580
70	runF	23	2	ff0000
70	runF	24	2	808000
70	runF	25	1	b3b333
70	runF	26	1	ffff00
70	runF	27	1	bfac2b
70	runF	28	1	c6aa39
70	runF	29	1	808000
70	runF	30	1	b0a133
70	runF	31	1	bf9f20
70	runF	32	1	b6a424
70	runF	33	1	cc9933
70	runF	34	1	998e3e
70	runF	35	1	b6b624
70	runL	1	1	6e6b56
70	runL	2	1	5e5f5c
70	runL	3	2	9e6124
70	runL	4	2	996633
70	runL	5	2	ff0000
70	runL	6	2	aa552b
70	runL	7	2	99661a
70	runL	8	2	aa5500
70	runL	9	2	ca7015
70	runL	10	1	898246
70	runL	11	2	808040
70	runL	12	2	ae8255
70	runL	13	1	aaaa55
70	runL	14	2	808000
70	runL	15	1	bfbf40
70	runL	16	3	ffffff
70	runL	17	3	ffce8c
70	runL	18	3	ffbf80
70	runL	19	3	ffff80
70	runL	20	3	ffd595
70	runL	21	3	ffd580
70	runL	22	1	b0a133
70	runL	23	1	998e3e
70	runL	24	1	c6aa39
70	runL	25	1	bfac2b
70	runL	26	3	ffcc99
70	runL	27	1	ffff00
70	runL	28	3	ffaaaa
70	runL	29	1	b6a424
70	runL	30	1	b3b333
70	runL	31	1	808000
70	runL	32	1	b6b624
70	runL	33	1	cc9933
70	runL	34	1	bf9f20
70	runR	1	1	5e5f5c
70	runR	2	1	6e6b56
70	runR	3	1	898246
70	runR	4	2	ae8255
70	runR	5	2	9e6124
70	runR	6	1	aaaa55
70	runR	7	2	aa5500
70	runR	8	2	996633
70	runR	9	2	ca7015
70	runR	10	1	bfbf40
70	runR	11	2	aa552b
70	runR	12	2	99661a
70	runR	13	2	808000
70	runR	14	2	808040
70	runR	15	2	ff0000
70	runR	16	3	ffcc99
70	runR	17	3	ffce8c
70	runR	18	3	febf75
70	runR	19	3	ffd595
70	runR	20	3	ffff80
70	runR	21	3	ffffff
70	runR	22	3	ffaaaa
70	runR	23	1	ffff00
70	runR	24	3	ffd580
70	runR	25	1	c6aa39
70	runR	26	1	bfac2b
70	runR	27	3	ffbf80
70	runR	28	1	808000
70	runR	29	1	b1a032
70	runR	30	1	b6b624
70	runR	31	1	998e3e
70	runR	32	1	b6a424
70	runR	33	1	cc9933
70	runS	1	1	5e5f5c
70	runS	2	1	6e6b56
70	runS	3	2	996633
70	runS	4	2	9e6124
70	runS	5	2	aa552b
70	runS	6	2	aa5500
70	runS	7	2	99661a
70	runS	8	2	808040
70	runS	9	2	ff0000
70	runS	10	2	808000
70	runS	11	3	ffce8c
70	runS	12	1	bfbf40
70	runS	13	3	ffd595
70	runS	14	1	898246
70	runS	15	2	ae8255
70	runS	16	1	c6aa39
70	runS	17	2	ca7015
70	runS	18	1	998e3e
70	runS	19	3	ffd580
70	runS	20	3	ffff80
70	runS	21	3	ffffff
70	runS	22	3	ffaaaa
70	runS	23	3	ffcc99
70	runS	24	1	b1a032
70	runS	25	3	febf75
70	runS	26	3	ffbf80
70	runS	27	1	bfac2b
70	runS	28	1	b6b624
70	runS	29	1	808000
70	runS	30	1	cc9933
70	runS	31	1	bf9f20
70	staticB	1	1	5e5f5c
70	staticB	2	2	9e6124
70	staticB	3	2	ca7015
70	staticB	4	1	bfac2b
70	staticB	5	3	ffce8c
70	staticF	1	1	5e5f5c
70	staticF	2	2	ca7015
70	staticF	3	2	9e6124
70	staticF	4	1	bfac2b
70	staticF	5	3	ffce8c
70	staticL	1	1	5e5f5c
70	staticL	2	2	9e6124
70	staticL	3	1	bfac2b
70	staticL	4	2	ca7015
70	staticL	5	3	ffce8c
70	staticR	1	1	5e5f5c
70	staticR	2	2	9e6124
70	staticR	3	2	ca7015
70	staticR	4	3	ffce8c
70	staticR	5	1	bfac2b
70	staticS	1	1	5e5f5c
70	staticS	2	2	9e6124
70	staticS	3	2	ca7015
70	staticS	4	3	ffce8c
70	staticS	5	1	bfac2b
70	walkB	1	1	5e5f5c
70	walkB	2	1	898246
70	walkB	3	2	ff0000
70	walkB	4	2	808040
70	walkB	5	2	9e6124
70	walkB	6	2	996633
70	walkB	7	2	808000
70	walkB	8	2	aa5500
70	walkB	9	2	99661a
70	walkB	10	2	aa552b
70	walkB	11	2	ae8255
70	walkB	12	1	bfbf40
70	walkB	13	2	ca7015
70	walkB	14	1	998e3e
70	walkB	15	1	c6aa39
70	walkB	16	3	ffd595
70	walkB	17	3	ffce8c
70	walkB	18	3	ffffff
70	walkB	19	1	bfac2b
70	walkB	20	3	ffbf80
70	walkB	21	3	ffd580
70	walkB	22	3	ffcc99
70	walkB	23	1	bf9f20
70	walkB	24	1	b6b624
70	walkB	25	1	cc9933
70	walkB	26	1	808000
70	walkB	27	3	febf75
70	walkF	1	1	5e5f5c
70	walkF	2	2	808040
70	walkF	3	2	808000
70	walkF	4	2	9e6124
70	walkF	5	2	ca7015
70	walkF	6	2	ff0000
70	walkF	7	2	996633
70	walkF	8	2	aa5500
70	walkF	9	2	99661a
70	walkF	10	2	ae8255
70	walkF	11	1	998e3e
70	walkF	12	1	bfbf40
70	walkF	13	3	ffd595
70	walkF	14	3	ffffff
70	walkF	15	3	ffce8c
70	walkF	16	3	ffbf80
70	walkF	17	3	febf75
70	walkF	18	3	ffd580
70	walkF	19	1	bfac2b
70	walkF	20	3	ffcc99
70	walkF	21	1	cc9933
70	walkF	22	1	bf9f20
70	walkF	23	1	b6b624
70	walkF	24	1	808000
70	walkL	1	1	5e5f5c
70	walkL	2	2	ff0000
70	walkL	3	2	808040
70	walkL	4	2	9e6124
70	walkL	5	2	aa5500
70	walkL	6	2	99661a
70	walkL	7	2	ca7015
70	walkL	8	2	996633
70	walkL	9	2	808000
70	walkL	10	2	ae8255
70	walkL	11	1	bfbf40
70	walkL	12	1	998e3e
70	walkL	13	3	ffd595
70	walkL	14	3	ffffff
70	walkL	15	3	ffce8c
70	walkL	16	3	ffcc99
70	walkL	17	3	ffbf80
70	walkL	18	1	bfac2b
70	walkL	19	3	ffd580
70	walkL	20	1	b6b624
70	walkL	21	1	bf9f20
70	walkL	22	1	808000
70	walkR	1	1	5e5f5c
70	walkR	2	2	ae8255
70	walkR	3	2	9e6124
70	walkR	4	2	ca7015
70	walkR	5	2	99661a
70	walkR	6	2	808000
70	walkR	7	1	998e3e
70	walkR	8	1	bfbf40
70	walkR	9	3	ffd595
70	walkR	10	3	ffce8c
70	walkR	11	3	ffffff
70	walkR	12	3	ffcc99
70	walkR	13	3	ffd580
70	walkR	14	1	bfac2b
70	walkR	15	1	b6b624
70	walkS	1	1	5e5f5c
70	walkS	2	2	ca7015
70	walkS	3	2	9e6124
70	walkS	4	2	808000
70	walkS	5	3	ffd595
70	walkS	6	3	ffce8c
70	walkS	7	3	ffcc99
70	walkS	8	1	bfac2b
70	walkS	9	1	998e3e
71	anim0L	1	1	e3b8e3
71	anim0L	2	1	eebde3
71	anim0L	3	1	f6c6ec
71	anim0L	4	1	ffaaaa
71	anim0L	5	1	e6bfd9
71	anim0L	6	1	ffd5ff
71	anim0L	7	1	ebb1d8
71	anim0L	8	1	ffcccc
71	anim0L	9	1	ffccff
71	anim0L	10	1	f1c6e3
71	anim0L	11	1	eebbee
71	anim0L	12	1	ffb6db
71	anim0L	13	1	d5aad5
71	anim0L	14	1	ffffff
71	anim0L	15	2	bfac2b
71	anim0L	16	1	ffd5d5
71	anim0L	17	1	ffc6e3
71	anim0L	18	1	bfbfbf
71	anim0L	19	1	ffbfff
71	anim0L	20	3	ffce8c
71	anim0L	21	3	ffc883
71	anim0L	22	3	ffffff
71	anim0L	23	3	ffbf80
71	anim0L	24	3	febf74
71	anim0L	25	3	ffd595
71	anim0L	26	3	ffd580
71	anim0L	27	3	ffff80
71	anim0L	28	3	ffcc99
71	anim0L	29	3	ffaaaa
71	anim0L	30	3	ff8080
71	anim0R	1	1	ffffff
71	anim0R	2	1	eebde3
71	anim0R	3	1	ffd5ff
71	anim0R	4	1	ffbfff
71	anim0R	5	1	ffb6db
71	anim0R	6	1	f1c6e3
71	anim0R	7	1	d5aad5
71	anim0R	8	1	e3b8e3
71	anim0R	9	1	ebb1d8
71	anim0R	10	1	e6bfd9
71	anim0R	11	1	ffcccc
71	anim0R	12	1	ffd5d5
71	anim0R	13	1	ffaaaa
71	anim0R	14	1	ffc6e3
71	anim0R	15	1	bfbfbf
71	anim0R	16	1	eebbee
71	anim0R	17	2	bfac2b
71	anim0R	18	1	ffccff
71	anim0R	19	3	ffffff
71	anim0R	20	3	ffce8c
71	anim0R	21	3	ffd595
71	anim0R	22	3	febf74
71	anim0R	23	3	ffff80
71	anim0R	24	3	ffbf80
71	anim0R	25	3	ffd580
71	anim0R	26	3	ffcc80
71	anim0R	27	3	ffcc99
71	anim0R	28	1	ffaad5
71	anim0R	29	3	ffaaaa
71	anim10L	1	1	ffffff
71	anim10L	2	1	d5aad5
71	anim10L	3	1	eebde3
71	anim10L	4	1	ffbfff
71	anim10L	5	1	eebbee
71	anim10L	6	1	f1c6e3
71	anim10L	7	1	ebb1d8
71	anim10L	8	1	e3b8e3
71	anim10L	9	1	f6c6ec
71	anim10L	10	1	ffd5d5
71	anim10L	11	1	e6bfd9
71	anim10L	12	1	ffaaaa
71	anim10L	13	1	ffd5ff
71	anim10L	14	1	ffcccc
71	anim10L	15	1	bfbfbf
71	anim10L	16	1	ffb6db
71	anim10L	17	1	ffccff
71	anim10L	18	1	ffaad5
71	anim10L	19	2	bfac2b
71	anim10L	20	1	ffc6e3
71	anim10L	21	3	ffd595
71	anim10L	22	3	ffce8c
71	anim10L	23	3	ffc47e
71	anim10L	24	3	ffffff
71	anim10L	25	3	ffc489
71	anim10L	26	3	ffcc99
71	anim10L	27	3	ffff80
71	anim10L	28	3	ffd580
71	anim10L	29	3	ffaaaa
71	anim10L	30	3	febf74
71	anim10L	31	3	ffaa55
71	anim10L	32	3	ffff00
71	anim10L	33	3	ffcc66
71	anim10R	1	1	ffffff
71	anim10R	2	1	f1c6e3
71	anim10R	3	1	eebde3
71	anim10R	4	1	ffb6db
71	anim10R	5	1	ebb1d8
71	anim10R	6	1	bfbfbf
71	anim10R	7	1	ffcccc
71	anim10R	8	1	ffd5ff
71	anim10R	9	1	ffc6e3
71	anim10R	10	1	e6bfd9
71	anim10R	11	1	ffbfff
71	anim10R	12	1	e3b8e3
71	anim10R	13	1	eebbee
71	anim10R	14	1	f6c6ec
71	anim10R	15	1	ffaaaa
71	anim10R	16	1	d5aad5
71	anim10R	17	1	ffd5d5
71	anim10R	18	2	bfac2b
71	anim10R	19	3	ffcc99
71	anim10R	20	3	ffce8c
71	anim10R	21	3	ffaaaa
71	anim10R	22	3	ffd580
71	anim10R	23	3	febf74
71	anim10R	24	1	ffccff
71	anim10R	25	3	ffc47e
71	anim10R	26	3	ffd595
71	anim10R	27	3	ffffff
71	anim10R	28	3	ffff80
71	anim10R	29	3	ffff00
71	anim10R	30	3	ffaa55
71	anim10R	31	3	ffcc66
71	anim10R	32	3	ff8080
71	anim11L	1	1	ffbfff
71	anim11L	2	1	eebde3
71	anim11L	3	1	ffffff
71	anim11L	4	1	f6c6ec
71	anim11L	5	1	bfbfbf
71	anim11L	6	1	ebb1d8
71	anim11L	7	1	e6bfd9
71	anim11L	8	1	f1c6e3
71	anim11L	9	1	ffaaaa
71	anim11L	10	1	eebbee
71	anim11L	11	1	ffd5ff
71	anim11L	12	1	e3b8e3
71	anim11L	13	1	ffc6e3
71	anim11L	14	1	ffccff
71	anim11L	15	1	ffcccc
71	anim11L	16	1	ffd5d5
71	anim11L	17	1	ffb6db
71	anim11L	18	1	d5aad5
71	anim11L	19	2	bfac2b
71	anim11L	20	1	ffaad5
71	anim11L	21	3	ffce8c
71	anim11L	22	3	ffd595
71	anim11L	23	3	ffcc99
71	anim11L	24	3	ffff80
71	anim11L	25	3	ffd580
71	anim11L	26	3	ffc489
71	anim11L	27	3	ffffff
71	anim11L	28	3	febf74
71	anim11L	29	3	ffc47e
71	anim11L	30	3	ffcc66
71	anim11L	31	3	ffaaaa
71	anim11L	32	3	ff8080
71	anim11L	33	3	ffaa55
71	anim11R	1	1	ffffff
71	anim11R	2	1	f1c6e3
71	anim11R	3	1	eebde3
71	anim11R	4	1	f6c6ec
71	anim11R	5	1	e6bfd9
71	anim11R	6	1	ffaaaa
71	anim11R	7	1	ebb1d8
71	anim11R	8	1	ffd5ff
71	anim11R	9	1	e3b8e3
71	anim11R	10	1	d5aad5
71	anim11R	11	1	ffcccc
71	anim11R	12	1	eebbee
71	anim11R	13	1	ffbfff
71	anim11R	14	1	ffc6e3
71	anim11R	15	1	ffaad5
71	anim11R	16	1	bfbfbf
71	anim11R	17	1	ffb6db
71	anim11R	18	1	ffd5d5
71	anim11R	19	3	ffce8c
71	anim11R	20	3	ffffff
71	anim11R	21	3	ffd595
71	anim11R	22	3	ffc489
71	anim11R	23	3	ffd580
71	anim11R	24	3	ffff80
71	anim11R	25	2	bfac2b
71	anim11R	26	3	ffaaaa
71	anim11R	27	1	ffccff
71	anim11R	28	3	febf74
71	anim11R	29	3	ffcc99
71	anim11R	30	3	ffc47e
71	anim11R	31	3	ffaa55
71	anim11R	32	3	ffff00
71	anim11R	33	3	ff8080
71	anim11R	34	3	ffcc66
71	anim12L	1	1	ffbfff
71	anim12L	2	1	eebde3
71	anim12L	3	1	ffffff
71	anim12L	4	1	f6c6ec
71	anim12L	5	1	bfbfbf
71	anim12L	6	1	ebb1d8
71	anim12L	7	1	e6bfd9
71	anim12L	8	1	f1c6e3
71	anim12L	9	1	ffaaaa
71	anim12L	10	1	eebbee
71	anim12L	11	1	ffd5ff
71	anim12L	12	1	e3b8e3
71	anim12L	13	1	ffc6e3
71	anim12L	14	1	ffccff
71	anim12L	15	1	ffcccc
71	anim12L	16	1	ffd5d5
71	anim12L	17	1	ffb6db
71	anim12L	18	1	d5aad5
71	anim12L	19	2	bfac2b
71	anim12L	20	1	ffaad5
71	anim12L	21	3	ffce8c
71	anim12L	22	3	ffd595
71	anim12L	23	3	ffcc99
71	anim12L	24	3	ffff80
71	anim12L	25	3	ffd580
71	anim12L	26	3	ffc489
71	anim12L	27	3	ffffff
71	anim12L	28	3	febf74
71	anim12L	29	3	ffc47e
71	anim12L	30	3	ffcc66
71	anim12L	31	3	ffaaaa
71	anim12L	32	3	ff8080
71	anim12L	33	3	ffaa55
71	anim12R	1	1	ffffff
71	anim12R	2	1	f1c6e3
71	anim12R	3	1	eebde3
71	anim12R	4	1	f6c6ec
71	anim12R	5	1	e6bfd9
71	anim12R	6	1	ffaaaa
71	anim12R	7	1	ebb1d8
71	anim12R	8	1	ffd5ff
71	anim12R	9	1	e3b8e3
71	anim12R	10	1	d5aad5
71	anim12R	11	1	ffcccc
71	anim12R	12	1	eebbee
71	anim12R	13	1	ffbfff
71	anim12R	14	1	ffc6e3
71	anim12R	15	1	ffaad5
71	anim12R	16	1	bfbfbf
71	anim12R	17	1	ffb6db
71	anim12R	18	1	ffd5d5
71	anim12R	19	3	ffce8c
71	anim12R	20	3	ffffff
71	anim12R	21	3	ffd595
71	anim12R	22	3	ffc489
71	anim12R	23	3	ffd580
71	anim12R	24	3	ffff80
71	anim12R	25	2	bfac2b
71	anim12R	26	3	ffaaaa
71	anim12R	27	1	ffccff
71	anim12R	28	3	febf74
71	anim12R	29	3	ffcc99
71	anim12R	30	3	ffc47e
71	anim12R	31	3	ffaa55
71	anim12R	32	3	ffff00
71	anim12R	33	3	ff8080
71	anim12R	34	3	ffcc66
71	anim13L	1	1	ffbfff
71	anim13L	2	1	eebde3
71	anim13L	3	1	ffffff
71	anim13L	4	1	f6c6ec
71	anim13L	5	1	bfbfbf
71	anim13L	6	1	ebb1d8
71	anim13L	7	1	e6bfd9
71	anim13L	8	1	f1c6e3
71	anim13L	9	1	ffaaaa
71	anim13L	10	1	eebbee
71	anim13L	11	1	ffd5ff
71	anim13L	12	1	e3b8e3
71	anim13L	13	1	ffc6e3
71	anim13L	14	1	ffccff
71	anim13L	15	1	ffcccc
71	anim13L	16	1	ffd5d5
71	anim13L	17	1	ffb6db
71	anim13L	18	1	d5aad5
71	anim13L	19	2	bfac2b
71	anim13L	20	1	ffaad5
71	anim13L	21	3	ffce8c
71	anim13L	22	3	ffd595
71	anim13L	23	3	ffcc99
71	anim13L	24	3	ffff80
71	anim13L	25	3	ffd580
71	anim13L	26	3	ffc489
71	anim13L	27	3	ffffff
71	anim13L	28	3	febf74
71	anim13L	29	3	ffc47e
71	anim13L	30	3	ffcc66
71	anim13L	31	3	ffaaaa
71	anim13L	32	3	ff8080
71	anim13L	33	3	ffaa55
71	anim13R	1	1	ffffff
71	anim13R	2	1	f1c6e3
71	anim13R	3	1	eebde3
71	anim13R	4	1	ffcccc
71	anim13R	5	1	f6c6ec
71	anim13R	6	1	e6bfd9
71	anim13R	7	1	ffaaaa
71	anim13R	8	1	ebb1d8
71	anim13R	9	1	ffd5ff
71	anim13R	10	1	d5aad5
71	anim13R	11	1	eebbee
71	anim13R	12	1	ffbfff
71	anim13R	13	1	ffc6e3
71	anim13R	14	1	e3b8e3
71	anim13R	15	1	bfbfbf
71	anim13R	16	1	ffb6db
71	anim13R	17	1	ffd5d5
71	anim13R	18	3	ffce8c
71	anim13R	19	3	ffffff
71	anim13R	20	3	ffd595
71	anim13R	21	3	ffc489
71	anim13R	22	3	ffd580
71	anim13R	23	3	ffff80
71	anim13R	24	2	bfac2b
71	anim13R	25	3	ffaaaa
71	anim13R	26	1	ffccff
71	anim13R	27	3	febf74
71	anim13R	28	3	ffc47e
71	anim13R	29	3	ffcc99
71	anim13R	30	1	ffaad5
71	anim13R	31	3	ffaa55
71	anim13R	32	3	ffff00
71	anim13R	33	3	ff8080
71	anim13R	34	3	ffcc66
71	anim14L	1	1	ffbfff
71	anim14L	2	1	eebde3
71	anim14L	3	1	ffffff
71	anim14L	4	1	f6c6ec
71	anim14L	5	1	bfbfbf
71	anim14L	6	1	ebb1d8
71	anim14L	7	1	e6bfd9
71	anim14L	8	1	f1c6e3
71	anim14L	9	1	ffaaaa
71	anim14L	10	1	eebbee
71	anim14L	11	1	ffd5ff
71	anim14L	12	1	e3b8e3
71	anim14L	13	1	ffc6e3
71	anim14L	14	1	ffccff
71	anim14L	15	1	ffcccc
71	anim14L	16	1	ffd5d5
71	anim14L	17	1	ffb6db
71	anim14L	18	1	d5aad5
71	anim14L	19	2	bfac2b
71	anim14L	20	1	ffaad5
71	anim14L	21	3	ffce8c
71	anim14L	22	3	ffd595
71	anim14L	23	3	ffcc99
71	anim14L	24	3	ffff80
71	anim14L	25	3	ffd580
71	anim14L	26	3	ffc489
71	anim14L	27	3	ffffff
71	anim14L	28	3	febf74
71	anim14L	29	3	ffc47e
71	anim14L	30	3	ffcc66
71	anim14L	31	3	ffaaaa
71	anim14L	32	3	ff8080
71	anim14L	33	3	ffaa55
71	anim14R	1	1	ffffff
71	anim14R	2	1	f1c6e3
71	anim14R	3	1	eebde3
71	anim14R	4	1	ffcccc
71	anim14R	5	1	f6c6ec
71	anim14R	6	1	e6bfd9
71	anim14R	7	1	ffaaaa
71	anim14R	8	1	ebb1d8
71	anim14R	9	1	ffd5ff
71	anim14R	10	1	d5aad5
71	anim14R	11	1	eebbee
71	anim14R	12	1	ffbfff
71	anim14R	13	1	ffc6e3
71	anim14R	14	1	e3b8e3
71	anim14R	15	1	bfbfbf
71	anim14R	16	1	ffb6db
71	anim14R	17	1	ffd5d5
71	anim14R	18	3	ffce8c
71	anim14R	19	3	ffffff
71	anim14R	20	3	ffd595
71	anim14R	21	3	ffc489
71	anim14R	22	3	ffd580
71	anim14R	23	3	ffff80
71	anim14R	24	2	bfac2b
71	anim14R	25	3	ffaaaa
71	anim14R	26	1	ffccff
71	anim14R	27	3	febf74
71	anim14R	28	3	ffc47e
71	anim14R	29	3	ffcc99
71	anim14R	30	1	ffaad5
71	anim14R	31	3	ffaa55
71	anim14R	32	3	ffff00
71	anim14R	33	3	ff8080
71	anim14R	34	3	ffcc66
71	anim15L	1	1	ffbfff
71	anim15L	2	1	eebde3
71	anim15L	3	1	ffffff
71	anim15L	4	1	f6c6ec
71	anim15L	5	1	bfbfbf
71	anim15L	6	1	ebb1d8
71	anim15L	7	1	e6bfd9
71	anim15L	8	1	f1c6e3
71	anim15L	9	1	ffaaaa
71	anim15L	10	1	eebbee
71	anim15L	11	1	ffd5ff
71	anim15L	12	1	e3b8e3
71	anim15L	13	1	ffccff
71	anim15L	14	1	ffcccc
71	anim15L	15	1	ffbfdf
71	anim15L	16	1	ffd5d5
71	anim15L	17	1	ffb6db
71	anim15L	18	1	d5aad5
71	anim15L	19	1	ffbfea
71	anim15L	20	2	bfac2b
71	anim15L	21	1	ffaad5
71	anim15L	22	3	ffce8c
71	anim15L	23	3	ffd595
71	anim15L	24	3	ffcc99
71	anim15L	25	3	ffff80
71	anim15L	26	3	ffd580
71	anim15L	27	3	ffc489
71	anim15L	28	3	ffffff
71	anim15L	29	3	febf74
71	anim15L	30	3	ffc47e
71	anim15L	31	3	ffcc66
71	anim15L	32	3	ffaaaa
71	anim15L	33	3	ff8080
71	anim15L	34	3	ffaa55
71	anim15R	1	1	ffffff
71	anim15R	2	1	f1c6e3
71	anim15R	3	1	eebde3
71	anim15R	4	1	ffcccc
71	anim15R	5	1	f6c6ec
71	anim15R	6	1	e6bfd9
71	anim15R	7	1	ffaaaa
71	anim15R	8	1	ebb1d8
71	anim15R	9	1	ffd5ff
71	anim15R	10	1	d5aad5
71	anim15R	11	1	eebbee
71	anim15R	12	1	ffbfff
71	anim15R	13	1	ffc6e3
71	anim15R	14	1	e3b8e3
71	anim15R	15	1	bfbfbf
71	anim15R	16	1	ffb6db
71	anim15R	17	1	ffd5d5
71	anim15R	18	3	ffce8c
71	anim15R	19	3	ffffff
71	anim15R	20	3	ffd595
71	anim15R	21	3	ffc489
71	anim15R	22	3	ffd580
71	anim15R	23	3	ffff80
71	anim15R	24	2	bfac2b
71	anim15R	25	3	ffaaaa
71	anim15R	26	1	ffccff
71	anim15R	27	3	febf74
71	anim15R	28	3	ffc47e
71	anim15R	29	3	ffcc99
71	anim15R	30	1	ffaad5
71	anim15R	31	3	ffaa55
71	anim15R	32	3	ffff00
71	anim15R	33	3	ff8080
71	anim15R	34	3	ffcc66
71	anim16L	1	1	ffbfff
71	anim16L	2	1	eebde3
71	anim16L	3	1	ffffff
71	anim16L	4	1	f6c6ec
71	anim16L	5	1	bfbfbf
71	anim16L	6	1	ebb1d8
71	anim16L	7	1	e6bfd9
71	anim16L	8	1	f1c6e3
71	anim16L	9	1	ffaaaa
71	anim16L	10	1	eebbee
71	anim16L	11	1	ffd5ff
71	anim16L	12	1	e3b8e3
71	anim16L	13	1	ffccff
71	anim16L	14	1	ffcccc
71	anim16L	15	1	ffbfdf
71	anim16L	16	1	ffd5d5
71	anim16L	17	1	ffb6db
71	anim16L	18	1	d5aad5
71	anim16L	19	1	ffbfea
71	anim16L	20	2	bfac2b
71	anim16L	21	1	ffaad5
71	anim16L	22	3	ffce8c
71	anim16L	23	3	ffd595
71	anim16L	24	3	ffcc99
71	anim16L	25	3	ffff80
71	anim16L	26	3	ffd580
71	anim16L	27	3	ffc489
71	anim16L	28	3	ffffff
71	anim16L	29	3	febf74
71	anim16L	30	3	ffc47e
71	anim16L	31	3	ffcc66
71	anim16L	32	3	ffaaaa
71	anim16L	33	3	ff8080
71	anim16L	34	3	ffaa55
71	anim16R	1	1	ffffff
71	anim16R	2	1	f1c6e3
71	anim16R	3	1	eebde3
71	anim16R	4	1	ffcccc
71	anim16R	5	1	f6c6ec
71	anim16R	6	1	e6bfd9
71	anim16R	7	1	ffaaaa
71	anim16R	8	1	ebb1d8
71	anim16R	9	1	ffd5ff
71	anim16R	10	1	d5aad5
71	anim16R	11	1	eebbee
71	anim16R	12	1	ffbfff
71	anim16R	13	1	ffc6e3
71	anim16R	14	1	e3b8e3
71	anim16R	15	1	bfbfbf
71	anim16R	16	1	ffb6db
71	anim16R	17	1	ffd5d5
71	anim16R	18	3	ffce8c
71	anim16R	19	3	ffffff
71	anim16R	20	3	ffd595
71	anim16R	21	3	ffc489
71	anim16R	22	3	ffd580
71	anim16R	23	3	ffff80
71	anim16R	24	2	bfac2b
71	anim16R	25	3	ffaaaa
71	anim16R	26	1	ffccff
71	anim16R	27	3	febf74
71	anim16R	28	3	ffc47e
71	anim16R	29	3	ffcc99
71	anim16R	30	1	ffaad5
71	anim16R	31	3	ffaa55
71	anim16R	32	3	ffff00
71	anim16R	33	3	ff8080
71	anim16R	34	3	ffcc66
71	anim17L	1	1	ffffff
71	anim17L	2	1	f1c6e3
71	anim17L	3	1	eebde3
71	anim17L	4	1	ffbfff
71	anim17L	5	1	ebb1d8
71	anim17L	6	1	e3b8e3
71	anim17L	7	1	e6bfd9
71	anim17L	8	1	eebbee
71	anim17L	9	1	ffcccc
71	anim17L	10	1	ffd5ff
71	anim17L	11	1	bfbfbf
71	anim17L	12	1	ffaaaa
71	anim17L	13	1	ffccff
71	anim17L	14	1	d5aad5
71	anim17L	15	1	f6c6ec
71	anim17L	16	1	ffb6db
71	anim17L	17	1	ffd5d5
71	anim17L	18	1	ffbfdf
71	anim17L	19	1	ffbfea
71	anim17L	20	2	bfac2b
71	anim17L	21	3	ffc489
71	anim17L	22	3	ffd580
71	anim17L	23	3	ffdb92
71	anim17L	24	3	ffcc99
71	anim17L	25	3	ffce8c
71	anim17L	26	3	ffffff
71	anim17L	27	3	ffff80
71	anim17L	28	3	ffaaaa
71	anim17L	29	3	ffc47e
71	anim17L	30	3	febf74
71	anim17L	31	3	ffaa55
71	anim17L	32	3	ffff00
71	anim17L	33	3	ffcc66
71	anim17L	34	3	ff8080
71	anim17R	1	1	ffffff
71	anim17R	2	1	f1c6e3
71	anim17R	3	1	eebde3
71	anim17R	4	1	ffbfff
71	anim17R	5	1	ffcccc
71	anim17R	6	1	ffb6db
71	anim17R	7	1	ebb1d8
71	anim17R	8	1	d5aad5
71	anim17R	9	1	f6c6ec
71	anim17R	10	1	e3b8e3
71	anim17R	11	1	ffd5ff
71	anim17R	12	1	bfbfbf
71	anim17R	13	1	e6bfd9
71	anim17R	14	1	ffaaaa
71	anim17R	15	1	ffc6e3
71	anim17R	16	1	eebbee
71	anim17R	17	1	ffccff
71	anim17R	18	1	ffaad5
71	anim17R	19	1	ffd5d5
71	anim17R	20	2	bfac2b
71	anim17R	21	3	ffffff
71	anim17R	22	3	ffd595
71	anim17R	23	3	ffce8c
71	anim17R	24	3	ffcc99
71	anim17R	25	3	ffd580
71	anim17R	26	3	ffc489
71	anim17R	27	3	febf74
71	anim17R	28	3	ffc47e
71	anim17R	29	3	ffff80
71	anim17R	30	3	ffaaaa
71	anim17R	31	3	ffaa55
71	anim17R	32	3	ffcc66
71	anim17R	33	3	ffff00
71	anim17R	34	3	ff8080
71	anim18L	1	1	ebb1d8
71	anim18L	2	1	eebde3
71	anim18L	3	1	e3b8e3
71	anim18L	4	1	eebbee
71	anim18L	5	1	ffbfff
71	anim18L	6	1	e6bfd9
71	anim18L	7	1	ffffff
71	anim18L	8	1	f6c6ec
71	anim18L	9	1	ffaaaa
71	anim18L	10	1	f1c6e3
71	anim18L	11	1	ffd5ff
71	anim18L	12	1	ffd5d5
71	anim18L	13	1	ffcccc
71	anim18L	14	1	ffbfdf
71	anim18L	15	1	ffb6db
71	anim18L	16	1	bfbfbf
71	anim18L	17	1	d5aad5
71	anim18L	18	1	ffbfea
71	anim18L	19	3	ffce8c
71	anim18L	20	3	ffd580
71	anim18L	21	3	ffffff
71	anim18L	22	1	ffccff
71	anim18L	23	2	bfac2b
71	anim18L	24	3	ffdb92
71	anim18L	25	3	ffc489
71	anim18L	26	3	ffff80
71	anim18L	27	3	ffcc99
71	anim18L	28	3	ffc47e
71	anim18L	29	3	febf74
71	anim18L	30	3	ffaaaa
71	anim18L	31	3	ffcc66
71	anim18L	32	3	ffff00
71	anim18L	33	1	ffaad5
71	anim18L	34	3	ff8080
71	anim18L	35	3	ffaa55
71	anim18R	1	1	ffffff
71	anim18R	2	1	eebde3
71	anim18R	3	1	f1b8d5
71	anim18R	4	1	e3b8e3
71	anim18R	5	1	ffbfdf
71	anim18R	6	1	f1c6e3
71	anim18R	7	1	eebbee
71	anim18R	8	1	ffd5d5
71	anim18R	9	1	ffbfea
71	anim18R	10	1	e8b9d1
71	anim18R	11	1	f6c6ec
71	anim18R	12	1	ffb6db
71	anim18R	13	1	ffaaaa
71	anim18R	14	1	ffbfff
71	anim18R	15	1	ffd5ff
71	anim18R	16	1	d5aad5
71	anim18R	17	1	ffaad5
71	anim18R	18	3	ffaaaa
71	anim18R	19	1	ffcccc
71	anim18R	20	1	bfbfbf
71	anim18R	21	3	ffffff
71	anim18R	22	3	ffce8c
71	anim18R	23	3	ffdb92
71	anim18R	24	3	febf74
71	anim18R	25	3	ffc489
71	anim18R	26	3	ffcc99
71	anim18R	27	2	bfac2b
71	anim18R	28	1	ffccff
71	anim18R	29	3	ffff80
71	anim18R	30	3	ffc47e
71	anim18R	31	3	ffd580
71	anim18R	32	3	ffcc66
71	anim18R	33	3	ffaa55
71	anim1L	1	1	ffffff
71	anim1L	2	1	eebde3
71	anim1L	3	1	e6bfd9
71	anim1L	4	1	e3b8e3
71	anim1L	5	1	ffbfff
71	anim1L	6	1	ffd5ff
71	anim1L	7	2	bfac2b
71	anim1L	8	1	ebb1d8
71	anim1L	9	1	ffc6e3
71	anim1L	10	1	ffcccc
71	anim1L	11	3	ffce8c
71	anim1L	12	1	eebbee
71	anim1L	13	1	f6c6ec
71	anim1L	14	3	febf74
71	anim1L	15	3	ffaaaa
71	anim1L	16	3	ffd595
71	anim1L	17	3	ffc883
71	anim1L	18	3	ffff80
71	anim1L	19	1	ffccff
71	anim1L	20	1	f1c6e3
71	anim1L	21	1	ffd5d5
71	anim1L	22	1	d5aad5
71	anim1L	23	3	ffffff
71	anim1L	24	1	bfbfbf
71	anim1L	25	3	ffbf80
71	anim1L	26	3	ffd580
71	anim1L	27	3	ffcc99
71	anim1L	28	1	ffb6db
71	anim1L	29	1	ffaad5
71	anim1L	30	1	ffaaaa
71	anim1L	31	3	ff8080
71	anim1R	1	1	e3b8e3
71	anim1R	2	1	eebde3
71	anim1R	3	1	ffffff
71	anim1R	4	1	eebbee
71	anim1R	5	1	ffbfff
71	anim1R	6	1	e6bfd9
71	anim1R	7	1	f1c6e3
71	anim1R	8	1	ffc6e3
71	anim1R	9	1	f6c6ec
71	anim1R	10	1	bfbfbf
71	anim1R	11	1	ebb1d8
71	anim1R	12	1	d5aad5
71	anim1R	13	1	ffb6db
71	anim1R	14	1	ffd5ff
71	anim1R	15	2	bfac2b
71	anim1R	16	1	ffaaaa
71	anim1R	17	1	ffcccc
71	anim1R	18	3	ffcc99
71	anim1R	19	3	ffce8c
71	anim1R	20	3	ffbf80
71	anim1R	21	3	ffd580
71	anim1R	22	3	ffd595
71	anim1R	23	3	ffc883
71	anim1R	24	3	ffff80
71	anim1R	25	3	ffffff
71	anim1R	26	3	ffaaaa
71	anim1R	27	3	febf74
71	anim1R	28	1	ffd5d5
71	anim1R	29	1	ffaad5
71	anim1R	30	1	ffccff
71	anim2L	1	1	ffffff
71	anim2L	2	1	eebde3
71	anim2L	3	1	e6bfd9
71	anim2L	4	1	e3b8e3
71	anim2L	5	1	ffbfff
71	anim2L	6	1	ffd5ff
71	anim2L	7	2	bfac2b
71	anim2L	8	1	ebb1d8
71	anim2L	9	1	ffc6e3
71	anim2L	10	1	ffcccc
71	anim2L	11	3	ffce8c
71	anim2L	12	1	eebbee
71	anim2L	13	1	f6c6ec
71	anim2L	14	3	febf74
71	anim2L	15	3	ffaaaa
71	anim2L	16	3	ffd595
71	anim2L	17	3	fec981
71	anim2L	18	3	ffff80
71	anim2L	19	1	ffccff
71	anim2L	20	1	f1c6e3
71	anim2L	21	1	ffd5d5
71	anim2L	22	1	d5aad5
71	anim2L	23	3	ffffff
71	anim2L	24	1	bfbfbf
71	anim2L	25	3	ffbf80
71	anim2L	26	3	ffd580
71	anim2L	27	3	ffcc99
71	anim2L	28	1	ffb6db
71	anim2L	29	1	ffaad5
71	anim2L	30	1	ffaaaa
71	anim2L	31	3	ff8080
71	anim2L	32	3	ffff00
71	anim2R	1	1	e3b8e3
71	anim2R	2	1	eebde3
71	anim2R	3	1	ffffff
71	anim2R	4	1	eebbee
71	anim2R	5	1	ffbfff
71	anim2R	6	1	e6bfd9
71	anim2R	7	1	f1c6e3
71	anim2R	8	1	ffc6e3
71	anim2R	9	1	f6c6ec
71	anim2R	10	1	bfbfbf
71	anim2R	11	1	ebb1d8
71	anim2R	12	1	d5aad5
71	anim2R	13	1	ffb6db
71	anim2R	14	1	ffd5ff
71	anim2R	15	2	bfac2b
71	anim2R	16	1	ffaaaa
71	anim2R	17	1	ffcccc
71	anim2R	18	3	ffcc99
71	anim2R	19	3	ffce8c
71	anim2R	20	3	ffbf80
71	anim2R	21	3	ffd580
71	anim2R	22	3	ffd595
71	anim2R	23	3	ffc883
71	anim2R	24	3	ffff80
71	anim2R	25	3	ffffff
71	anim2R	26	3	ffaaaa
71	anim2R	27	3	febf74
71	anim2R	28	1	ffd5d5
71	anim2R	29	1	ffaad5
71	anim2R	30	1	ffccff
71	anim3L	1	1	ffaaaa
71	anim3L	2	1	f6c6ec
71	anim3L	3	1	eebde3
71	anim3L	4	1	ebb1d8
71	anim3L	5	1	f1c6e3
71	anim3L	6	1	ffffff
71	anim3L	7	1	e6bfd9
71	anim3L	8	1	ffb6db
71	anim3L	9	1	ffd5d5
71	anim3L	10	1	ffcccc
71	anim3L	11	1	eebbee
71	anim3L	12	1	ffd5ff
71	anim3L	13	1	ffbfff
71	anim3L	14	1	e3b8e3
71	anim3L	15	1	bfbfbf
71	anim3L	16	1	ffc6e3
71	anim3L	17	1	d5aad5
71	anim3L	18	2	bfac2b
71	anim3L	19	1	ffccff
71	anim3L	20	3	ffce8c
71	anim3L	21	3	ffd595
71	anim3L	22	3	ffc47e
71	anim3L	23	3	ffff80
71	anim3L	24	1	ffaad5
71	anim3L	25	3	febf74
71	anim3L	26	3	ffffff
71	anim3L	27	3	ffaaaa
71	anim3L	28	3	ffd580
71	anim3L	29	3	ffcc99
71	anim3L	30	3	ff8080
71	anim3R	1	1	eebde3
71	anim3R	2	1	ffcccc
71	anim3R	3	1	ffaaaa
71	anim3R	4	1	f6c6ec
71	anim3R	5	1	ffffff
71	anim3R	6	1	e3b8e3
71	anim3R	7	1	ffccff
71	anim3R	8	1	ebb1d8
71	anim3R	9	1	ffbfff
71	anim3R	10	1	e6bfd9
71	anim3R	11	1	f1c6e3
71	anim3R	12	1	ffb6db
71	anim3R	13	1	ffd5ff
71	anim3R	14	1	d5aad5
71	anim3R	15	1	bfbfbf
71	anim3R	16	1	eebbee
71	anim3R	17	1	ffc6e3
71	anim3R	18	1	ffd5d5
71	anim3R	19	2	bfac2b
71	anim3R	20	3	ffffff
71	anim3R	21	3	ffbf80
71	anim3R	22	3	fec981
71	anim3R	23	3	ffcc99
71	anim3R	24	3	ffd595
71	anim3R	25	3	febf74
71	anim3R	26	3	ffce8c
71	anim3R	27	3	ffd580
71	anim3R	28	1	ffaad5
71	anim3R	29	3	ffff80
71	anim3R	30	3	ffaaaa
71	anim3R	31	3	ffff00
71	anim3R	32	3	ff8080
71	dieL	1	1	ffbfff
71	dieL	2	1	eebde3
71	dieL	3	1	e6bfd9
71	dieL	4	1	ffffff
71	dieL	5	1	f1c6e3
71	dieL	6	2	bfac2b
71	dieL	7	1	e3b8e3
71	dieL	8	1	ebb1d8
71	dieL	9	3	ffd595
71	dieL	10	3	ffce8c
71	dieL	11	1	eebbee
71	dieL	12	3	ffffff
71	dieL	13	3	ffaaaa
71	dieL	14	1	ffd5ff
71	dieL	15	1	ffc6e3
71	dieL	16	3	ffcc80
71	dieL	17	1	bfbfbf
71	dieL	18	3	ffcc99
71	dieL	19	3	ffd580
71	dieL	20	3	ffff80
71	dieL	21	1	ffaaaa
71	dieL	22	3	ffbf80
71	dieL	23	1	d5aad5
71	dieL	24	1	ffccff
71	dieL	25	1	ffb6db
71	dieL	26	3	febf74
71	dieL	27	1	ffd5d5
71	dieL	28	3	ff8080
71	dieL	29	1	ffcccc
71	dieL	30	1	ffaad5
71	dieL	31	1	ae8255
71	dieR	1	1	e6bfd9
71	dieR	2	1	ffd5ff
71	dieR	3	1	eebde3
71	dieR	4	1	ffc6e3
71	dieR	5	1	ebb1d8
71	dieR	6	1	f1c6e3
71	dieR	7	1	ffffff
71	dieR	8	1	ffbfff
71	dieR	9	1	bfbfbf
71	dieR	10	3	ffcc99
71	dieR	11	3	ffce8c
71	dieR	12	1	ffcccc
71	dieR	13	3	ffdb92
71	dieR	14	1	ffaaaa
71	dieR	15	1	d5aad5
71	dieR	16	3	ffffff
71	dieR	17	1	ffb6db
71	dieR	18	1	eebbee
71	dieR	19	2	bfac2b
71	dieR	20	3	ffd580
71	dieR	21	3	febf74
71	dieR	22	1	e3b8e3
71	dieR	23	3	ffc782
71	dieR	24	3	ffff80
71	dieR	25	3	ffaaaa
71	dieR	26	3	ff8080
71	hitL	1	1	ffffff
71	hitL	2	1	eebde3
71	hitL	3	1	e6bfd9
71	hitL	4	1	d5aad5
71	hitL	5	1	ebb1d8
71	hitL	6	1	e3b8e3
71	hitL	7	1	f1c6e3
71	hitL	8	1	ffaaaa
71	hitL	9	1	eebbee
71	hitL	10	1	ffbfff
71	hitL	11	1	ffcccc
71	hitL	12	1	ffd5ff
71	hitL	13	1	ffc6e3
71	hitL	14	1	ffb6db
71	hitL	15	2	bfac2b
71	hitL	16	3	ffce8c
71	hitL	17	3	ffc782
71	hitL	18	3	ffdb92
71	hitL	19	3	ffcc99
71	hitL	20	3	ffffff
71	hitL	21	3	ffd580
71	hitL	22	3	ffff80
71	hitL	23	3	ffaaaa
71	hitL	24	3	febf74
71	hitR	1	1	eebbee
71	hitR	2	1	eebde3
71	hitR	3	1	ffb6db
71	hitR	4	1	f1c6e3
71	hitR	5	1	e6bfd9
71	hitR	6	1	ffd5ff
71	hitR	7	1	e3b8e3
71	hitR	8	2	bfac2b
71	hitR	9	1	ffbfdf
71	hitR	10	1	ffcccc
71	hitR	11	1	ffffff
71	hitR	12	1	ebb1d8
71	hitR	13	1	bfbfbf
71	hitR	14	3	ffd580
71	hitR	15	3	ffce8c
71	hitR	16	3	ffdb92
71	hitR	17	3	ffc782
71	hitR	18	3	febf74
71	hitR	19	3	ffffff
71	hitR	20	3	ffaaaa
71	hitR	21	1	ffaaaa
71	hitR	22	3	ffff80
71	hitR	23	1	d5aad5
71	hitR	24	3	ffcc99
71	runB	1	1	ffaaaa
71	runB	2	1	eebde3
71	runB	3	1	ffbfff
71	runB	4	1	ebb1d8
71	runB	5	1	f1c6e3
71	runB	6	1	ffd5ff
71	runB	7	1	ffcccc
71	runB	8	1	eebbee
71	runB	9	1	ffffff
71	runB	10	1	ffbfdf
71	runB	11	1	ffb6db
71	runB	12	1	bfbfbf
71	runB	13	1	dfbfdf
71	runB	14	1	d5aad5
71	runB	15	2	bfac2b
71	runB	16	3	ffffff
71	runB	17	3	ffdb92
71	runB	18	3	ffce8c
71	runB	19	3	ffd580
71	runB	20	3	ffc782
71	runB	21	3	ffff80
71	runB	22	3	febf74
71	runB	23	3	ffaaaa
71	runB	24	3	ff8080
71	runF	1	1	eebde3
71	runF	2	1	ffcccc
71	runF	3	1	ffbfff
71	runF	4	1	eebbee
71	runF	5	1	ffaaaa
71	runF	6	1	ffffff
71	runF	7	1	ffb6db
71	runF	8	1	ffbfdf
71	runF	9	1	f1c6e3
71	runF	10	1	bfbfbf
71	runF	11	1	ebb1d8
71	runF	12	1	ffd5ff
71	runF	13	1	dfbfdf
71	runF	14	1	d5aad5
71	runF	15	3	ffdb92
71	runF	16	3	ffce8c
71	runF	17	2	bfac2b
71	runF	18	3	ffffff
71	runF	19	3	ffff80
71	runF	20	3	febf74
71	runF	21	3	ffaaaa
71	runF	22	3	ffc782
71	runF	23	3	ffd580
71	runF	24	3	ff8080
71	runL	1	1	ffbfff
71	runL	2	1	eebde3
71	runL	3	1	bfbfbf
71	runL	4	1	ffffff
71	runL	5	1	ffcccc
71	runL	6	1	dfbfdf
71	runL	7	1	ffbfdf
71	runL	8	1	d5aad5
71	runL	9	1	ffd5ff
71	runL	10	1	ebb1d8
71	runL	11	1	ffaaaa
71	runL	12	1	eebbee
71	runL	13	1	f1c6e3
71	runL	14	1	ffb6db
71	runL	15	2	bfac2b
71	runL	16	3	ffd580
71	runL	17	3	ffce8c
71	runL	18	3	ffff80
71	runL	19	3	ffffff
71	runL	20	3	ffaaaa
71	runL	21	3	ffc782
71	runL	22	3	febf74
71	runL	23	3	ff8080
71	runR	1	1	e6b3e6
71	runR	2	1	eebde3
71	runR	3	1	ffffff
71	runR	4	1	ebb1d8
71	runR	5	1	ffaaaa
71	runR	6	1	f1c6e3
71	runR	7	1	ffb6db
71	runR	8	1	dfbfdf
71	runR	9	1	bfbfbf
71	runR	10	1	d5aad5
71	runR	11	1	ffbfdf
71	runR	12	1	ffd5ff
71	runR	13	1	ffbfff
71	runR	14	1	ffcccc
71	runR	15	2	bfac2b
71	runR	16	3	ffce8c
71	runR	17	3	ffd580
71	runR	18	3	ffffff
71	runR	19	3	ffff80
71	runR	20	3	ffbf80
71	runR	21	3	febf74
71	runR	22	3	ffaaaa
71	runR	23	3	ff8080
71	runS	1	1	ffbfff
71	runS	2	1	ffffff
71	runS	3	1	eebde3
71	runS	4	1	bfbfbf
71	runS	5	1	f1c6e3
71	runS	6	1	dfbfdf
71	runS	7	1	ffd5ff
71	runS	8	1	ebb1d8
71	runS	9	1	e6b3e6
71	runS	10	1	ffbfdf
71	runS	11	1	ffaaaa
71	runS	12	1	d5aad5
71	runS	13	1	ffcccc
71	runS	14	1	ffb6db
71	runS	15	2	bfac2b
71	runS	16	3	ffce8c
71	runS	17	3	ffff80
71	runS	18	3	ffffff
71	runS	19	3	ffbf80
71	runS	20	3	ffd580
71	runS	21	3	ffaaaa
71	staticB	1	1	eebde3
71	staticB	2	1	ffffff
71	staticB	3	2	bfac2b
71	staticB	4	3	ffce8c
71	staticF	1	1	eebde3
71	staticF	2	1	ffffff
71	staticF	3	2	bfac2b
71	staticF	4	3	ffce8c
71	staticL	1	1	eebde3
71	staticL	2	2	bfac2b
71	staticL	3	3	ffce8c
71	staticL	4	1	ffffff
71	staticL	5	1	ffd5ff
71	staticL	6	1	ffcccc
71	staticR	1	1	eebde3
71	staticR	2	1	ffffff
71	staticR	3	1	ffcccc
71	staticR	4	2	bfac2b
71	staticR	5	1	ffd5ff
71	staticR	6	3	ffce8c
71	staticS	1	1	eebde3
71	staticS	2	2	bfac2b
71	staticS	3	3	ffce8c
71	walkB	1	1	eebde3
71	walkB	2	1	ffb6db
71	walkB	3	1	f1c6e3
71	walkB	4	1	ffffff
71	walkB	5	1	ebb1d8
71	walkB	6	1	ffbfff
71	walkB	7	1	e6b3e6
71	walkB	8	1	dfbfdf
71	walkB	9	1	ffd5ff
71	walkB	10	1	ffaaaa
71	walkB	11	1	ffbfdf
71	walkB	12	1	d5aad5
71	walkB	13	1	bfbfbf
71	walkB	14	1	ffcccc
71	walkB	15	2	bfac2b
71	walkB	16	3	ffce8c
71	walkB	17	3	ff8080
71	walkB	18	3	ffffff
71	walkB	19	3	ffff80
71	walkB	20	3	ffaaaa
71	walkF	1	1	ffffff
71	walkF	2	1	eebde3
71	walkF	3	1	f1c6e3
71	walkF	4	1	ebb1d8
71	walkF	5	1	ffaaaa
71	walkF	6	1	d5aad5
71	walkF	7	1	ffb6db
71	walkF	8	1	ffcccc
71	walkF	9	1	dfbfdf
71	walkF	10	1	e6b3e6
71	walkF	11	1	ffd5ff
71	walkF	12	1	bfbfbf
71	walkF	13	1	ffbfff
71	walkF	14	1	ffc6e3
71	walkF	15	2	bfac2b
71	walkF	16	3	ffce8c
71	walkF	17	3	ffff80
71	walkF	18	3	ffffff
71	walkF	19	3	ffaaaa
71	walkL	1	1	ffffff
71	walkL	2	1	ffbfff
71	walkL	3	1	dfbfdf
71	walkL	4	1	ffbfdf
71	walkL	5	1	ebb1d8
71	walkL	6	1	eebde3
71	walkL	7	1	ffd5ff
71	walkL	8	1	bfbfbf
71	walkL	9	1	ffb6db
71	walkL	10	1	f1c6e3
71	walkL	11	1	e6b3e6
71	walkL	12	1	ffaaaa
71	walkL	13	1	ffcccc
71	walkL	14	1	d5aad5
71	walkL	15	2	bfac2b
71	walkL	16	3	ffce8c
71	walkL	17	3	ffffff
71	walkL	18	3	ffff80
71	walkL	19	3	ffaaaa
71	walkR	1	1	ffffff
71	walkR	2	1	ffaaaa
71	walkR	3	1	ffcccc
71	walkR	4	1	ffbfdf
71	walkR	5	1	e6b3e6
71	walkR	6	1	eebde3
71	walkR	7	1	ffd5ff
71	walkR	8	1	f1c6e3
71	walkR	9	1	ffbfff
71	walkR	10	1	dfbfdf
71	walkR	11	1	d5aad5
71	walkR	12	1	ebb1d8
71	walkR	13	1	ffb6db
71	walkR	14	1	bfbfbf
71	walkR	15	2	bfac2b
71	walkR	16	3	ffffff
71	walkR	17	3	ffce8c
71	walkR	18	3	ffaaaa
71	walkR	19	3	ffff80
71	walkR	20	1	ae8255
71	walkS	1	1	ffb6db
71	walkS	2	1	eebde3
71	walkS	3	1	ffd5ff
71	walkS	4	1	e8b9d1
71	walkS	5	1	dfbfdf
71	walkS	6	1	ffffff
71	walkS	7	1	ffc6e3
71	walkS	8	1	e6b3e6
71	walkS	9	1	ffaaaa
71	walkS	10	1	ffcccc
71	walkS	11	1	d5aad5
71	walkS	12	1	ffbfff
71	walkS	13	2	bfac2b
71	walkS	14	3	ffce8c
71	walkS	15	3	ffaaaa
71	walkS	16	3	ffff80
71	walkS	17	3	ffffff
80	anim0L	1	2	fe7e00
80	anim0L	2	1	ff0000
80	anim0L	3	1	f40b0b
80	anim0L	4	1	fa6230
80	anim0L	5	3	ffffaa
80	anim0L	6	3	fbf4ce
80	anim0L	7	3	ffffcc
80	anim0L	8	1	ea0000
80	anim0L	9	3	ffffff
80	anim0L	10	3	ddd6c1
80	anim0R	1	2	fe7e00
80	anim0R	2	1	ff0000
80	anim0R	3	1	f40b0b
80	anim0R	4	3	fbf4ce
80	anim0R	5	1	fa6230
80	anim0R	6	3	ffffaa
80	anim0R	7	3	ffffcc
80	anim0R	8	1	ea0000
80	anim0R	9	3	ffffff
80	anim0R	10	3	ddd6c1
80	anim10L	1	2	fe7e00
80	anim10L	2	1	fa6230
80	anim10L	3	1	ff0000
80	anim10L	4	1	f40b0b
80	anim10L	5	3	fbf4ce
80	anim10L	6	3	ffffbf
80	anim10L	7	3	ffffcc
80	anim10L	8	3	ffffff
80	anim10L	9	1	ea0000
80	anim10L	10	3	ffffaa
80	anim10L	11	3	ddd6c1
80	anim10R	1	2	fe7e00
80	anim10R	2	3	fbf4ce
80	anim10R	3	1	fa6230
80	anim10R	4	1	f40b0b
80	anim10R	5	3	ffffcc
80	anim10R	6	3	ffffaa
80	anim10R	7	1	ff0000
80	anim10R	8	3	ffffff
80	anim10R	9	3	ddd6c1
80	anim10R	10	1	ea0000
80	anim11L	1	2	fe7e00
80	anim11L	2	1	fa6230
80	anim11L	3	1	f40b0b
80	anim11L	4	1	ff0000
80	anim11L	5	3	ffffcc
80	anim11L	6	3	fbf4ce
80	anim11L	7	3	ffffff
80	anim11L	8	3	ffffaa
80	anim11L	9	1	ea0000
80	anim11L	10	3	ffffbf
80	anim11L	11	3	ddd6c1
80	anim11R	1	2	fe7e00
80	anim11R	2	1	f40b0b
80	anim11R	3	3	ddd6c1
80	anim11R	4	3	fbf4ce
80	anim11R	5	1	fa6230
80	anim11R	6	3	ffffcc
80	anim11R	7	1	ff0000
80	anim11R	8	3	ffffbf
80	anim11R	9	1	ea0000
80	anim11R	10	3	ffffff
80	anim11R	11	3	ffffaa
80	anim12L	1	2	fe7e00
80	anim12L	2	1	fa6230
80	anim12L	3	1	f40b0b
80	anim12L	4	1	ff0000
80	anim12L	5	3	ffffcc
80	anim12L	6	3	fbf4ce
80	anim12L	7	3	ffffff
80	anim12L	8	3	ffffaa
80	anim12L	9	1	ea0000
80	anim12L	10	3	ffffbf
80	anim12L	11	3	ddd6c1
80	anim12R	1	2	fe7e00
80	anim12R	2	1	f40b0b
80	anim12R	3	3	ddd6c1
80	anim12R	4	3	fbf4ce
80	anim12R	5	1	fa6230
80	anim12R	6	3	ffffcc
80	anim12R	7	1	ff0000
80	anim12R	8	3	ffffbf
80	anim12R	9	1	ea0000
80	anim12R	10	3	ffffff
80	anim12R	11	3	ffffaa
80	anim13L	1	2	fe7e00
80	anim13L	2	1	fa6230
80	anim13L	3	1	f40b0b
80	anim13L	4	1	ff0000
80	anim13L	5	3	ffffcc
80	anim13L	6	3	fbf4ce
80	anim13L	7	3	ffffff
80	anim13L	8	3	ffffaa
80	anim13L	9	1	ea0000
80	anim13L	10	3	ffffbf
80	anim13L	11	3	ddd6c1
80	anim13R	1	2	fe7e00
80	anim13R	2	1	f40b0b
80	anim13R	3	3	ddd6c1
80	anim13R	4	3	fbf4ce
80	anim13R	5	1	fa6230
80	anim13R	6	3	ffffcc
80	anim13R	7	1	ff0000
80	anim13R	8	1	ea0000
80	anim13R	9	3	ffffff
80	anim13R	10	3	ffffbf
80	anim13R	11	3	ffffaa
80	anim14L	1	2	fe7e00
80	anim14L	2	1	fa6230
80	anim14L	3	1	f40b0b
80	anim14L	4	1	ff0000
80	anim14L	5	3	ffffcc
80	anim14L	6	3	fbf4ce
80	anim14L	7	3	ffffff
80	anim14L	8	3	ffffaa
80	anim14L	9	1	ea0000
80	anim14L	10	3	ffffbf
80	anim14L	11	3	ddd6c1
80	anim14R	1	2	fe7e00
80	anim14R	2	1	f40b0b
80	anim14R	3	3	ddd6c1
80	anim14R	4	3	fbf4ce
80	anim14R	5	1	fa6230
80	anim14R	6	3	ffffcc
80	anim14R	7	1	ff0000
80	anim14R	8	1	ea0000
80	anim14R	9	3	ffffff
80	anim14R	10	3	ffffbf
80	anim14R	11	3	ffffaa
80	anim15L	1	2	fe7e00
80	anim15L	2	1	fa6230
80	anim15L	3	1	f40b0b
80	anim15L	4	1	ff0000
80	anim15L	5	3	ffffcc
80	anim15L	6	3	fbf4ce
80	anim15L	7	3	ffffff
80	anim15L	8	3	ffffaa
80	anim15L	9	1	ea0000
80	anim15L	10	3	ffffbf
80	anim15L	11	3	ddd6c1
80	anim15R	1	2	fe7e00
80	anim15R	2	1	f40b0b
80	anim15R	3	3	ddd6c1
80	anim15R	4	3	fbf4ce
80	anim15R	5	1	fa6230
80	anim15R	6	3	ffffcc
80	anim15R	7	1	ff0000
80	anim15R	8	1	ea0000
80	anim15R	9	3	ffffff
80	anim15R	10	3	ffffbf
80	anim15R	11	3	ffffaa
80	anim16L	1	2	fe7e00
80	anim16L	2	1	fa6230
80	anim16L	3	1	f40b0b
80	anim16L	4	1	ff0000
80	anim16L	5	3	ffffcc
80	anim16L	6	3	fbf4ce
80	anim16L	7	3	ffffff
80	anim16L	8	3	ffffaa
80	anim16L	9	1	ea0000
80	anim16L	10	3	ffffbf
80	anim16L	11	3	ddd6c1
80	anim16R	1	2	fe7e00
80	anim16R	2	1	f40b0b
80	anim16R	3	3	ddd6c1
80	anim16R	4	3	fbf4ce
80	anim16R	5	1	fa6230
80	anim16R	6	3	ffffcc
80	anim16R	7	1	ff0000
80	anim16R	8	1	ea0000
80	anim16R	9	3	ffffff
80	anim16R	10	3	ffffbf
80	anim16R	11	3	ffffaa
80	anim17L	1	2	fe7e00
80	anim17L	2	3	fbf4ce
80	anim17L	3	1	fa6230
80	anim17L	4	1	f40b0b
80	anim17L	5	3	ffffcc
80	anim17L	6	1	ff0000
80	anim17L	7	3	ffffbf
80	anim17L	8	3	ddd6c1
80	anim17L	9	1	ea0000
80	anim17L	10	3	ffffff
80	anim17L	11	3	ffffaa
80	anim17R	1	2	fe7e00
80	anim17R	2	1	f40b0b
80	anim17R	3	1	fa6230
80	anim17R	4	1	ea0000
80	anim17R	5	3	fbf4ce
80	anim17R	6	1	ff0000
80	anim17R	7	3	ffffcc
80	anim17R	8	3	ddd6c1
80	anim17R	9	3	ffffaa
80	anim17R	10	3	ffffbf
80	anim17R	11	3	ffffff
80	anim18L	1	2	fe7e00
80	anim18L	2	1	fa6230
80	anim18L	3	1	f40b0b
80	anim18L	4	3	ffffcc
80	anim18L	5	3	fbf4ce
80	anim18L	6	3	ffffff
80	anim18L	7	3	ddd6c1
80	anim18L	8	1	ff0000
80	anim18L	9	3	ffffbf
80	anim18L	10	1	ea0000
80	anim18L	11	3	ffffaa
80	anim18R	1	2	fe7e00
80	anim18R	2	3	fbf4ce
80	anim18R	3	1	fa6230
80	anim18R	4	1	f40b0b
80	anim18R	5	3	ffffcc
80	anim18R	6	3	ffffbf
80	anim18R	7	3	ddd6c1
80	anim18R	8	1	ff0000
80	anim18R	9	3	ffffaa
80	anim18R	10	1	ea0000
80	anim18R	11	3	ffffff
80	anim1L	1	2	fe7e00
80	anim1L	2	1	f40b0b
80	anim1L	3	1	ff0000
80	anim1L	4	1	fa6230
80	anim1L	5	1	ea0000
80	anim1L	6	3	ffffcc
80	anim1L	7	3	fbf4ce
80	anim1L	8	3	ddd6c1
80	anim1L	9	3	ffffff
80	anim1L	10	3	ffffaa
80	anim1R	1	2	fe7e00
80	anim1R	2	1	ff0000
80	anim1R	3	1	f40b0b
80	anim1R	4	1	ea0000
80	anim1R	5	1	fa6230
80	anim1R	6	3	fbf4ce
80	anim1R	7	3	ffffcc
80	anim1R	8	3	ffffff
80	anim1R	9	3	ddd6c1
80	anim1R	10	3	ffffaa
80	anim2L	1	2	fe7e00
80	anim2L	2	1	fa6230
80	anim2L	3	1	f40b0b
80	anim2L	4	1	ff0000
80	anim2L	5	3	ffffcc
80	anim2L	6	3	fbf4ce
80	anim2L	7	3	ffffff
80	anim2L	8	3	ffffaa
80	anim2L	9	1	ea0000
80	anim2L	10	3	ddd6c1
80	anim2R	1	2	fe7e00
80	anim2R	2	3	fbf4ce
80	anim2R	3	1	f40b0b
80	anim2R	4	1	fa6230
80	anim2R	5	3	ddd6c1
80	anim2R	6	3	ffffcc
80	anim2R	7	1	ff0000
80	anim2R	8	1	ea0000
80	anim2R	9	3	ffffff
80	anim2R	10	3	ffffaa
80	anim3L	1	2	fe7e00
80	anim3L	2	3	ffffcc
80	anim3L	3	1	f40b0b
80	anim3L	4	3	fbf4ce
80	anim3L	5	1	fa6230
80	anim3L	6	1	ff0000
80	anim3L	7	1	ea0000
80	anim3L	8	3	ffffff
80	anim3L	9	3	ffffaa
80	anim3L	10	3	ddd6c1
80	anim3R	1	2	fe7e00
80	anim3R	2	1	ff0000
80	anim3R	3	1	f40b0b
80	anim3R	4	1	fa6230
80	anim3R	5	3	fbf4ce
80	anim3R	6	3	ffffcc
80	anim3R	7	1	ea0000
80	anim3R	8	3	ffffff
80	anim3R	9	3	ffffaa
80	anim3R	10	3	ddd6c1
80	dieL	1	2	fe7e00
80	dieL	2	1	f40b0b
80	dieL	3	1	fa6230
80	dieL	4	1	ff0000
80	dieL	5	1	ea0000
80	dieL	6	3	ffffcc
80	dieL	7	3	fbf4ce
80	dieL	8	3	ffffff
80	dieL	9	3	ddd6c1
80	dieL	10	3	ffffaa
80	dieR	1	2	fe7e00
80	dieR	2	1	fa6230
80	dieR	3	1	f40b0b
80	dieR	4	1	ff0000
80	dieR	5	3	fbf4ce
80	dieR	6	3	ffffcc
80	dieR	7	3	ddd6c1
80	dieR	8	1	ea0000
80	dieR	9	3	ffffaa
80	dieR	10	3	ffffff
80	hitL	1	2	fe7e00
80	hitL	2	1	ea0000
80	hitL	3	1	f40b0b
80	hitL	4	1	fa6230
80	hitL	5	1	ff0000
80	hitL	6	3	ffffff
80	hitL	7	3	fbf4ce
80	hitL	8	3	ffffcc
80	hitL	9	3	ffffaa
80	hitL	10	3	ddd6c1
80	hitR	1	2	fe7e00
80	hitR	2	1	fa6230
80	hitR	3	1	ff0000
80	hitR	4	1	ea0000
80	hitR	5	1	f40b0b
80	hitR	6	3	fbf4ce
80	hitR	7	3	ffffcc
80	hitR	8	3	ffffff
80	hitR	9	3	ffffaa
80	hitR	10	3	ddd6c1
80	runB	1	2	fe7e00
80	runB	2	1	fa6230
80	runB	3	1	f40b0b
80	runB	4	3	fbf4ce
80	runB	5	1	ff0000
80	runB	6	3	ffffcc
80	runB	7	3	ffffff
80	runB	8	3	ffffaa
80	runB	9	3	ddd6c1
80	runF	1	2	fe7e00
80	runF	2	1	f40b0b
80	runF	3	1	fa6230
80	runF	4	1	ff0000
80	runF	5	3	fbf4ce
80	runF	6	3	ffffff
80	runF	7	3	ddd6c1
80	runL	1	2	fe7e00
80	runL	2	1	f40b0b
80	runL	3	1	ff0000
80	runL	4	1	fa6230
80	runL	5	3	fbf4ce
80	runL	6	3	ffffff
80	runL	7	3	ddd6c1
80	runR	1	2	fe7e00
80	runR	2	1	ff0000
80	runR	3	3	fbf4ce
80	runR	4	1	f40b0b
80	runR	5	1	fa6230
80	runR	6	3	ffffff
80	runR	7	3	ddd6c1
80	runS	1	2	fe7e00
80	runS	2	1	ff0000
80	runS	3	1	f40b0b
80	runS	4	1	fa6230
80	runS	5	3	fbf4ce
80	runS	6	3	ffffff
80	runS	7	3	ddd6c1
80	staticB	1	2	fe7e00
80	staticB	2	1	f40b0b
80	staticB	3	1	fa6230
80	staticB	4	3	fbf4ce
80	staticB	5	3	ddd6c1
80	staticF	1	2	fe7e00
80	staticF	2	1	f40b0b
80	staticF	3	1	fa6230
80	staticF	4	3	fbf4ce
80	staticF	5	3	ddd6c1
80	staticL	1	2	fe7e00
80	staticL	2	1	f40b0b
80	staticL	3	1	fa6230
80	staticL	4	3	fbf4ce
80	staticL	5	3	ddd6c1
80	staticR	1	2	fe7e00
80	staticR	2	1	f40b0b
80	staticR	3	1	fa6230
80	staticR	4	3	fbf4ce
80	staticR	5	3	ddd6c1
80	staticS	1	2	fe7e00
80	staticS	2	1	f40b0b
80	staticS	3	1	fa6230
80	staticS	4	3	fbf4ce
80	staticS	5	3	ddd6c1
80	walkB	1	2	fe7e00
80	walkB	2	1	f40b0b
80	walkB	3	3	fbf4ce
80	walkB	4	3	ffffff
80	walkB	5	1	fa6230
80	walkB	6	3	ddd6c1
80	walkF	1	2	fe7e00
80	walkF	2	1	f40b0b
80	walkF	3	1	fa6230
80	walkF	4	3	fbf4ce
80	walkF	5	3	ddd6c1
80	walkF	6	3	ffffff
80	walkL	1	2	fe7e00
80	walkL	2	1	f40b0b
80	walkL	3	1	fa6230
80	walkL	4	3	fbf4ce
80	walkL	5	3	ffffff
80	walkL	6	3	ddd6c1
80	walkR	1	2	fe7e00
80	walkR	2	1	f40b0b
80	walkR	3	1	fa6230
80	walkR	4	3	fbf4ce
80	walkR	5	3	ddd6c1
80	walkR	6	3	ffffff
80	walkS	1	2	fe7e00
80	walkS	2	1	f40b0b
80	walkS	3	1	fa6230
80	walkS	4	3	fbf4ce
80	walkS	5	3	ffffff
80	walkS	6	3	ddd6c1
81	anim0L	1	2	fe7e00
81	anim0L	2	1	ff5500
81	anim0L	3	1	f53e0c
81	anim0L	4	1	fa6230
81	anim0L	5	1	ff0000
81	anim0L	6	1	dc330a
81	anim0L	7	3	fbf4ce
81	anim0L	8	3	ffffff
81	anim0L	9	3	2d2d2d
81	anim0L	10	3	3d3d36
81	anim0L	11	3	000000
81	anim0L	12	3	1a1a1a
81	anim0L	13	3	242424
81	anim0R	1	2	fe7e00
81	anim0R	2	1	ff5500
81	anim0R	3	1	f53e0c
81	anim0R	4	1	fa6230
81	anim0R	5	3	fbf4ce
81	anim0R	6	3	ffffff
81	anim0R	7	1	ff0000
81	anim0R	8	1	dc330a
81	anim10L	1	3	fbf4ce
81	anim10L	2	2	fe7e00
81	anim10L	3	1	f53e0c
81	anim10L	4	1	ff5500
81	anim10L	5	1	fa6230
81	anim10L	6	3	ffffff
81	anim10L	7	3	ffffaa
81	anim10L	8	1	dc330a
81	anim10L	9	1	ff0000
81	anim10L	10	3	242424
81	anim10L	11	3	3d3d36
81	anim10L	12	3	2d2d2d
81	anim10L	13	3	000000
81	anim10L	14	3	1a1a1a
81	anim10R	1	1	f53e0c
81	anim10R	2	1	fa6230
81	anim10R	3	3	fbf4ce
81	anim10R	4	1	ff5500
81	anim10R	5	1	ff0000
81	anim10R	6	3	ffffff
81	anim10R	7	2	fe7e00
81	anim10R	8	3	ffffaa
81	anim10R	9	1	dc330a
81	anim11L	1	2	fe7e00
81	anim11L	2	2	ff0000
81	anim11L	3	1	ff5500
81	anim11L	4	1	fa6230
81	anim11L	5	1	ff0000
81	anim11L	6	1	f53e0c
81	anim11L	7	1	dc330a
81	anim11L	8	3	fbf4ce
81	anim11L	9	3	ffffff
81	anim11L	10	3	ffffaa
81	anim11L	11	3	2d2d2d
81	anim11L	12	3	1a1a1a
81	anim11L	13	3	000000
81	anim11L	14	3	3d3d36
81	anim11R	1	2	fe7e00
81	anim11R	2	2	ff0000
81	anim11R	3	1	ff5500
81	anim11R	4	1	fa6230
81	anim11R	5	1	f53e0c
81	anim11R	6	3	fbf4ce
81	anim11R	7	3	ffffaa
81	anim11R	8	3	ffffff
81	anim11R	9	1	ff0000
81	anim11R	10	1	dc330a
81	anim12L	1	2	fe7e00
81	anim12L	2	2	ff0000
81	anim12L	3	1	ff5500
81	anim12L	4	1	fa6230
81	anim12L	5	1	ff0000
81	anim12L	6	1	f53e0c
81	anim12L	7	1	dc330a
81	anim12L	8	3	ffffbf
81	anim12L	9	3	fbf4ce
81	anim12L	10	3	ffffff
81	anim12L	11	3	ffffaa
81	anim12L	12	3	2d2d2d
81	anim12L	13	3	1a1a1a
81	anim12L	14	3	000000
81	anim12L	15	3	3d3d36
81	anim12R	1	2	fe7e00
81	anim12R	2	2	ff0000
81	anim12R	3	1	ff5500
81	anim12R	4	1	fa6230
81	anim12R	5	1	f53e0c
81	anim12R	6	3	fbf4ce
81	anim12R	7	3	ffffaa
81	anim12R	8	3	ffffff
81	anim12R	9	1	ff0000
81	anim12R	10	1	dc330a
81	anim13L	1	2	fe7e00
81	anim13L	2	2	ff0000
81	anim13L	3	1	ff5500
81	anim13L	4	1	fa6230
81	anim13L	5	1	ff0000
81	anim13L	6	1	f53e0c
81	anim13L	7	1	dc330a
81	anim13L	8	3	fbf4ce
81	anim13L	9	3	ffffbf
81	anim13L	10	3	ffffff
81	anim13L	11	3	ffffaa
81	anim13L	12	3	2d2d2d
81	anim13L	13	3	1a1a1a
81	anim13L	14	3	3d3d36
81	anim13L	15	3	242424
81	anim13L	16	3	000000
81	anim13R	1	2	fe7e00
81	anim13R	2	2	ff0000
81	anim13R	3	1	ff5500
81	anim13R	4	1	fa6230
81	anim13R	5	1	f53e0c
81	anim13R	6	3	fbf4ce
81	anim13R	7	3	ffffaa
81	anim13R	8	3	ffffff
81	anim13R	9	3	ffffbf
81	anim13R	10	1	ff0000
81	anim13R	11	1	dc330a
81	anim14L	1	2	fe7e00
81	anim14L	2	2	ff0000
81	anim14L	3	1	ff5500
81	anim14L	4	1	fa6230
81	anim14L	5	1	ff0000
81	anim14L	6	1	f53e0c
81	anim14L	7	1	dc330a
81	anim14L	8	3	fbf4ce
81	anim14L	9	3	ffffbf
81	anim14L	10	3	ffffff
81	anim14L	11	3	ffffaa
81	anim14L	12	3	2d2d2d
81	anim14L	13	3	1a1a1a
81	anim14L	14	3	3d3d36
81	anim14L	15	3	242424
81	anim14L	16	3	000000
81	anim14R	1	2	fe7e00
81	anim14R	2	2	ff0000
81	anim14R	3	1	ff5500
81	anim14R	4	1	fa6230
81	anim14R	5	1	f53e0c
81	anim14R	6	3	fbf4ce
81	anim14R	7	3	ffffaa
81	anim14R	8	3	ffffff
81	anim14R	9	3	ffffbf
81	anim14R	10	1	ff0000
81	anim14R	11	1	dc330a
81	anim15L	1	2	fe7e00
81	anim15L	2	2	ff0000
81	anim15L	3	1	ff5500
81	anim15L	4	1	fa6230
81	anim15L	5	1	ff0000
81	anim15L	6	1	f53e0c
81	anim15L	7	1	dc330a
81	anim15L	8	3	fbf4ce
81	anim15L	9	3	ffffff
81	anim15L	10	3	ffffaa
81	anim15L	11	3	ffffbf
81	anim15L	12	3	2d2d2d
81	anim15L	13	3	1a1a1a
81	anim15L	14	3	3d3d36
81	anim15L	15	3	000000
81	anim15R	1	2	fe7e00
81	anim15R	2	2	ff0000
81	anim15R	3	1	ff5500
81	anim15R	4	1	fa6230
81	anim15R	5	1	f53e0c
81	anim15R	6	3	fbf4ce
81	anim15R	7	3	ffffaa
81	anim15R	8	3	ffffff
81	anim15R	9	3	ffffbf
81	anim15R	10	1	ff0000
81	anim15R	11	1	dc330a
81	anim16L	1	2	fe7e00
81	anim16L	2	2	ff0000
81	anim16L	3	1	ff5500
81	anim16L	4	1	fa6230
81	anim16L	5	1	ff0000
81	anim16L	6	1	f53e0c
81	anim16L	7	1	dc330a
81	anim16L	8	3	fbf4ce
81	anim16L	9	3	ffffbf
81	anim16L	10	3	ffffff
81	anim16L	11	3	ffffaa
81	anim16L	12	3	2d2d2d
81	anim16L	13	3	1a1a1a
81	anim16L	14	3	3d3d36
81	anim16L	15	3	242424
81	anim16L	16	3	000000
81	anim16R	1	2	fe7e00
81	anim16R	2	2	ff0000
81	anim16R	3	1	ff5500
81	anim16R	4	1	fa6230
81	anim16R	5	1	f53e0c
81	anim16R	6	3	fbf4ce
81	anim16R	7	3	ffffaa
81	anim16R	8	3	ffffff
81	anim16R	9	3	ffffbf
81	anim16R	10	1	ff0000
81	anim16R	11	1	dc330a
81	anim17L	1	2	fe7e00
81	anim17L	2	2	ff0000
81	anim17L	3	1	ff0000
81	anim17L	4	1	ff5500
81	anim17L	5	1	fa6230
81	anim17L	6	1	f53e0c
81	anim17L	7	3	fbf4ce
81	anim17L	8	1	dc330a
81	anim17L	9	3	ffffff
81	anim17L	10	3	ffffbf
81	anim17L	11	3	ffffaa
81	anim17L	12	3	3d3d36
81	anim17L	13	3	1a1a1a
81	anim17L	14	3	2d2d2d
81	anim17L	15	3	242424
81	anim17L	16	3	000000
81	anim17L	17	3	242412
81	anim17R	1	2	fe7e00
81	anim17R	2	2	ff0000
81	anim17R	3	1	fa6230
81	anim17R	4	1	f53e0c
81	anim17R	5	1	ff5500
81	anim17R	6	3	ffffff
81	anim17R	7	3	fbf4ce
81	anim17R	8	1	dc330a
81	anim17R	9	3	ffffbf
81	anim17R	10	3	ffffaa
81	anim17R	11	1	ff0000
81	anim18L	1	1	f53e0c
81	anim18L	2	1	fa6230
81	anim18L	3	3	fbf4ce
81	anim18L	4	2	fe7e00
81	anim18L	5	2	ff0000
81	anim18L	6	1	ff5500
81	anim18L	7	3	ffffff
81	anim18L	8	1	ff0000
81	anim18L	9	3	ffffaa
81	anim18L	10	3	ffffbf
81	anim18L	11	1	dc330a
81	anim18L	12	3	404030
81	anim18L	13	3	000000
81	anim18L	14	3	202020
81	anim18L	15	3	171717
81	anim18L	16	3	242412
81	anim18L	17	3	333300
81	anim18L	18	3	2b2b2b
81	anim18R	1	3	fbf4ce
81	anim18R	2	3	ffffbf
81	anim18R	3	1	fa6230
81	anim18R	4	1	f53e0c
81	anim18R	5	2	fe7e00
81	anim18R	6	1	ff5500
81	anim18R	7	1	ff0000
81	anim18R	8	1	dc330a
81	anim18R	9	2	ff0000
81	anim18R	10	3	ffffff
81	anim18R	11	3	ffffaa
81	anim1L	1	2	fe7e00
81	anim1L	2	1	ff0000
81	anim1L	3	1	dc330a
81	anim1L	4	1	fa6230
81	anim1L	5	1	ff5500
81	anim1L	6	1	f53e0c
81	anim1L	7	3	fbf4ce
81	anim1L	8	3	ffffff
81	anim1L	9	3	ffffaa
81	anim1L	10	3	242424
81	anim1L	11	3	3d3d36
81	anim1L	12	3	1a1a1a
81	anim1L	13	3	2d2d2d
81	anim1L	14	3	000000
81	anim1R	1	2	fe7e00
81	anim1R	2	1	ff5500
81	anim1R	3	1	f53e0c
81	anim1R	4	1	fa6230
81	anim1R	5	1	ff0000
81	anim1R	6	1	dc330a
81	anim1R	7	3	fbf4ce
81	anim1R	8	3	ffffff
81	anim2L	1	2	fe7e00
81	anim2L	2	1	ff5500
81	anim2L	3	1	fa6230
81	anim2L	4	1	ff0000
81	anim2L	5	1	f53e0c
81	anim2L	6	1	dc330a
81	anim2L	7	3	fbf4ce
81	anim2L	8	3	ffffff
81	anim2L	9	3	ffffaa
81	anim2L	10	3	2d2d2d
81	anim2L	11	3	1a1a1a
81	anim2L	12	3	3d3d36
81	anim2L	13	3	242424
81	anim2L	14	3	000000
81	anim2R	1	2	fe7e00
81	anim2R	2	1	ff5500
81	anim2R	3	1	fa6230
81	anim2R	4	1	f53e0c
81	anim2R	5	3	fbf4ce
81	anim2R	6	3	ffffaa
81	anim2R	7	3	ffffff
81	anim2R	8	1	ff0000
81	anim2R	9	1	dc330a
81	anim3L	1	2	fe7e00
81	anim3L	2	1	ff5500
81	anim3L	3	1	f53e0c
81	anim3L	4	1	fa6230
81	anim3L	5	1	dc330a
81	anim3L	6	3	fbf4ce
81	anim3L	7	3	242424
81	anim3L	8	3	ffffff
81	anim3L	9	3	ffffaa
81	anim3L	10	3	3d3d36
81	anim3L	11	1	ff0000
81	anim3R	1	2	fe7e00
81	anim3R	2	1	ff5500
81	anim3R	3	1	f53e0c
81	anim3R	4	1	fa6230
81	anim3R	5	3	fbf4ce
81	anim3R	6	3	ffffff
81	anim3R	7	3	ffffaa
81	anim3R	8	1	dc330a
81	anim3R	9	1	ff0000
81	dieL	1	2	fe7e00
81	dieL	2	1	ff5500
81	dieL	3	1	f53e0c
81	dieL	4	1	fa6230
81	dieL	5	1	dc330a
81	dieL	6	1	ff0000
81	dieL	7	3	fbf4ce
81	dieL	8	3	ffffff
81	dieL	9	3	3d3d36
81	dieL	10	3	242424
81	dieL	11	3	333300
81	dieL	12	3	000000
81	dieL	13	3	2d2d2d
81	dieL	14	3	1a1a1a
81	dieR	1	2	fe7e00
81	dieR	2	1	ff5500
81	dieR	3	1	f53e0c
81	dieR	4	1	fa6230
81	dieR	5	3	fbf4ce
81	dieR	6	3	ffffff
81	dieR	7	1	dc330a
81	dieR	8	1	ff0000
81	hitL	1	2	fe7e00
81	hitL	2	1	ff5500
81	hitL	3	1	fa6230
81	hitL	4	1	dc330a
81	hitL	5	1	f53e0c
81	hitL	6	3	fbf4ce
81	hitL	7	1	ff0000
81	hitL	8	3	ffffff
81	hitL	9	3	242424
81	hitL	10	3	2e2e27
81	hitR	1	2	fe7e00
81	hitR	2	1	fa6230
81	hitR	3	1	ff5500
81	hitR	4	1	f53e0c
81	hitR	5	3	fbf4ce
81	hitR	6	1	dc330a
81	hitR	7	3	ffffff
81	hitR	8	1	ff0000
81	runB	1	2	fe7e00
81	runB	2	3	fbf4ce
81	runB	3	1	f53e0c
81	runB	4	1	fa6230
81	runB	5	1	dc330a
81	runB	6	3	ffffff
81	runB	7	1	ff5500
81	runB	8	1	ff0000
81	runF	1	2	fe7e00
81	runF	2	1	f53e0c
81	runF	3	1	ff0000
81	runF	4	3	ffffff
81	runF	5	1	fa6230
81	runF	6	3	fbf4ce
81	runF	7	1	dc330a
81	runF	8	1	ff5500
81	runL	1	2	fe7e00
81	runL	2	1	f53e0c
81	runL	3	1	ff5500
81	runL	4	1	dc330a
81	runL	5	1	fa6230
81	runL	6	3	fbf4ce
81	runL	7	1	ff0000
81	runL	8	3	2b2b2b
81	runL	9	3	202020
81	runL	10	3	171717
81	runL	11	3	000000
81	runR	1	2	fe7e00
81	runR	2	1	fa6230
81	runR	3	1	f53e0c
81	runR	4	3	fbf4ce
81	runR	5	1	ff0000
81	runR	6	1	dc330a
81	runS	1	2	fe7e00
81	runS	2	1	f53e0c
81	runS	3	1	fa6230
81	runS	4	1	ff0000
81	runS	5	3	fbf4ce
81	runS	6	1	dc330a
81	staticB	1	2	fe7e00
81	staticB	2	1	f53e0c
81	staticB	3	1	fa6230
81	staticB	4	3	fbf4ce
81	staticF	1	2	fe7e00
81	staticF	2	1	fa6230
81	staticF	3	1	f53e0c
81	staticF	4	3	fbf4ce
81	staticL	1	2	fe7e00
81	staticL	2	1	f53e0c
81	staticL	3	1	fa6230
81	staticL	4	3	fbf4ce
81	staticR	1	2	fe7e00
81	staticR	2	1	fa6230
81	staticR	3	1	f53e0c
81	staticR	4	3	fbf4ce
81	staticS	1	2	fe7e00
81	staticS	2	1	f53e0c
81	staticS	3	3	fbf4ce
81	walkB	1	2	fe7e00
81	walkB	2	1	fa6230
81	walkB	3	3	fbf4ce
81	walkB	4	1	f53e0c
81	walkB	5	1	dc330a
81	walkF	1	2	fe7e00
81	walkF	2	1	fa6230
81	walkF	3	1	f53e0c
81	walkF	4	1	dc330a
81	walkF	5	3	fbf4ce
81	walkL	1	2	fe7e00
81	walkL	2	1	dc330a
81	walkL	3	1	f53e0c
81	walkL	4	1	fa6230
81	walkL	5	3	fbf4ce
81	walkL	6	3	2e2e27
81	walkL	7	3	000000
81	walkL	8	3	1a1a1a
81	walkR	1	2	fe7e00
81	walkR	2	1	fa6230
81	walkR	3	1	f53e0c
81	walkR	4	3	fbf4ce
81	walkS	1	2	fe7e00
81	walkS	2	1	f53e0c
81	walkS	3	1	fa6230
81	walkS	4	3	fbf4ce
90	anim0L	1	1	ff9900
90	anim0L	2	1	ff910b
90	anim0L	3	1	ffaa00
90	anim0L	4	1	ff8914
90	anim0L	5	1	ff8000
90	anim0L	6	1	ff8b00
90	anim0L	7	1	ffff00
90	anim0L	8	3	ca7015
90	anim0L	9	3	bfac2b
90	anim0L	10	3	cc6600
90	anim0L	11	3	db6d24
90	anim0L	12	3	ff8000
90	anim0L	13	3	ba6714
90	anim0L	14	2	bfac2b
90	anim0L	15	3	d58000
90	anim0L	16	3	d56a15
90	anim0L	17	2	ffff00
90	anim0L	18	2	c6aa39
90	anim0L	19	3	cc661a
90	anim0L	20	3	aa5500
90	anim0L	21	2	ae9b27
90	anim0L	22	2	b9a22e
90	anim0L	23	2	808000
90	anim0L	24	2	aaaa2b
90	anim0L	25	3	bf8000
90	anim0L	26	2	bfbf40
90	anim0L	27	3	ae6012
90	anim0L	28	3	a35912
90	anim0L	29	2	cc9933
90	anim0L	30	3	95530f
90	anim0L	31	3	ff0000
90	anim0L	32	2	bf9f20
90	anim0L	33	3	884b0f
90	anim0L	34	2	aaaa55
90	anim0L	35	3	a9641e
90	anim0L	36	2	b6b624
90	anim0L	37	2	9d8b23
90	anim0L	38	2	a59425
90	anim0L	39	2	8e7d20
90	anim0L	40	3	9f6021
90	anim0L	41	3	965d23
90	anim0R	1	1	ffaa00
90	anim0R	2	1	ff910b
90	anim0R	3	1	ff8000
90	anim0R	4	1	ffff00
90	anim0R	5	1	ff8b00
90	anim0R	6	1	ff9900
90	anim0R	7	3	bfac2b
90	anim0R	8	3	ca7015
90	anim0R	9	2	bfbf40
90	anim0R	10	3	d58000
90	anim0R	11	2	bfac2b
90	anim0R	12	3	bf8000
90	anim0R	13	2	ffff00
90	anim0R	14	3	cc661a
90	anim0R	15	3	ff0000
90	anim0R	16	3	ff8000
90	anim0R	17	2	c6aa39
90	anim0R	18	3	d56a15
90	anim0R	19	3	db6d24
90	anim0R	20	2	cc9933
90	anim0R	21	3	ae6012
90	anim0R	22	2	bf9f20
90	anim0R	23	2	aaaa2b
90	anim0R	24	3	cc6600
90	anim0R	25	3	aa5500
90	anim0R	26	2	b6b624
90	anim0R	27	3	ba6714
90	anim0R	28	2	9d8b23
90	anim0R	29	2	b9a22e
90	anim0R	30	2	a59425
90	anim0R	31	2	ae9b27
90	anim0R	32	3	a35912
90	anim0R	33	3	9f6021
90	anim0R	34	2	aaaa55
90	anim0R	35	2	808000
90	anim0R	36	3	a9641e
90	anim0R	37	3	884b0f
90	anim0R	38	3	808000
90	anim0R	39	3	965d23
90	anim0R	40	3	95530f
90	anim10L	1	3	ca7015
90	anim10L	2	3	ae6012
90	anim10L	3	3	95530f
90	anim10L	4	3	cc661a
90	anim10L	5	3	aa5500
90	anim10L	6	3	be6a14
90	anim10L	7	3	a35912
90	anim10L	8	3	bf8000
90	anim10L	9	3	b3681b
90	anim10L	10	3	ff0000
90	anim10L	11	3	d56a15
90	anim10L	12	3	ff8000
90	anim10L	13	1	ff8000
90	anim10L	14	1	ff910b
90	anim10L	15	1	ff9900
90	anim10L	16	3	bfac2b
90	anim10L	17	1	ffaa00
90	anim10L	18	1	ffff00
90	anim10L	19	1	ff8e00
90	anim10L	20	3	808000
90	anim10L	21	3	9f6021
90	anim10L	22	3	d58000
90	anim10L	23	3	cc6600
90	anim10L	24	1	ff8914
90	anim10L	25	3	a9641e
90	anim10L	26	3	db6d24
90	anim10L	27	2	bfac2b
90	anim10L	28	2	b6b624
90	anim10L	29	2	b9a22e
90	anim10L	30	2	c6aa39
90	anim10L	31	2	aaaa2b
90	anim10L	32	2	ffff00
90	anim10L	33	2	cc9933
90	anim10L	34	2	bfbf40
90	anim10L	35	2	bf9f20
90	anim10L	36	3	aaaa55
90	anim10L	37	2	808000
90	anim10L	38	3	884b0f
90	anim10L	39	2	aaaa55
90	anim10L	40	2	ae9b27
90	anim10L	41	2	a59425
90	anim10L	42	2	9d8b23
90	anim10L	43	2	8e7d20
90	anim10L	44	3	965d23
90	anim10R	1	3	db6d24
90	anim10R	2	3	ca7015
90	anim10R	3	3	cc6600
90	anim10R	4	3	95530f
90	anim10R	5	3	ff0000
90	anim10R	6	3	a35912
90	anim10R	7	3	884b0f
90	anim10R	8	3	965d23
90	anim10R	9	3	ae6012
90	anim10R	10	3	be6a14
90	anim10R	11	3	bf8000
90	anim10R	12	3	ff8000
90	anim10R	13	1	ff910b
90	anim10R	14	1	ffaa00
90	anim10R	15	1	ff8000
90	anim10R	16	1	ffff00
90	anim10R	17	1	ff8e00
90	anim10R	18	1	ff9900
90	anim10R	19	3	d56a15
90	anim10R	20	3	aa5500
90	anim10R	21	3	d58000
90	anim10R	22	1	ff8914
90	anim10R	23	3	bfac2b
90	anim10R	24	3	cc661a
90	anim10R	25	2	bfbf40
90	anim10R	26	2	c6aa39
90	anim10R	27	2	b9a22e
90	anim10R	28	2	bfac2b
90	anim10R	29	2	b6b624
90	anim10R	30	2	ffff00
90	anim10R	31	2	cc9933
90	anim10R	32	2	bf9f20
90	anim10R	33	2	ae9b27
90	anim10R	34	2	aaaa2b
90	anim10R	35	2	808000
90	anim10R	36	3	a9641e
90	anim10R	37	2	9d8b23
90	anim10R	38	3	b3681b
90	anim10R	39	2	aaaa55
90	anim10R	40	2	a59425
90	anim10R	41	3	9f6021
90	anim11L	1	1	ff9900
90	anim11L	2	1	ff910b
90	anim11L	3	1	ff8e00
90	anim11L	4	1	ff8914
90	anim11L	5	1	ff8000
90	anim11L	6	1	ffff00
90	anim11L	7	1	ffaa00
90	anim11L	8	3	ca7015
90	anim11L	9	3	ff8000
90	anim11L	10	3	d58000
90	anim11L	11	3	bfac2b
90	anim11L	12	3	d56a15
90	anim11L	13	2	bfac2b
90	anim11L	14	3	be6a14
90	anim11L	15	3	db6d24
90	anim11L	16	3	808000
90	anim11L	17	2	ffff00
90	anim11L	18	2	c6aa39
90	anim11L	19	2	bfbf40
90	anim11L	20	3	cc661a
90	anim11L	21	2	b6b624
90	anim11L	22	2	b3b333
90	anim11L	23	2	808000
90	anim11L	24	2	aaaa2b
90	anim11L	25	2	cc9933
90	anim11L	26	2	b9a22e
90	anim11L	27	2	bf9f20
90	anim11L	28	2	aaaa55
90	anim11L	29	3	a35912
90	anim11L	30	3	95530f
90	anim11L	31	3	ae6012
90	anim11L	32	3	ff0000
90	anim11L	33	3	aa5500
90	anim11L	34	3	b3681b
90	anim11L	35	3	bf8000
90	anim11L	36	3	cc6600
90	anim11L	37	2	a59425
90	anim11L	38	2	9d8b23
90	anim11L	39	2	ae9b27
90	anim11L	40	2	84751f
90	anim11L	41	2	8e7d20
90	anim11L	42	3	965d23
90	anim11L	43	3	9f6021
90	anim11L	44	3	aaaa55
90	anim11L	45	3	a9641e
90	anim11L	46	3	884b0f
90	anim11R	1	1	ff910b
90	anim11R	2	1	ff8000
90	anim11R	3	1	ff8914
90	anim11R	4	1	ffaa00
90	anim11R	5	1	ff8e00
90	anim11R	6	1	ff9900
90	anim11R	7	1	ffff00
90	anim11R	8	3	ca7015
90	anim11R	9	3	cc6600
90	anim11R	10	3	db6d24
90	anim11R	11	3	ae6012
90	anim11R	12	3	ff8000
90	anim11R	13	3	be6a14
90	anim11R	14	3	cc661a
90	anim11R	15	3	d58000
90	anim11R	16	3	d56a15
90	anim11R	17	3	aa5500
90	anim11R	18	3	bf8000
90	anim11R	19	2	bfbf40
90	anim11R	20	3	bfac2b
90	anim11R	21	2	ffff00
90	anim11R	22	2	bfac2b
90	anim11R	23	2	c6aa39
90	anim11R	24	2	b3b333
90	anim11R	25	3	ff0000
90	anim11R	26	2	b6b624
90	anim11R	27	2	aaaa2b
90	anim11R	28	2	cc9933
90	anim11R	29	2	a59425
90	anim11R	30	3	808000
90	anim11R	31	2	bf9f20
90	anim11R	32	2	b9a22e
90	anim11R	33	2	808000
90	anim11R	34	2	ae9b27
90	anim11R	35	2	9d8b23
90	anim11R	36	3	b3681b
90	anim11R	37	2	aaaa55
90	anim11R	38	3	884b0f
90	anim11R	39	3	a35912
90	anim11R	40	3	a9641e
90	anim11R	41	3	95530f
90	anim11R	42	3	965d23
90	anim11R	43	3	9f6021
90	anim12L	1	1	ff8000
90	anim12L	2	1	ff910b
90	anim12L	3	1	ff9900
90	anim12L	4	1	ff8914
90	anim12L	5	1	ff8e00
90	anim12L	6	1	ffaa00
90	anim12L	7	1	ffff00
90	anim12L	8	3	ca7015
90	anim12L	9	3	bfac2b
90	anim12L	10	3	ff8000
90	anim12L	11	3	d56a15
90	anim12L	12	2	bfac2b
90	anim12L	13	3	aa5500
90	anim12L	14	3	db6d24
90	anim12L	15	3	bf8000
90	anim12L	16	2	ffff00
90	anim12L	17	2	c6aa39
90	anim12L	18	2	bfbf40
90	anim12L	19	3	cc661a
90	anim12L	20	2	a59425
90	anim12L	21	2	cc9933
90	anim12L	22	3	be6a14
90	anim12L	23	2	bf9f20
90	anim12L	24	2	9d8b23
90	anim12L	25	2	ae9b27
90	anim12L	26	3	d58000
90	anim12L	27	3	b3681b
90	anim12L	28	2	b9a22e
90	anim12L	29	2	b6b624
90	anim12L	30	2	808000
90	anim12L	31	3	a35912
90	anim12L	32	3	9f6021
90	anim12L	33	3	ae6012
90	anim12L	34	2	aaaa2b
90	anim12L	35	2	b3b333
90	anim12L	36	3	95530f
90	anim12L	37	3	ff0000
90	anim12L	38	2	aaaa55
90	anim12L	39	3	cc6600
90	anim12L	40	3	965d23
90	anim12L	41	2	8e7d20
90	anim12L	42	3	a9641e
90	anim12L	43	2	84751f
90	anim12L	44	3	aaaa55
90	anim12L	45	3	808000
90	anim12L	46	3	884b0f
90	anim12R	1	1	ff8e00
90	anim12R	2	1	ff910b
90	anim12R	3	1	ffaa00
90	anim12R	4	1	ff8914
90	anim12R	5	1	ff8000
90	anim12R	6	1	ff9900
90	anim12R	7	1	ffff00
90	anim12R	8	3	ff0000
90	anim12R	9	3	ca7015
90	anim12R	10	3	cc6600
90	anim12R	11	3	d58000
90	anim12R	12	3	be6a14
90	anim12R	13	3	ff8000
90	anim12R	14	3	bfac2b
90	anim12R	15	3	cc661a
90	anim12R	16	3	a35912
90	anim12R	17	3	b3681b
90	anim12R	18	3	ae6012
90	anim12R	19	3	d56a15
90	anim12R	20	3	bf8000
90	anim12R	21	2	bfbf40
90	anim12R	22	2	ffff00
90	anim12R	23	3	db6d24
90	anim12R	24	2	c6aa39
90	anim12R	25	2	bfac2b
90	anim12R	26	2	b6b624
90	anim12R	27	3	aa5500
90	anim12R	28	2	b9a22e
90	anim12R	29	2	ae9b27
90	anim12R	30	3	a9641e
90	anim12R	31	2	a59425
90	anim12R	32	2	b3b333
90	anim12R	33	2	bf9f20
90	anim12R	34	2	aaaa2b
90	anim12R	35	2	aaaa55
90	anim12R	36	2	cc9933
90	anim12R	37	2	808000
90	anim12R	38	3	884b0f
90	anim12R	39	3	95530f
90	anim12R	40	3	9f6021
90	anim12R	41	3	965d23
90	anim13L	1	1	ff8000
90	anim13L	2	1	ff910b
90	anim13L	3	1	ff8914
90	anim13L	4	1	ff9900
90	anim13L	5	1	ff8e00
90	anim13L	6	1	ffaa00
90	anim13L	7	1	ffff00
90	anim13L	8	3	ca7015
90	anim13L	9	3	ff8000
90	anim13L	10	3	d56a15
90	anim13L	11	2	bfac2b
90	anim13L	12	3	aa5500
90	anim13L	13	3	bfac2b
90	anim13L	14	3	bf8000
90	anim13L	15	2	ffff00
90	anim13L	16	2	c6aa39
90	anim13L	17	3	db6d24
90	anim13L	18	2	bfbf40
90	anim13L	19	3	d58000
90	anim13L	20	3	cc661a
90	anim13L	21	3	ff0000
90	anim13L	22	2	aaaa2b
90	anim13L	23	2	cc9933
90	anim13L	24	3	be6a14
90	anim13L	25	2	b9a22e
90	anim13L	26	2	bf9f20
90	anim13L	27	2	ae9b27
90	anim13L	28	2	b6b624
90	anim13L	29	3	cc6600
90	anim13L	30	2	808000
90	anim13L	31	3	a35912
90	anim13L	32	3	9f6021
90	anim13L	33	2	b3b333
90	anim13L	34	3	ae6012
90	anim13L	35	2	9d8b23
90	anim13L	36	3	95530f
90	anim13L	37	2	aaaa55
90	anim13L	38	3	b3681b
90	anim13L	39	3	965d23
90	anim13L	40	2	8e7d20
90	anim13L	41	2	a59425
90	anim13L	42	3	a9641e
90	anim13L	43	3	aaaa55
90	anim13L	44	3	808000
90	anim13L	45	3	884b0f
90	anim13R	1	1	ff910b
90	anim13R	2	1	ff8914
90	anim13R	3	1	ff9900
90	anim13R	4	1	ffaa00
90	anim13R	5	1	ff8000
90	anim13R	6	1	ff8e00
90	anim13R	7	1	ffff00
90	anim13R	8	3	ca7015
90	anim13R	9	3	ff0000
90	anim13R	10	3	be6a14
90	anim13R	11	3	ff8000
90	anim13R	12	3	d56a15
90	anim13R	13	3	bf8000
90	anim13R	14	3	cc661a
90	anim13R	15	3	cc6600
90	anim13R	16	3	aa5500
90	anim13R	17	2	bfbf40
90	anim13R	18	3	bfac2b
90	anim13R	19	3	ae6012
90	anim13R	20	2	ffff00
90	anim13R	21	2	bfac2b
90	anim13R	22	2	c6aa39
90	anim13R	23	3	db6d24
90	anim13R	24	2	aaaa55
90	anim13R	25	2	b6b624
90	anim13R	26	2	aaaa2b
90	anim13R	27	3	d58000
90	anim13R	28	2	ae9b27
90	anim13R	29	2	b9a22e
90	anim13R	30	2	b3b333
90	anim13R	31	2	8e7d20
90	anim13R	32	2	bf9f20
90	anim13R	33	3	b3681b
90	anim13R	34	2	808000
90	anim13R	35	2	cc9933
90	anim13R	36	3	a35912
90	anim13R	37	3	884b0f
90	anim13R	38	2	a59425
90	anim13R	39	3	965d23
90	anim13R	40	3	95530f
90	anim13R	41	3	9f6021
90	anim14L	1	1	ff910b
90	anim14L	2	1	ff9900
90	anim14L	3	1	ff8000
90	anim14L	4	1	ff8914
90	anim14L	5	1	ffaa00
90	anim14L	6	1	ffff00
90	anim14L	7	1	ff8e00
90	anim14L	8	3	ca7015
90	anim14L	9	3	ff8000
90	anim14L	10	3	bfac2b
90	anim14L	11	3	db6d24
90	anim14L	12	3	cc6600
90	anim14L	13	2	bfac2b
90	anim14L	14	3	d56a15
90	anim14L	15	3	bf8020
90	anim14L	16	2	ffff00
90	anim14L	17	2	c6aa39
90	anim14L	18	3	bf8000
90	anim14L	19	3	b3681b
90	anim14L	20	2	bfbf40
90	anim14L	21	2	cc9933
90	anim14L	22	2	b3b333
90	anim14L	23	2	808000
90	anim14L	24	3	cc661a
90	anim14L	25	2	aaaa2b
90	anim14L	26	3	d58000
90	anim14L	27	2	b9a22e
90	anim14L	28	2	bf9f20
90	anim14L	29	3	aa5500
90	anim14L	30	3	ff0000
90	anim14L	31	2	b6b624
90	anim14L	32	2	aaaa55
90	anim14L	33	3	be6a14
90	anim14L	34	3	a35912
90	anim14L	35	3	884b0f
90	anim14L	36	3	ae6012
90	anim14L	37	3	95530f
90	anim14L	38	2	a59425
90	anim14L	39	3	965d23
90	anim14L	40	2	ae9b27
90	anim14L	41	3	a9641e
90	anim14L	42	3	9f6021
90	anim14L	43	2	9d8b23
90	anim14L	44	2	8e7d20
90	anim14R	1	1	ff910b
90	anim14R	2	1	ff8914
90	anim14R	3	1	ffaa00
90	anim14R	4	1	ff9900
90	anim14R	5	1	ff8e00
90	anim14R	6	1	ff8000
90	anim14R	7	1	ffff00
90	anim14R	8	3	ca7015
90	anim14R	9	3	bf8000
90	anim14R	10	3	db6d24
90	anim14R	11	3	ff8000
90	anim14R	12	3	bfac2b
90	anim14R	13	3	cc6600
90	anim14R	14	3	d56a15
90	anim14R	15	3	be6a14
90	anim14R	16	3	cc661a
90	anim14R	17	3	d58000
90	anim14R	18	3	aa5500
90	anim14R	19	2	bfbf40
90	anim14R	20	2	ffff00
90	anim14R	21	2	bfac2b
90	anim14R	22	2	c6aa39
90	anim14R	23	3	ff0000
90	anim14R	24	2	bf9f20
90	anim14R	25	2	aaaa2b
90	anim14R	26	2	b6b624
90	anim14R	27	3	ae6012
90	anim14R	28	2	a59425
90	anim14R	29	2	b3b333
90	anim14R	30	3	b3681b
90	anim14R	31	2	b9a22e
90	anim14R	32	2	808000
90	anim14R	33	3	a35912
90	anim14R	34	2	ae9b27
90	anim14R	35	2	aaaa55
90	anim14R	36	2	cc9933
90	anim14R	37	3	9f6021
90	anim14R	38	3	a9641e
90	anim14R	39	3	884b0f
90	anim14R	40	3	965d23
90	anim14R	41	3	95530f
90	anim15L	1	1	ff910b
90	anim15L	2	1	ff8000
90	anim15L	3	1	ff9515
90	anim15L	4	1	ff9900
90	anim15L	5	1	ff8914
90	anim15L	6	1	ff8e00
90	anim15L	7	1	ffaa00
90	anim15L	8	1	ffff00
90	anim15L	9	3	ca7015
90	anim15L	10	3	ff8000
90	anim15L	11	3	bfac2b
90	anim15L	12	3	db6d24
90	anim15L	13	3	cc6600
90	anim15L	14	2	bfac2b
90	anim15L	15	3	d56a15
90	anim15L	16	3	bf8020
90	anim15L	17	2	c6aa39
90	anim15L	18	2	ffff00
90	anim15L	19	3	d58000
90	anim15L	20	2	bfbf40
90	anim15L	21	3	be6a14
90	anim15L	22	3	b3681b
90	anim15L	23	3	aa5500
90	anim15L	24	3	cc661a
90	anim15L	25	2	808000
90	anim15L	26	3	bf8000
90	anim15L	27	2	b9a22e
90	anim15L	28	2	aaaa2b
90	anim15L	29	2	bf9f20
90	anim15L	30	2	cc9933
90	anim15L	31	3	ff0000
90	anim15L	32	2	b3b333
90	anim15L	33	2	b6b624
90	anim15L	34	2	aaaa55
90	anim15L	35	3	ae6012
90	anim15L	36	3	a35912
90	anim15L	37	3	884b0f
90	anim15L	38	3	95530f
90	anim15L	39	3	a9641e
90	anim15L	40	2	a59425
90	anim15L	41	3	9f6021
90	anim15L	42	2	9d8b23
90	anim15L	43	2	8e7d20
90	anim15L	44	2	ae9b27
90	anim15L	45	3	965d23
90	anim15L	46	3	808000
90	anim15R	1	1	ff910b
90	anim15R	2	1	ff8914
90	anim15R	3	1	ffaa00
90	anim15R	4	1	ff9900
90	anim15R	5	1	ff8e00
90	anim15R	6	1	ff8000
90	anim15R	7	1	ffff00
90	anim15R	8	3	ca7015
90	anim15R	9	3	bf8000
90	anim15R	10	3	db6d24
90	anim15R	11	3	ff8000
90	anim15R	12	3	bfac2b
90	anim15R	13	3	cc6600
90	anim15R	14	3	d56a15
90	anim15R	15	3	be6a14
90	anim15R	16	3	cc661a
90	anim15R	17	3	d58000
90	anim15R	18	3	bf8020
90	anim15R	19	3	aa5500
90	anim15R	20	2	bfbf40
90	anim15R	21	2	ffff00
90	anim15R	22	2	bfac2b
90	anim15R	23	2	c6aa39
90	anim15R	24	3	ff0000
90	anim15R	25	2	b3b333
90	anim15R	26	2	bf9f20
90	anim15R	27	2	aaaa2b
90	anim15R	28	2	b6b624
90	anim15R	29	3	ae6012
90	anim15R	30	2	a59425
90	anim15R	31	3	b3681b
90	anim15R	32	2	b9a22e
90	anim15R	33	2	808000
90	anim15R	34	2	ae9b27
90	anim15R	35	2	aaaa55
90	anim15R	36	2	cc9933
90	anim15R	37	3	9f6021
90	anim15R	38	3	a9641e
90	anim15R	39	3	884b0f
90	anim15R	40	3	a35912
90	anim15R	41	3	965d23
90	anim15R	42	3	95530f
90	anim16L	1	1	ff910b
90	anim16L	2	1	ff8000
90	anim16L	3	1	ff9515
90	anim16L	4	1	ff9900
90	anim16L	5	1	ff8e00
90	anim16L	6	1	ffff00
90	anim16L	7	1	ffaa00
90	anim16L	8	1	ff8914
90	anim16L	9	3	ca7015
90	anim16L	10	3	ff8000
90	anim16L	11	3	bfac2b
90	anim16L	12	3	db6d24
90	anim16L	13	3	d56a15
90	anim16L	14	3	d58000
90	anim16L	15	2	bfac2b
90	anim16L	16	3	bf8020
90	anim16L	17	2	c6aa39
90	anim16L	18	2	ffff00
90	anim16L	19	2	bfbf40
90	anim16L	20	3	ff0000
90	anim16L	21	3	b3681b
90	anim16L	22	3	808000
90	anim16L	23	3	cc661a
90	anim16L	24	2	cc9933
90	anim16L	25	2	808000
90	anim16L	26	3	cc6600
90	anim16L	27	3	be6a14
90	anim16L	28	2	aaaa2b
90	anim16L	29	2	bf9f20
90	anim16L	30	2	b3b333
90	anim16L	31	2	b6b624
90	anim16L	32	3	bf8000
90	anim16L	33	3	aa5500
90	anim16L	34	2	b9a22e
90	anim16L	35	3	a35912
90	anim16L	36	3	ae6012
90	anim16L	37	3	95530f
90	anim16L	38	2	ae9b27
90	anim16L	39	2	aaaa55
90	anim16L	40	3	a9641e
90	anim16L	41	3	9f6021
90	anim16L	42	2	9d8b23
90	anim16L	43	2	a59425
90	anim16L	44	2	8e7d20
90	anim16L	45	3	aaaa55
90	anim16L	46	3	965d23
90	anim16L	47	3	884b0f
90	anim16R	1	1	ff910b
90	anim16R	2	1	ff9515
90	anim16R	3	1	ffaa00
90	anim16R	4	1	ff8914
90	anim16R	5	1	ff9900
90	anim16R	6	1	ff8e00
90	anim16R	7	1	ff8000
90	anim16R	8	1	ffff00
90	anim16R	9	3	ca7015
90	anim16R	10	3	aa5500
90	anim16R	11	3	d56a15
90	anim16R	12	3	ff8000
90	anim16R	13	3	bfac2b
90	anim16R	14	3	d58000
90	anim16R	15	3	be6a14
90	anim16R	16	3	cc6600
90	anim16R	17	3	884b0f
90	anim16R	18	3	db6d24
90	anim16R	19	3	b3681b
90	anim16R	20	3	bf8000
90	anim16R	21	2	c6aa39
90	anim16R	22	2	ffff00
90	anim16R	23	2	bfbf40
90	anim16R	24	2	bfac2b
90	anim16R	25	3	bf8020
90	anim16R	26	3	ff0000
90	anim16R	27	3	cc661a
90	anim16R	28	2	bf9f20
90	anim16R	29	2	aaaa2b
90	anim16R	30	2	cc9933
90	anim16R	31	3	a9641e
90	anim16R	32	2	a59425
90	anim16R	33	2	b6b624
90	anim16R	34	2	b9a22e
90	anim16R	35	2	b3b333
90	anim16R	36	2	808000
90	anim16R	37	2	ae9b27
90	anim16R	38	3	ae6012
90	anim16R	39	2	aaaa55
90	anim16R	40	3	965d23
90	anim16R	41	3	9f6021
90	anim16R	42	3	a35912
90	anim16R	43	3	95530f
90	anim17L	1	1	ff910b
90	anim17L	2	1	ff8e00
90	anim17L	3	1	ff9515
90	anim17L	4	1	ff9900
90	anim17L	5	1	ffff00
90	anim17L	6	1	ff8000
90	anim17L	7	1	ff8914
90	anim17L	8	1	ffaa00
90	anim17L	9	3	be6a14
90	anim17L	10	3	cc661a
90	anim17L	11	3	95530f
90	anim17L	12	3	ae6012
90	anim17L	13	3	ca7015
90	anim17L	14	3	bfac2b
90	anim17L	15	3	ff0000
90	anim17L	16	3	ff8000
90	anim17L	17	2	bfac2b
90	anim17L	18	3	db6d24
90	anim17L	19	3	cc6600
90	anim17L	20	3	a35912
90	anim17L	21	3	d56a15
90	anim17L	22	3	bf8020
90	anim17L	23	2	c6aa39
90	anim17L	24	2	ffff00
90	anim17L	25	3	bf8000
90	anim17L	26	3	d58000
90	anim17L	27	3	aa5500
90	anim17L	28	3	808000
90	anim17L	29	2	bfbf40
90	anim17L	30	2	b9a22e
90	anim17L	31	2	aaaa2b
90	anim17L	32	3	b3681b
90	anim17L	33	2	bf9f20
90	anim17L	34	2	808000
90	anim17L	35	2	b3b333
90	anim17L	36	2	aaaa55
90	anim17L	37	2	cc9933
90	anim17L	38	2	b6b624
90	anim17L	39	2	ae9b27
90	anim17L	40	3	884b0f
90	anim17L	41	2	8e7d20
90	anim17L	42	2	9d8b23
90	anim17L	43	2	a59425
90	anim17L	44	2	84751f
90	anim17L	45	3	a9641e
90	anim17L	46	3	9f6021
90	anim17R	1	1	ff8914
90	anim17R	2	1	ff910b
90	anim17R	3	1	ff9515
90	anim17R	4	1	ff8000
90	anim17R	5	1	ffaa00
90	anim17R	6	1	ff8e00
90	anim17R	7	1	ffff00
90	anim17R	8	3	d58000
90	anim17R	9	3	db6d24
90	anim17R	10	1	ff9900
90	anim17R	11	3	ca7015
90	anim17R	12	3	cc661a
90	anim17R	13	3	d56a15
90	anim17R	14	3	bfac2b
90	anim17R	15	3	be6a14
90	anim17R	16	3	a9641e
90	anim17R	17	3	ff8000
90	anim17R	18	2	b3b333
90	anim17R	19	2	bfac2b
90	anim17R	20	2	c6aa39
90	anim17R	21	2	bfbf40
90	anim17R	22	2	aaaa55
90	anim17R	23	3	bf8020
90	anim17R	24	2	ffff00
90	anim17R	25	3	bf8000
90	anim17R	26	3	cc6600
90	anim17R	27	2	b9a22e
90	anim17R	28	2	bf9f20
90	anim17R	29	3	ff0000
90	anim17R	30	2	aaaa2b
90	anim17R	31	3	aaaa55
90	anim17R	32	2	cc9933
90	anim17R	33	3	b3681b
90	anim17R	34	3	ae6012
90	anim17R	35	3	a35912
90	anim17R	36	2	b6b624
90	anim17R	37	2	ae9b27
90	anim17R	38	3	95530f
90	anim17R	39	3	965d23
90	anim17R	40	3	aa5500
90	anim17R	41	3	808000
90	anim17R	42	2	a59425
90	anim17R	43	2	808000
90	anim17R	44	3	884b0f
90	anim17R	45	3	9f6021
90	anim18L	1	3	ca7015
90	anim18L	2	3	aa5500
90	anim18L	3	3	c06a15
90	anim18L	4	3	bf8020
90	anim18L	5	1	ff910b
90	anim18L	6	1	ff8914
90	anim18L	7	1	ff9515
90	anim18L	8	1	ff9900
90	anim18L	9	1	ffff00
90	anim18L	10	3	a35912
90	anim18L	11	3	cc6600
90	anim18L	12	3	db6d24
90	anim18L	13	1	ffaa00
90	anim18L	14	1	ff8000
90	anim18L	15	3	a9641e
90	anim18L	16	1	ff8e00
90	anim18L	17	3	d56a15
90	anim18L	18	3	d58000
90	anim18L	19	3	95530f
90	anim18L	20	3	ff8000
90	anim18L	21	3	cc661a
90	anim18L	22	3	b76514
90	anim18L	23	3	ff0000
90	anim18L	24	3	bf8000
90	anim18L	25	3	9f6021
90	anim18L	26	3	ae6012
90	anim18L	27	3	bfac2b
90	anim18L	28	2	cc9933
90	anim18L	29	2	bfac2b
90	anim18L	30	2	c6aa39
90	anim18L	31	2	b9a22e
90	anim18L	32	2	ffff00
90	anim18L	33	2	b3b333
90	anim18L	34	2	bf9f20
90	anim18L	35	2	bfbf40
90	anim18L	36	2	b6b624
90	anim18L	37	3	808000
90	anim18L	38	2	aaaa2b
90	anim18L	39	2	ae9b27
90	anim18L	40	2	808000
90	anim18L	41	2	a59425
90	anim18L	42	2	8e7d20
90	anim18L	43	2	99801a
90	anim18L	44	2	84751f
90	anim18L	45	2	9d8b23
90	anim18L	46	2	aaaa55
90	anim18L	47	3	965d23
90	anim18L	48	3	884b0f
90	anim18R	1	3	cc661a
90	anim18R	2	3	ca7015
90	anim18R	3	3	db6d24
90	anim18R	4	1	ff910b
90	anim18R	5	1	ffaa00
90	anim18R	6	1	ff8e00
90	anim18R	7	1	ff8914
90	anim18R	8	1	ff8000
90	anim18R	9	1	ff9515
90	anim18R	10	1	ffff00
90	anim18R	11	3	b76514
90	anim18R	12	1	ff9900
90	anim18R	13	3	ff8000
90	anim18R	14	3	d56a15
90	anim18R	15	3	bfac2b
90	anim18R	16	3	bf8020
90	anim18R	17	3	c06a15
90	anim18R	18	3	d58000
90	anim18R	19	3	ff0000
90	anim18R	20	2	bfac2b
90	anim18R	21	3	a9641e
90	anim18R	22	3	bf8000
90	anim18R	23	3	cc6600
90	anim18R	24	2	ffff00
90	anim18R	25	2	c6aa39
90	anim18R	26	2	aaaa2b
90	anim18R	27	3	965d23
90	anim18R	28	2	b9a22e
90	anim18R	29	2	bfbf40
90	anim18R	30	2	b3b333
90	anim18R	31	3	aa5500
90	anim18R	32	2	cc9933
90	anim18R	33	2	aaaa55
90	anim18R	34	2	808000
90	anim18R	35	2	b6b624
90	anim18R	36	2	bf9f20
90	anim18R	37	3	a35912
90	anim18R	38	3	808000
90	anim18R	39	2	a59425
90	anim18R	40	2	8e7d20
90	anim18R	41	2	ae9b27
90	anim18R	42	2	9d8b23
90	anim18R	43	3	ae6012
90	anim18R	44	3	884b0f
90	anim18R	45	3	95530f
90	anim1L	1	1	ff910b
90	anim1L	2	1	ffaa00
90	anim1L	3	1	ff8000
90	anim1L	4	1	ff8b00
90	anim1L	5	1	ffff00
90	anim1L	6	1	ff8914
90	anim1L	7	1	ff9900
90	anim1L	8	3	ca7015
90	anim1L	9	3	ff0000
90	anim1L	10	2	ffff00
90	anim1L	11	3	bfac2b
90	anim1L	12	2	c6aa39
90	anim1L	13	2	bfac2b
90	anim1L	14	3	ff8000
90	anim1L	15	3	cc6600
90	anim1L	16	3	d56a15
90	anim1L	17	3	cc661a
90	anim1L	18	3	bf8000
90	anim1L	19	3	a9641e
90	anim1L	20	3	db6d24
90	anim1L	21	2	bfbf40
90	anim1L	22	2	b9a22e
90	anim1L	23	3	b96714
90	anim1L	24	2	b6b624
90	anim1L	25	3	808000
90	anim1L	26	3	d58000
90	anim1L	27	3	a35912
90	anim1L	28	2	aaaa2b
90	anim1L	29	2	bf9f20
90	anim1L	30	2	aaaa55
90	anim1L	31	2	cc9933
90	anim1L	32	2	ae9b27
90	anim1L	33	2	9d8b23
90	anim1L	34	3	9f6021
90	anim1L	35	2	8e7d20
90	anim1L	36	2	84751f
90	anim1L	37	3	aa5500
90	anim1L	38	2	a59425
90	anim1L	39	3	ae6012
90	anim1L	40	2	808000
90	anim1L	41	3	95530f
90	anim1L	42	3	965d23
90	anim1L	43	3	884b0f
90	anim1R	1	1	ff910b
90	anim1R	2	1	ff8914
90	anim1R	3	1	ff8000
90	anim1R	4	1	ff8b00
90	anim1R	5	1	ffaa00
90	anim1R	6	1	ff9900
90	anim1R	7	1	ffff00
90	anim1R	8	3	cc6600
90	anim1R	9	2	ffff00
90	anim1R	10	3	d56a15
90	anim1R	11	3	ca7015
90	anim1R	12	3	db6d24
90	anim1R	13	3	ff8000
90	anim1R	14	2	c6aa39
90	anim1R	15	2	bfac2b
90	anim1R	16	2	bfbf40
90	anim1R	17	3	cc661a
90	anim1R	18	3	ff0000
90	anim1R	19	3	bfac2b
90	anim1R	20	3	d58000
90	anim1R	21	3	bf8000
90	anim1R	22	3	ba6714
90	anim1R	23	2	b6b624
90	anim1R	24	2	cc9933
90	anim1R	25	2	b9a22e
90	anim1R	26	3	a35912
90	anim1R	27	2	bf9f20
90	anim1R	28	2	aaaa2b
90	anim1R	29	2	aaaa55
90	anim1R	30	2	a59425
90	anim1R	31	3	aa5500
90	anim1R	32	2	ae9b27
90	anim1R	33	2	808000
90	anim1R	34	3	9f6021
90	anim1R	35	3	ae6012
90	anim1R	36	3	a9641e
90	anim1R	37	2	9d8b23
90	anim1R	38	3	884b0f
90	anim1R	39	3	95530f
90	anim1R	40	3	965d23
90	anim2L	1	3	d58000
90	anim2L	2	3	a35912
90	anim2L	3	3	95530f
90	anim2L	4	3	ff8000
90	anim2L	5	3	ca7015
90	anim2L	6	3	b96714
90	anim2L	7	3	bf8000
90	anim2L	8	3	cc661a
90	anim2L	9	3	a9641e
90	anim2L	10	3	ae6012
90	anim2L	11	3	d56a15
90	anim2L	12	3	db6d24
90	anim2L	13	1	ffff00
90	anim2L	14	1	ff910b
90	anim2L	15	1	ff8000
90	anim2L	16	1	ffaa00
90	anim2L	17	1	ff8914
90	anim2L	18	3	bfac2b
90	anim2L	19	1	ff9900
90	anim2L	20	3	884b0f
90	anim2L	21	3	cc6600
90	anim2L	22	3	808000
90	anim2L	23	2	bfac2b
90	anim2L	24	2	b9a22e
90	anim2L	25	2	aaaa2b
90	anim2L	26	1	ff8b00
90	anim2L	27	2	c6aa39
90	anim2L	28	2	ffff00
90	anim2L	29	2	aaaa55
90	anim2L	30	2	bfbf40
90	anim2L	31	3	ff0000
90	anim2L	32	2	bf9f20
90	anim2L	33	2	cc9933
90	anim2L	34	2	b6b624
90	anim2L	35	2	a59425
90	anim2L	36	2	808000
90	anim2L	37	3	aa5500
90	anim2L	38	2	ae9b27
90	anim2L	39	2	9d8b23
90	anim2L	40	2	8e7d20
90	anim2L	41	2	84751f
90	anim2L	42	3	965d23
90	anim2R	1	3	db6d24
90	anim2R	2	3	ca7015
90	anim2R	3	3	cc6600
90	anim2R	4	3	95530f
90	anim2R	5	3	ff0000
90	anim2R	6	3	884b0f
90	anim2R	7	3	a35912
90	anim2R	8	3	b96714
90	anim2R	9	3	cc661a
90	anim2R	10	3	9f6021
90	anim2R	11	3	d56a15
90	anim2R	12	3	ae6012
90	anim2R	13	3	ff8000
90	anim2R	14	1	ff910b
90	anim2R	15	1	ff8000
90	anim2R	16	1	ff8914
90	anim2R	17	1	ff9900
90	anim2R	18	1	ffaa00
90	anim2R	19	1	ffff00
90	anim2R	20	3	bfac2b
90	anim2R	21	3	d58000
90	anim2R	22	3	aa5500
90	anim2R	23	1	ff8b00
90	anim2R	24	2	bfbf40
90	anim2R	25	2	bfac2b
90	anim2R	26	2	cc9933
90	anim2R	27	2	ffff00
90	anim2R	28	3	bf8000
90	anim2R	29	2	b9a22e
90	anim2R	30	2	b6b624
90	anim2R	31	2	c6aa39
90	anim2R	32	2	bf9f20
90	anim2R	33	2	808000
90	anim2R	34	3	a9641e
90	anim2R	35	2	aaaa2b
90	anim2R	36	2	a59425
90	anim2R	37	2	ae9b27
90	anim2R	38	3	965d23
90	anim2R	39	2	aaaa55
90	anim3L	1	1	ff8000
90	anim3L	2	1	ff910b
90	anim3L	3	1	ffff00
90	anim3L	4	1	ff8914
90	anim3L	5	1	ffaa00
90	anim3L	6	1	ff9900
90	anim3L	7	1	ff8e00
90	anim3L	8	3	ca7015
90	anim3L	9	3	bfac2b
90	anim3L	10	3	ff8000
90	anim3L	11	3	db6d24
90	anim3L	12	3	be6a14
90	anim3L	13	2	c6aa39
90	anim3L	14	3	d58000
90	anim3L	15	2	bfac2b
90	anim3L	16	2	bfbf40
90	anim3L	17	3	d56a15
90	anim3L	18	2	ffff00
90	anim3L	19	2	aaaa55
90	anim3L	20	2	aaaa2b
90	anim3L	21	2	808000
90	anim3L	22	3	cc661a
90	anim3L	23	3	ff0000
90	anim3L	24	2	a59425
90	anim3L	25	2	b9a22e
90	anim3L	26	3	aa5500
90	anim3L	27	3	b3681b
90	anim3L	28	2	8e7d20
90	anim3L	29	2	cc9933
90	anim3L	30	2	bf9f20
90	anim3L	31	2	b6b624
90	anim3L	32	3	ae6012
90	anim3L	33	2	9d8b23
90	anim3L	34	2	ae9b27
90	anim3L	35	3	95530f
90	anim3L	36	3	a35912
90	anim3L	37	3	bf8000
90	anim3L	38	3	cc6600
90	anim3L	39	3	965d23
90	anim3L	40	3	9f6021
90	anim3L	41	3	884b0f
90	anim3L	42	3	a9641e
90	anim3L	43	3	808000
90	anim3R	1	1	ff8914
90	anim3R	2	1	ff910b
90	anim3R	3	1	ff8b00
90	anim3R	4	1	ff8000
90	anim3R	5	1	ffaa00
90	anim3R	6	1	ff9900
90	anim3R	7	1	ffff00
90	anim3R	8	3	ca7015
90	anim3R	9	2	bfbf40
90	anim3R	10	2	ffff00
90	anim3R	11	3	db6d24
90	anim3R	12	3	bfac2b
90	anim3R	13	2	c6aa39
90	anim3R	14	2	bfac2b
90	anim3R	15	3	cc6600
90	anim3R	16	3	aa5500
90	anim3R	17	3	be6a14
90	anim3R	18	3	cc661a
90	anim3R	19	3	ff8000
90	anim3R	20	2	b6b624
90	anim3R	21	3	d56a15
90	anim3R	22	2	aaaa2b
90	anim3R	23	2	b9a22e
90	anim3R	24	3	d58000
90	anim3R	25	3	bf8000
90	anim3R	26	2	bf9f20
90	anim3R	27	2	cc9933
90	anim3R	28	3	b3681b
90	anim3R	29	2	a59425
90	anim3R	30	3	ff0000
90	anim3R	31	3	a35912
90	anim3R	32	3	ae6012
90	anim3R	33	2	808000
90	anim3R	34	3	a9641e
90	anim3R	35	2	ae9b27
90	anim3R	36	2	aaaa55
90	anim3R	37	3	95530f
90	anim3R	38	3	884b0f
90	anim3R	39	3	9f6021
90	dieL	1	1	ffaa00
90	dieL	2	1	ff910b
90	dieL	3	1	ff9900
90	dieL	4	1	ff8b00
90	dieL	5	1	ffff00
90	dieL	6	1	ff8000
90	dieL	7	3	ca7015
90	dieL	8	3	cc6600
90	dieL	9	3	db6d24
90	dieL	10	3	ff8000
90	dieL	11	3	bfac2b
90	dieL	12	3	d56a15
90	dieL	13	3	d58000
90	dieL	14	3	ff0000
90	dieL	15	2	ffff00
90	dieL	16	2	bfac2b
90	dieL	17	2	b6b624
90	dieL	18	3	ba6714
90	dieL	19	2	b9a22e
90	dieL	20	2	c6aa39
90	dieL	21	2	aaaa2b
90	dieL	22	2	bfbf40
90	dieL	23	2	cc9933
90	dieL	24	3	cc661a
90	dieL	25	2	bf9f20
90	dieL	26	3	a35912
90	dieL	27	3	ae6012
90	dieL	28	2	a59425
90	dieL	29	3	95530f
90	dieL	30	3	bf8000
90	dieL	31	2	ae9b27
90	dieL	32	3	965d23
90	dieL	33	3	884b0f
90	dieL	34	2	8e7d20
90	dieL	35	2	84751f
90	dieL	36	2	9d8b23
90	dieL	37	3	aa5500
90	dieL	38	2	808000
90	dieL	39	2	aaaa55
90	dieL	40	3	a9641e
90	dieL	41	3	9f6021
90	dieR	1	1	ffaa00
90	dieR	2	1	ff910b
90	dieR	3	1	ffff00
90	dieR	4	1	ff8000
90	dieR	5	1	ff8b00
90	dieR	6	1	ff9900
90	dieR	7	3	ff8000
90	dieR	8	3	ca7015
90	dieR	9	2	ffff00
90	dieR	10	3	d56a15
90	dieR	11	3	ff0000
90	dieR	12	3	bfac2b
90	dieR	13	2	bfac2b
90	dieR	14	2	c6aa39
90	dieR	15	3	db6d24
90	dieR	16	3	b66514
90	dieR	17	3	bf8000
90	dieR	18	3	cc661a
90	dieR	19	2	aaaa55
90	dieR	20	2	b9a22e
90	dieR	21	3	cc6600
90	dieR	22	3	bf6a14
90	dieR	23	3	d58000
90	dieR	24	2	ae9b27
90	dieR	25	2	b6b624
90	dieR	26	2	a18f24
90	dieR	27	3	aa5500
90	dieR	28	2	84751f
90	dieR	29	2	bf9f20
90	dieR	30	2	808000
90	dieR	31	3	808000
90	dieR	32	3	884b0f
90	dieR	33	3	95530f
90	dieR	34	3	aa5e12
90	hitL	1	1	ff910b
90	hitL	2	1	ff9f00
90	hitL	3	1	ffff00
90	hitL	4	1	ff8000
90	hitL	5	3	ca7015
90	hitL	6	3	bf6a14
90	hitL	7	1	ff8b00
90	hitL	8	1	ffaa00
90	hitL	9	2	c6aa39
90	hitL	10	2	bfac2b
90	hitL	11	3	bfac2b
90	hitL	12	2	ffff00
90	hitL	13	3	ff8000
90	hitL	14	3	d56a15
90	hitL	15	3	b66514
90	hitL	16	2	ae9b27
90	hitL	17	3	95530f
90	hitL	18	3	d58000
90	hitL	19	2	aaaa55
90	hitL	20	3	9f6021
90	hitL	21	2	b6b624
90	hitL	22	2	8e7d20
90	hitL	23	2	84751f
90	hitL	24	2	a18f24
90	hitL	25	3	cc6600
90	hitL	26	3	cc661a
90	hitL	27	3	db6d24
90	hitL	28	3	ff0000
90	hitL	29	3	aa5e12
90	hitR	1	1	ff8000
90	hitR	2	1	ff910b
90	hitR	3	1	ffaa00
90	hitR	4	1	ffff00
90	hitR	5	3	ca7015
90	hitR	6	3	d56a15
90	hitR	7	3	db6d24
90	hitR	8	3	bfac2b
90	hitR	9	3	bc6b18
90	hitR	10	2	ffff00
90	hitR	11	2	bfac2b
90	hitR	12	1	ff9f00
90	hitR	13	3	ff8000
90	hitR	14	2	a18f24
90	hitR	15	3	d58000
90	hitR	16	2	b6b624
90	hitR	17	2	c6aa39
90	hitR	18	3	cc661a
90	hitR	19	2	bf9f20
90	hitR	20	3	cc6600
90	hitR	21	3	aa5500
90	hitR	22	3	ff0000
90	hitR	23	2	808000
90	hitR	24	3	884b0f
90	hitR	25	3	ae6012
90	hitR	26	3	965d23
90	hitR	27	3	95530f
90	runB	1	1	ff8000
90	runB	2	1	ff910b
90	runB	3	3	cc6600
90	runB	4	3	ca7015
90	runB	5	3	bfac2b
90	runB	6	1	ffaa00
90	runB	7	1	ff8b00
90	runB	8	3	d58000
90	runB	9	1	ff9f00
90	runB	10	3	d56a15
90	runB	11	1	ffff00
90	runB	12	3	ff0000
90	runB	13	3	db6d24
90	runB	14	3	ff8000
90	runB	15	3	cc661a
90	runB	16	3	bc6b18
90	runB	17	3	aa5500
90	runB	18	3	b3681b
90	runB	19	2	bfac2b
90	runB	20	2	ffff00
90	runB	21	2	b6b624
90	runB	22	2	c6aa39
90	runB	23	3	808000
90	runB	24	2	bf9f20
90	runB	25	2	aaaa55
90	runB	26	2	a18f24
90	runB	27	3	a9641e
90	runB	28	2	808000
90	runB	29	2	8e7d20
90	runB	30	3	9f6021
90	runB	31	2	84751f
90	runB	32	3	965d23
90	runF	1	3	bc6b18
90	runF	2	3	d58000
90	runF	3	3	ca7015
90	runF	4	3	cc661a
90	runF	5	2	c6aa39
90	runF	6	1	ff9f00
90	runF	7	1	ffaa00
90	runF	8	1	ff910b
90	runF	9	1	ff8000
90	runF	10	3	ff8000
90	runF	11	3	a9641e
90	runF	12	2	bfac2b
90	runF	13	1	ffff00
90	runF	14	1	ff8b00
90	runF	15	3	bfac2b
90	runF	16	3	aa5500
90	runF	17	2	b6b624
90	runF	18	2	ffff00
90	runF	19	3	cc6600
90	runF	20	3	ff0000
90	runF	21	2	bf9f20
90	runF	22	3	9f6021
90	runF	23	3	b3681b
90	runF	24	3	a35912
90	runF	25	2	a18f24
90	runF	26	3	884b0f
90	runF	27	2	808000
90	runF	28	2	aaaa55
90	runF	29	3	965d23
90	runF	30	3	ad5f13
90	runF	31	3	808000
90	runL	1	1	ff8000
90	runL	2	1	ff910b
90	runL	3	1	ffaa00
90	runL	4	1	ff8b00
90	runL	5	1	ff9f00
90	runL	6	1	ffff00
90	runL	7	3	ca7015
90	runL	8	2	bfac2b
90	runL	9	3	bc6b18
90	runL	10	3	ff8000
90	runL	11	3	d58000
90	runL	12	3	bfac2b
90	runL	13	3	cc661a
90	runL	14	3	aa5500
90	runL	15	3	ff0000
90	runL	16	3	ad5f13
90	runL	17	3	b3681b
90	runL	18	2	808000
90	runL	19	3	a35912
90	runL	20	2	ffff00
90	runL	21	2	b6b624
90	runL	22	3	cc6600
90	runL	23	3	a9641e
90	runL	24	3	965d23
90	runL	25	2	a18f24
90	runL	26	3	884b0f
90	runL	27	2	8e7d20
90	runL	28	3	808000
90	runL	29	3	9f6021
90	runR	1	1	ff910b
90	runR	2	1	ffaa00
90	runR	3	1	ff8000
90	runR	4	1	ff8b00
90	runR	5	3	cc661a
90	runR	6	1	ff9f00
90	runR	7	1	ffff00
90	runR	8	3	aa5500
90	runR	9	3	ca7015
90	runR	10	3	d58000
90	runR	11	3	bfac2b
90	runR	12	2	bfac2b
90	runR	13	3	bc6b18
90	runR	14	3	b3681b
90	runR	15	2	ffff00
90	runR	16	3	a35912
90	runR	17	2	b6b624
90	runR	18	3	965d23
90	runR	19	3	ff0000
90	runR	20	2	808000
90	runR	21	2	8e7d20
90	runR	22	3	884b0f
90	runR	23	3	a9641e
90	runS	1	1	ff8b00
90	runS	2	1	ff8000
90	runS	3	1	ff910b
90	runS	4	1	ffaa00
90	runS	5	1	ffff00
90	runS	6	1	ff9f00
90	runS	7	3	d58000
90	runS	8	3	ca7015
90	runS	9	2	ffff00
90	runS	10	3	bc6b18
90	runS	11	2	bfac2b
90	runS	12	3	bfac2b
90	runS	13	3	cc661a
90	runS	14	2	808000
90	runS	15	3	ff0000
90	runS	16	3	aa5500
90	runS	17	3	9f6021
90	runS	18	3	a9641e
90	runS	19	3	808000
90	runS	20	3	965d23
90	runS	21	3	b3681b
90	runS	22	2	8e7d20
90	runS	23	3	a35912
90	staticB	1	1	ff910b
90	staticB	2	3	ca7015
90	staticB	3	2	bfac2b
90	staticF	1	1	ff910b
90	staticF	2	3	ca7015
90	staticF	3	2	bfac2b
90	staticL	1	1	ff910b
90	staticL	2	3	ca7015
90	staticL	3	2	bfac2b
90	staticL	4	2	8e7d20
90	staticR	1	1	ff910b
90	staticR	2	3	ca7015
90	staticR	3	2	bfac2b
90	staticS	1	1	ff910b
90	staticS	2	2	bfac2b
90	staticS	3	3	ca7015
90	walkB	1	1	ff8000
90	walkB	2	1	ffaa00
90	walkB	3	1	ff910b
90	walkB	4	1	ff9f00
90	walkB	5	1	ffff00
90	walkB	6	1	ff8b00
90	walkB	7	2	ffff00
90	walkB	8	3	ca7015
90	walkB	9	3	d58000
90	walkB	10	3	bfac2b
90	walkB	11	3	cc661a
90	walkB	12	3	bc6b18
90	walkB	13	3	ff0000
90	walkB	14	3	aa5500
90	walkB	15	3	ac641c
90	walkB	16	3	a35912
90	walkB	17	2	bfac2b
90	walkB	18	3	808000
90	walkB	19	2	8e7d20
90	walkB	20	3	965d23
90	walkB	21	2	808000
90	walkF	1	1	ff8000
90	walkF	2	1	ff910b
90	walkF	3	1	ffaa00
90	walkF	4	1	ff8b00
90	walkF	5	1	ff9f00
90	walkF	6	1	ffff00
90	walkF	7	3	d58000
90	walkF	8	3	cc661a
90	walkF	9	3	bfac2b
90	walkF	10	3	ca7015
90	walkF	11	3	aa5500
90	walkF	12	2	ffff00
90	walkF	13	2	bfac2b
90	walkF	14	3	ff0000
90	walkF	15	3	bc6b18
90	walkF	16	3	ac641c
90	walkF	17	2	808000
90	walkF	18	2	8e7d20
90	walkF	19	3	965d23
90	walkF	20	3	a35912
90	walkL	1	1	ff9f00
90	walkL	2	1	ffff00
90	walkL	3	1	ff8b00
90	walkL	4	1	ff910b
90	walkL	5	1	ffaa00
90	walkL	6	1	ff8000
90	walkL	7	3	d58000
90	walkL	8	3	bfac2b
90	walkL	9	3	ca7015
90	walkL	10	3	ff0000
90	walkL	11	3	bc6b18
90	walkL	12	3	aa5500
90	walkL	13	2	ffff00
90	walkL	14	2	bfac2b
90	walkL	15	3	ac641c
90	walkL	16	3	884b0f
90	walkL	17	3	965d23
90	walkL	18	2	808000
90	walkL	19	2	8e7d20
90	walkL	20	3	a35912
90	walkL	21	3	808000
90	walkR	1	1	ff910b
90	walkR	2	1	ff8b00
90	walkR	3	1	ffaa00
90	walkR	4	3	bfac2b
90	walkR	5	3	ac641c
90	walkR	6	3	ca7015
90	walkR	7	3	bc6b18
90	walkR	8	2	bfac2b
90	walkR	9	2	ffff00
90	walkR	10	2	808000
90	walkR	11	2	8e7d20
90	walkR	12	3	884b0f
90	walkR	13	3	965d23
90	walkR	14	3	808000
90	walkS	1	1	ff910b
90	walkS	2	1	ff8b00
90	walkS	3	2	bfac2b
90	walkS	4	3	bfac2b
90	walkS	5	3	ca7015
90	walkS	6	2	8e7d20
90	walkS	7	3	ac641c
90	walkS	8	3	bc6b18
90	walkS	9	3	808000
90	walkS	10	3	965d23
91	anim0L	1	1	ff910b
91	anim0L	2	1	ffaa00
91	anim0L	3	1	ff8000
91	anim0L	4	1	ff9515
91	anim0L	5	1	ff8b00
91	anim0L	6	1	ff8914
91	anim0L	7	1	ffff00
91	anim0L	8	1	ff9900
91	anim0L	9	3	ff8000
91	anim0L	10	3	db6d24
91	anim0L	11	3	ca7015
91	anim0L	12	3	aa5500
91	anim0L	13	3	bf8000
91	anim0L	14	3	cc661a
91	anim0L	15	3	a65c13
91	anim0L	16	3	995411
91	anim0L	17	3	cc6600
91	anim0L	18	3	ff0000
91	anim0L	19	2	bfac2b
91	anim0L	20	2	85781e
91	anim0L	21	2	ffff00
91	anim0R	1	1	ff910b
91	anim0R	2	1	ff9515
91	anim0R	3	1	ff8914
91	anim0R	4	1	ff8000
91	anim0R	5	1	ff8b00
91	anim0R	6	1	ff9900
91	anim0R	7	1	ffaa00
91	anim0R	8	1	ffff00
91	anim0R	9	3	ca7015
91	anim0R	10	3	ff8000
91	anim0R	11	3	cc661a
91	anim0R	12	3	cc6600
91	anim0R	13	3	db6d24
91	anim0R	14	3	ff0000
91	anim0R	15	3	bf8000
91	anim0R	16	3	995411
91	anim0R	17	3	aa5500
91	anim0R	18	3	a65c13
91	anim0R	19	2	bfac2b
91	anim0R	20	2	85781e
91	anim0R	21	2	ffff00
91	anim10L	1	3	ca7015
91	anim10L	2	3	ff0000
91	anim10L	3	3	db6d24
91	anim10L	4	3	cc661a
91	anim10L	5	3	ff8000
91	anim10L	6	3	bf8000
91	anim10L	7	1	ff9515
91	anim10L	8	1	ff910b
91	anim10L	9	1	ffff00
91	anim10L	10	3	aa5500
91	anim10L	11	1	ff8914
91	anim10L	12	1	ff8000
91	anim10L	13	1	ffaa00
91	anim10L	14	3	cc6600
91	anim10L	15	1	ff9900
91	anim10L	16	1	ff8b00
91	anim10L	17	3	a65c13
91	anim10L	18	3	995411
91	anim10L	19	2	bfac2b
91	anim10L	20	2	85781e
91	anim10L	21	2	ffff00
91	anim10R	1	3	ca7015
91	anim10R	2	3	bf8000
91	anim10R	3	3	cc661a
91	anim10R	4	3	ff0000
91	anim10R	5	3	aa5500
91	anim10R	6	3	ff8000
91	anim10R	7	3	db6d24
91	anim10R	8	1	ff9515
91	anim10R	9	1	ff910b
91	anim10R	10	1	ff8914
91	anim10R	11	1	ff9900
91	anim10R	12	3	cc6600
91	anim10R	13	1	ffaa00
91	anim10R	14	1	ff8000
91	anim10R	15	1	ffff00
91	anim10R	16	3	a65c13
91	anim10R	17	1	ff8b00
91	anim10R	18	3	995411
91	anim10R	19	2	ffff00
91	anim10R	20	2	bfac2b
91	anim10R	21	2	85781e
91	anim11L	1	1	ff910b
91	anim11L	2	1	ff8000
91	anim11L	3	1	ffff00
91	anim11L	4	1	ff9515
91	anim11L	5	1	ffaa00
91	anim11L	6	1	ff8914
91	anim11L	7	1	ff9900
91	anim11L	8	1	ff8b00
91	anim11L	9	3	db6d24
91	anim11L	10	3	bf8000
91	anim11L	11	3	ca7015
91	anim11L	12	3	ff8000
91	anim11L	13	3	cc661a
91	anim11L	14	3	ff0000
91	anim11L	15	3	cc6600
91	anim11L	16	3	a65c13
91	anim11L	17	3	aa5500
91	anim11L	18	3	bf8020
91	anim11L	19	2	bfac2b
91	anim11L	20	2	ffff00
91	anim11L	21	2	85781e
91	anim11R	1	1	ff910b
91	anim11R	2	1	ffaa00
91	anim11R	3	1	ff9515
91	anim11R	4	1	ff9900
91	anim11R	5	1	ff8000
91	anim11R	6	1	ff8b00
91	anim11R	7	1	ffff00
91	anim11R	8	1	ff8914
91	anim11R	9	3	ff0000
91	anim11R	10	3	ca7015
91	anim11R	11	3	ff8000
91	anim11R	12	3	db6d24
91	anim11R	13	3	cc661a
91	anim11R	14	3	aa5500
91	anim11R	15	3	a65c13
91	anim11R	16	3	cc6600
91	anim11R	17	3	bf8000
91	anim11R	18	2	bfac2b
91	anim11R	19	2	ffff00
91	anim11R	20	2	85781e
91	anim11R	21	3	995411
91	anim12L	1	1	ff910b
91	anim12L	2	1	ffff00
91	anim12L	3	1	ff9515
91	anim12L	4	1	ff8b00
91	anim12L	5	1	ff8000
91	anim12L	6	1	ff8914
91	anim12L	7	1	ffaa00
91	anim12L	8	1	ff9900
91	anim12L	9	3	ca7015
91	anim12L	10	3	cc661a
91	anim12L	11	3	db6d24
91	anim12L	12	3	ff8000
91	anim12L	13	3	aa5500
91	anim12L	14	3	ff0000
91	anim12L	15	3	bf8000
91	anim12L	16	3	cc6600
91	anim12L	17	3	a65c13
91	anim12L	18	3	bf8020
91	anim12L	19	2	bfac2b
91	anim12L	20	2	ffff00
91	anim12L	21	2	85781e
91	anim12L	22	3	995411
91	anim12R	1	1	ff9515
91	anim12R	2	1	ff910b
91	anim12R	3	1	ffff00
91	anim12R	4	1	ff8000
91	anim12R	5	1	ff9900
91	anim12R	6	1	ff8914
91	anim12R	7	1	ffaa00
91	anim12R	8	3	ca7015
91	anim12R	9	3	aa5500
91	anim12R	10	3	ff8000
91	anim12R	11	3	cc661a
91	anim12R	12	1	ff8b00
91	anim12R	13	3	cc6600
91	anim12R	14	3	db6d24
91	anim12R	15	3	bf8020
91	anim12R	16	3	bf8000
91	anim12R	17	3	ff0000
91	anim12R	18	3	a65c13
91	anim12R	19	2	bfac2b
91	anim12R	20	2	85781e
91	anim12R	21	2	ffff00
91	anim12R	22	3	995411
91	anim13L	1	1	ff910b
91	anim13L	2	1	ffff00
91	anim13L	3	1	ff9515
91	anim13L	4	1	ff8b00
91	anim13L	5	1	ff9900
91	anim13L	6	1	ffaa00
91	anim13L	7	1	ff8914
91	anim13L	8	1	ff8000
91	anim13L	9	3	ca7015
91	anim13L	10	3	db6d24
91	anim13L	11	3	d58000
91	anim13L	12	3	ff8000
91	anim13L	13	3	bf8020
91	anim13L	14	3	cc661a
91	anim13L	15	3	ff0000
91	anim13L	16	3	a65c13
91	anim13L	17	3	bf8000
91	anim13L	18	3	995411
91	anim13L	19	3	cc6600
91	anim13L	20	3	aa5500
91	anim13L	21	2	85781e
91	anim13L	22	2	ffff00
91	anim13L	23	2	bfac2b
91	anim13R	1	1	ff910b
91	anim13R	2	1	ffaa00
91	anim13R	3	1	ff9515
91	anim13R	4	1	ff9900
91	anim13R	5	1	ff8b00
91	anim13R	6	1	ff8000
91	anim13R	7	1	ff8914
91	anim13R	8	1	ffff00
91	anim13R	9	3	ca7015
91	anim13R	10	3	bf8020
91	anim13R	11	3	cc661a
91	anim13R	12	3	ff8000
91	anim13R	13	3	db6d24
91	anim13R	14	3	aa5500
91	anim13R	15	3	bf8000
91	anim13R	16	3	ff0000
91	anim13R	17	3	d58000
91	anim13R	18	3	cc6600
91	anim13R	19	3	a65c13
91	anim13R	20	2	bfac2b
91	anim13R	21	2	ffff00
91	anim13R	22	2	85781e
91	anim14L	1	1	ff8914
91	anim14L	2	1	ff910b
91	anim14L	3	1	ffaa00
91	anim14L	4	1	ff9515
91	anim14L	5	1	ff8000
91	anim14L	6	1	ff9900
91	anim14L	7	1	ffff00
91	anim14L	8	1	ff8b00
91	anim14L	9	3	ca7015
91	anim14L	10	3	ff8000
91	anim14L	11	3	db6d24
91	anim14L	12	3	cc661a
91	anim14L	13	3	bf8000
91	anim14L	14	3	d58000
91	anim14L	15	3	ff0000
91	anim14L	16	3	aa5500
91	anim14L	17	3	cc6600
91	anim14L	18	3	995411
91	anim14L	19	3	bf8020
91	anim14L	20	3	a65c13
91	anim14L	21	2	bfac2b
91	anim14L	22	2	ffff00
91	anim14L	23	2	85781e
91	anim14R	1	1	ff910b
91	anim14R	2	1	ff9515
91	anim14R	3	1	ffaa00
91	anim14R	4	1	ff9900
91	anim14R	5	1	ff8000
91	anim14R	6	1	ff8b00
91	anim14R	7	1	ff8914
91	anim14R	8	1	ffff00
91	anim14R	9	3	ff0000
91	anim14R	10	3	ca7015
91	anim14R	11	3	bf8000
91	anim14R	12	3	ff8000
91	anim14R	13	3	d58000
91	anim14R	14	3	db6d24
91	anim14R	15	3	cc661a
91	anim14R	16	3	a65c13
91	anim14R	17	3	bf8020
91	anim14R	18	3	cc6600
91	anim14R	19	3	995411
91	anim14R	20	3	aa5500
91	anim14R	21	2	bfac2b
91	anim14R	22	2	ffff00
91	anim14R	23	2	85781e
91	anim15L	1	1	ff8914
91	anim15L	2	1	ff910b
91	anim15L	3	1	ff9900
91	anim15L	4	1	ff9515
91	anim15L	5	1	ffaa00
91	anim15L	6	1	ff8000
91	anim15L	7	1	ffff00
91	anim15L	8	1	ff8b00
91	anim15L	9	3	ca7015
91	anim15L	10	3	cc661a
91	anim15L	11	3	ff8000
91	anim15L	12	3	ff0000
91	anim15L	13	3	db6d24
91	anim15L	14	3	bf8000
91	anim15L	15	3	d58000
91	anim15L	16	3	bf8020
91	anim15L	17	3	cc6600
91	anim15L	18	3	a65c13
91	anim15L	19	3	995411
91	anim15L	20	3	aa5500
91	anim15L	21	2	bfac2b
91	anim15L	22	2	ffff00
91	anim15L	23	2	85781e
91	anim15R	1	1	ff910b
91	anim15R	2	1	ffaa00
91	anim15R	3	1	ff9515
91	anim15R	4	1	ff9900
91	anim15R	5	1	ff8000
91	anim15R	6	1	ff8b00
91	anim15R	7	1	ff8914
91	anim15R	8	1	ffff00
91	anim15R	9	3	ff8000
91	anim15R	10	3	ca7015
91	anim15R	11	3	db6d24
91	anim15R	12	3	d58000
91	anim15R	13	3	cc661a
91	anim15R	14	3	bf8000
91	anim15R	15	3	a65c13
91	anim15R	16	3	bf8020
91	anim15R	17	3	cc6600
91	anim15R	18	3	ff0000
91	anim15R	19	3	aa5500
91	anim15R	20	2	bfac2b
91	anim15R	21	2	ffff00
91	anim15R	22	2	85781e
91	anim15R	23	3	995411
91	anim16L	1	1	ff8914
91	anim16L	2	1	ff910b
91	anim16L	3	1	ff9900
91	anim16L	4	1	ffaa00
91	anim16L	5	1	ff9515
91	anim16L	6	1	ff8000
91	anim16L	7	1	ffff00
91	anim16L	8	1	ff8b00
91	anim16L	9	3	ca7015
91	anim16L	10	3	cc661a
91	anim16L	11	3	ff8000
91	anim16L	12	3	db6d24
91	anim16L	13	3	bf8000
91	anim16L	14	3	d58000
91	anim16L	15	3	ff0000
91	anim16L	16	3	cc6600
91	anim16L	17	3	bf8020
91	anim16L	18	3	a65c13
91	anim16L	19	3	aa5500
91	anim16L	20	2	bfac2b
91	anim16L	21	2	ffff00
91	anim16L	22	2	85781e
91	anim16L	23	3	995411
91	anim16R	1	1	ff910b
91	anim16R	2	1	ffaa00
91	anim16R	3	1	ff9515
91	anim16R	4	1	ff9900
91	anim16R	5	1	ff8000
91	anim16R	6	1	ff8b00
91	anim16R	7	1	ff8914
91	anim16R	8	1	ffff00
91	anim16R	9	3	ff8000
91	anim16R	10	3	ca7015
91	anim16R	11	3	aa5500
91	anim16R	12	3	db6d24
91	anim16R	13	3	bf8020
91	anim16R	14	3	d58000
91	anim16R	15	3	cc661a
91	anim16R	16	3	bf8000
91	anim16R	17	3	a65c13
91	anim16R	18	3	cc6600
91	anim16R	19	3	ff0000
91	anim16R	20	2	bfac2b
91	anim16R	21	2	85781e
91	anim16R	22	2	ffff00
91	anim16R	23	3	995411
91	anim17L	1	1	ff8000
91	anim17L	2	1	ff910b
91	anim17L	3	1	ff8b00
91	anim17L	4	1	ffaa00
91	anim17L	5	1	ff9515
91	anim17L	6	1	ff9900
91	anim17L	7	1	ffff00
91	anim17L	8	1	ff8914
91	anim17L	9	3	db6d24
91	anim17L	10	3	cc6600
91	anim17L	11	3	ca7015
91	anim17L	12	3	d58000
91	anim17L	13	3	ff8000
91	anim17L	14	3	cc661a
91	anim17L	15	3	ff0000
91	anim17L	16	3	bf8000
91	anim17L	17	3	bf8020
91	anim17L	18	3	aa5500
91	anim17L	19	2	bfac2b
91	anim17L	20	2	85781e
91	anim17L	21	2	ffff00
91	anim17L	22	3	a65c13
91	anim17L	23	3	995411
91	anim17R	1	1	ff8b00
91	anim17R	2	1	ff8000
91	anim17R	3	1	ffaa00
91	anim17R	4	1	ff910b
91	anim17R	5	1	ff9515
91	anim17R	6	1	ff8914
91	anim17R	7	1	ffff00
91	anim17R	8	1	ff9900
91	anim17R	9	3	ca7015
91	anim17R	10	3	db6d24
91	anim17R	11	3	bf8020
91	anim17R	12	3	cc6600
91	anim17R	13	3	cc661a
91	anim17R	14	3	ff8000
91	anim17R	15	3	d58000
91	anim17R	16	3	aa5500
91	anim17R	17	3	ff0000
91	anim17R	18	3	bf8000
91	anim17R	19	3	a65c13
91	anim17R	20	3	995411
91	anim17R	21	2	85781e
91	anim17R	22	2	bfac2b
91	anim17R	23	2	ffff00
91	anim18L	1	3	ca7015
91	anim18L	2	3	aa5500
91	anim18L	3	3	bf8020
91	anim18L	4	3	cc6600
91	anim18L	5	1	ff9515
91	anim18L	6	1	ff910b
91	anim18L	7	1	ff8000
91	anim18L	8	1	ff8914
91	anim18L	9	1	ff8b00
91	anim18L	10	1	ffff00
91	anim18L	11	1	ffaa00
91	anim18L	12	3	db6d24
91	anim18L	13	3	ff8000
91	anim18L	14	1	ff9900
91	anim18L	15	3	d58000
91	anim18L	16	3	cc661a
91	anim18L	17	3	ff0000
91	anim18L	18	3	bf8000
91	anim18L	19	3	a65c13
91	anim18L	20	3	995411
91	anim18L	21	2	bfac2b
91	anim18L	22	2	85781e
91	anim18L	23	2	ffff00
91	anim18R	1	3	ca7015
91	anim18R	2	3	cc6600
91	anim18R	3	1	ffaa00
91	anim18R	4	1	ff9515
91	anim18R	5	1	ff8000
91	anim18R	6	1	ff910b
91	anim18R	7	1	ffff00
91	anim18R	8	1	ff9900
91	anim18R	9	3	bf8020
91	anim18R	10	3	cc661a
91	anim18R	11	3	d58000
91	anim18R	12	1	ff8914
91	anim18R	13	1	ff8b00
91	anim18R	14	3	ff8000
91	anim18R	15	3	db6d24
91	anim18R	16	3	aa5500
91	anim18R	17	3	a65c13
91	anim18R	18	3	ff0000
91	anim18R	19	3	bf8000
91	anim18R	20	2	bfac2b
91	anim18R	21	2	85781e
91	anim18R	22	2	ffff00
91	anim1L	1	3	cc661a
91	anim1L	2	3	ca7015
91	anim1L	3	3	db6d24
91	anim1L	4	3	a65c13
91	anim1L	5	3	bf8000
91	anim1L	6	3	ff0000
91	anim1L	7	1	ff9515
91	anim1L	8	1	ff8b00
91	anim1L	9	1	ff8000
91	anim1L	10	1	ff910b
91	anim1L	11	1	ffff00
91	anim1L	12	1	ff8914
91	anim1L	13	3	ff8000
91	anim1L	14	1	ffaa00
91	anim1L	15	3	cc6600
91	anim1L	16	1	ff9900
91	anim1L	17	3	aa5500
91	anim1L	18	2	bfac2b
91	anim1L	19	2	85781e
91	anim1L	20	2	ffff00
91	anim1R	1	3	ca7015
91	anim1R	2	3	aa5500
91	anim1R	3	3	cc6600
91	anim1R	4	3	bf8000
91	anim1R	5	3	db6d24
91	anim1R	6	3	ff8000
91	anim1R	7	3	cc661a
91	anim1R	8	3	ff0000
91	anim1R	9	1	ff8000
91	anim1R	10	1	ffaa00
91	anim1R	11	1	ff9900
91	anim1R	12	1	ff910b
91	anim1R	13	1	ff8914
91	anim1R	14	1	ffff00
91	anim1R	15	1	ff9515
91	anim1R	16	1	ff8b00
91	anim1R	17	3	a65c13
91	anim1R	18	3	995411
91	anim1R	19	2	bfac2b
91	anim1R	20	2	85781e
91	anim2L	1	3	ca7015
91	anim2L	2	3	cc661a
91	anim2L	3	3	995411
91	anim2L	4	3	bf8000
91	anim2L	5	3	ff8000
91	anim2L	6	1	ff8914
91	anim2L	7	1	ff910b
91	anim2L	8	3	ff0000
91	anim2L	9	3	db6d24
91	anim2L	10	1	ffff00
91	anim2L	11	1	ff8000
91	anim2L	12	1	ffaa00
91	anim2L	13	3	a65c13
91	anim2L	14	1	ff8b00
91	anim2L	15	3	cc6600
91	anim2L	16	3	aa5500
91	anim2L	17	1	ff9515
91	anim2L	18	1	ff9900
91	anim2L	19	2	bfac2b
91	anim2L	20	2	85781e
91	anim2L	21	2	ffff00
91	anim2R	1	3	ca7015
91	anim2R	2	3	cc6600
91	anim2R	3	3	cc661a
91	anim2R	4	3	ff0000
91	anim2R	5	3	db6d24
91	anim2R	6	3	ff8000
91	anim2R	7	1	ff9900
91	anim2R	8	1	ff9515
91	anim2R	9	1	ffff00
91	anim2R	10	3	bf8000
91	anim2R	11	1	ff8914
91	anim2R	12	1	ff910b
91	anim2R	13	1	ffaa00
91	anim2R	14	3	a65c13
91	anim2R	15	1	ff8000
91	anim2R	16	1	ff8b00
91	anim2R	17	3	995411
91	anim2R	18	3	aa5500
91	anim2R	19	2	ffff00
91	anim2R	20	2	bfac2b
91	anim2R	21	2	85781e
91	anim3L	1	1	ff8000
91	anim3L	2	1	ff9515
91	anim3L	3	1	ff910b
91	anim3L	4	1	ff8914
91	anim3L	5	1	ffaa00
91	anim3L	6	1	ff9900
91	anim3L	7	3	ff8000
91	anim3L	8	1	ffff00
91	anim3L	9	3	ca7015
91	anim3L	10	1	ff8b00
91	anim3L	11	3	aa5500
91	anim3L	12	3	db6d24
91	anim3L	13	3	cc661a
91	anim3L	14	3	bf8000
91	anim3L	15	3	cc6600
91	anim3L	16	3	ff0000
91	anim3L	17	3	a65c13
91	anim3L	18	2	bfac2b
91	anim3L	19	2	ffff00
91	anim3L	20	3	995411
91	anim3R	1	1	ff8914
91	anim3R	2	1	ff910b
91	anim3R	3	1	ff8000
91	anim3R	4	1	ffff00
91	anim3R	5	1	ff9515
91	anim3R	6	1	ff8b00
91	anim3R	7	1	ffaa00
91	anim3R	8	1	ff9900
91	anim3R	9	3	cc661a
91	anim3R	10	3	ca7015
91	anim3R	11	3	ff8000
91	anim3R	12	3	db6d24
91	anim3R	13	3	bf8000
91	anim3R	14	3	cc6600
91	anim3R	15	3	a65c13
91	anim3R	16	3	ff0000
91	anim3R	17	3	995411
91	anim3R	18	2	bfac2b
91	anim3R	19	3	aa5500
91	anim3R	20	2	ffff00
91	anim3R	21	2	85781e
91	dieL	1	1	ff910b
91	dieL	2	1	ff9515
91	dieL	3	1	ff9900
91	dieL	4	1	ff8000
91	dieL	5	1	ff8b00
91	dieL	6	1	ff8914
91	dieL	7	1	ffaa00
91	dieL	8	1	ffff00
91	dieL	9	3	ca7015
91	dieL	10	3	ff8000
91	dieL	11	3	db6d24
91	dieL	12	3	cc661a
91	dieL	13	3	aa5500
91	dieL	14	3	ff0000
91	dieL	15	3	a65c13
91	dieL	16	3	cc6600
91	dieL	17	3	bf8000
91	dieL	18	2	bfac2b
91	dieL	19	2	ffff00
91	dieL	20	2	85781e
91	dieL	21	3	995411
91	dieR	1	1	ff8914
91	dieR	2	1	ff910b
91	dieR	3	1	ffaa00
91	dieR	4	1	ff8000
91	dieR	5	1	ff9900
91	dieR	6	1	ff9515
91	dieR	7	1	ff8b00
91	dieR	8	1	ffff00
91	dieR	9	3	ff8000
91	dieR	10	3	ca7015
91	dieR	11	3	cc661a
91	dieR	12	3	db6d24
91	dieR	13	3	ff0000
91	dieR	14	3	cc6600
91	dieR	15	3	aa5500
91	dieR	16	3	a65c13
91	dieR	17	3	bf8000
91	dieR	18	3	995411
91	dieR	19	2	bfac2b
91	dieR	20	2	85781e
91	hitL	1	1	ff9900
91	hitL	2	1	ff910b
91	hitL	3	1	ffff00
91	hitL	4	1	ff8914
91	hitL	5	1	ff8b00
91	hitL	6	1	ff8000
91	hitL	7	3	ff0000
91	hitL	8	3	ff8000
91	hitL	9	3	ca7015
91	hitL	10	3	bf8000
91	hitL	11	3	a65c13
91	hitL	12	3	cc6600
91	hitL	13	2	bfac2b
91	hitR	1	1	ff910b
91	hitR	2	1	ff9900
91	hitR	3	1	ff8914
91	hitR	4	1	ffff00
91	hitR	5	3	ca7015
91	hitR	6	3	bf8000
91	hitR	7	1	ff8000
91	hitR	8	3	ff8000
91	hitR	9	3	a65c13
91	hitR	10	2	bfac2b
91	hitR	11	3	aa5500
91	hitR	12	2	85781e
91	hitR	13	3	cc6600
91	runB	1	1	ff910b
91	runB	2	1	ffff00
91	runB	3	1	ff9900
91	runB	4	1	ff8914
91	runB	5	1	ff8000
91	runB	6	1	ff8b00
91	runB	7	3	ca7015
91	runB	8	3	ff8000
91	runB	9	3	cc6600
91	runB	10	3	ff0000
91	runB	11	3	bf8000
91	runB	12	3	aa5500
91	runB	13	3	a65c13
91	runB	14	3	995411
91	runB	15	2	85781e
91	runB	16	2	bfac2b
91	runF	1	3	ca7015
91	runF	2	1	ff910b
91	runF	3	1	ff8000
91	runF	4	1	ff8914
91	runF	5	1	ff8b00
91	runF	6	1	ff9900
91	runF	7	1	ffff00
91	runF	8	3	aa5500
91	runF	9	3	bf8000
91	runF	10	3	ff8000
91	runF	11	3	ff0000
91	runF	12	3	a65c13
91	runF	13	3	cc6600
91	runF	14	2	bfac2b
91	runF	15	3	995411
91	runF	16	2	85781e
91	runL	1	1	ff910b
91	runL	2	1	ff8914
91	runL	3	1	ffff00
91	runL	4	1	ff9900
91	runL	5	1	ff8000
91	runL	6	1	ff8b00
91	runL	7	3	ff8000
91	runL	8	3	ca7015
91	runL	9	3	ff0000
91	runL	10	3	a65c13
91	runL	11	3	cc6600
91	runL	12	3	aa5500
91	runL	13	3	995411
91	runL	14	2	bfac2b
91	runL	15	2	85781e
91	runR	1	1	ff8000
91	runR	2	1	ff910b
91	runR	3	1	ff8914
91	runR	4	1	ff9900
91	runR	5	1	ffff00
91	runR	6	1	ff8b00
91	runR	7	3	ca7015
91	runR	8	3	ff0000
91	runR	9	3	cc6600
91	runR	10	3	ff8000
91	runR	11	3	a65c13
91	runR	12	3	aa5500
91	runR	13	3	995411
91	runR	14	2	bfac2b
91	runR	15	2	85781e
91	runS	1	1	ffff00
91	runS	2	1	ff910b
91	runS	3	1	ff8000
91	runS	4	1	ff9f00
91	runS	5	1	ff8b00
91	runS	6	3	ff8000
91	runS	7	3	ca7015
91	runS	8	3	cc6600
91	runS	9	3	a65c13
91	runS	10	3	ff0000
91	runS	11	3	aa5500
91	runS	12	3	995411
91	runS	13	2	bfac2b
91	runS	14	2	85781e
91	staticB	1	1	ff910b
91	staticB	2	3	ca7015
91	staticB	3	2	85781e
91	staticB	4	2	bfac2b
91	staticF	1	1	ff910b
91	staticF	2	3	ca7015
91	staticF	3	2	bfac2b
91	staticL	1	1	ff910b
91	staticL	2	3	ca7015
91	staticL	3	2	bfac2b
91	staticR	1	1	ff910b
91	staticR	2	3	ca7015
91	staticR	3	2	bfac2b
91	staticS	1	1	ff910b
91	staticS	2	3	ca7015
91	staticS	3	2	bfac2b
91	walkB	1	1	ff910b
91	walkB	2	1	ff8b00
91	walkB	3	1	ff9f00
91	walkB	4	1	ff8000
91	walkB	5	1	ffff00
91	walkB	6	3	ff8000
91	walkB	7	3	ca7015
91	walkB	8	3	995411
91	walkB	9	3	aa5500
91	walkB	10	3	cc6600
91	walkB	11	3	ff0000
91	walkB	12	2	bfac2b
91	walkB	13	2	85781e
91	walkF	1	1	ff910b
91	walkF	2	1	ff8000
91	walkF	3	1	ff9f00
91	walkF	4	1	ff8b00
91	walkF	5	3	ff8000
91	walkF	6	3	ca7015
91	walkF	7	3	cc6600
91	walkF	8	3	ff0000
91	walkF	9	3	995411
91	walkF	10	3	aa5500
91	walkF	11	2	bfac2b
91	walkF	12	2	85781e
91	walkL	1	1	ff910b
91	walkL	2	1	ff8b00
91	walkL	3	1	ff8000
91	walkL	4	1	ff9f00
91	walkL	5	3	ff8000
91	walkL	6	3	ca7015
91	walkL	7	3	ff0000
91	walkL	8	3	995411
91	walkL	9	3	cc6600
91	walkL	10	2	bfac2b
91	walkL	11	2	85781e
91	walkR	1	1	ff8000
91	walkR	2	1	ff8b00
91	walkR	3	1	ff910b
91	walkR	4	1	ff9f00
91	walkR	5	3	ca7015
91	walkR	6	3	995411
91	walkR	7	3	ff8000
91	walkR	8	3	ff0000
91	walkR	9	2	bfac2b
91	walkR	10	2	85781e
91	walkS	1	1	ff910b
91	walkS	2	3	ff8000
91	walkS	3	3	ca7015
91	walkS	4	3	995411
91	walkS	5	3	ff0000
91	walkS	6	2	bfac2b
91	walkS	7	2	85781e
100	anim0L	1	3	88b526
100	anim0L	2	3	99cc33
100	anim0L	3	3	aaaa00
100	anim0L	4	3	ffff00
100	anim0L	5	3	808000
100	anim0L	6	3	92b624
100	anim0L	7	3	80bf20
100	anim0L	8	2	bb834f
100	anim0L	9	3	8eaa1c
100	anim0L	10	3	80bf40
100	anim0L	11	2	dbb67a
100	anim0L	12	2	c48a53
100	anim0L	13	2	cc9966
100	anim0L	14	2	bf8060
100	anim0L	15	3	80b31a
100	anim0L	16	2	d58055
100	anim0L	17	2	bf8040
100	anim0L	18	1	dcb87c
100	anim0L	19	1	ff910b
100	anim0L	20	2	ff8080
100	anim0L	21	2	cc804d
100	anim0L	22	2	ffff00
100	anim0L	23	1	f8e9cb
100	anim0L	24	2	ffffff
100	anim0L	25	1	ae8255
100	anim0L	26	2	ad7a4a
100	anim0R	1	3	99cc33
100	anim0R	2	3	92b624
100	anim0R	3	3	ffff00
100	anim0R	4	3	88b526
100	anim0R	5	3	808000
100	anim0R	6	3	8eaa1c
100	anim0R	7	2	c48a53
100	anim0R	8	2	d58055
100	anim0R	9	2	bf8060
100	anim0R	10	2	dbb67a
100	anim0R	11	2	cc9966
100	anim0R	12	2	ffff00
100	anim0R	13	2	ad7a4a
100	anim0R	14	2	bb834f
100	anim0R	15	2	cc804d
100	anim0R	16	3	80bf20
100	anim0R	17	3	80b31a
100	anim0R	18	3	aaaa00
100	anim0R	19	2	ff8080
100	anim0R	20	1	ff910b
100	anim0R	21	3	80bf40
100	anim0R	22	1	dcb87c
100	anim0R	23	2	9e754e
100	anim0R	24	2	bf8040
100	anim0R	25	2	ff0000
100	anim0R	26	2	a37345
100	anim0R	27	2	996b41
100	anim0R	28	2	ffffff
100	anim0R	29	1	f8e9cb
100	anim0R	30	1	ae8255
100	anim10L	1	2	c48a53
100	anim10L	2	2	cc9966
100	anim10L	3	3	88b526
100	anim10L	4	3	ffff00
100	anim10L	5	3	80aa2b
100	anim10L	6	2	ff8080
100	anim10L	7	2	bf8060
100	anim10L	8	2	cc804d
100	anim10L	9	2	bb834f
100	anim10L	10	3	80bf20
100	anim10L	11	3	92b624
100	anim10L	12	3	99cc33
100	anim10L	13	3	8eaa1c
100	anim10L	14	2	dbb67a
100	anim10L	15	3	80bf40
100	anim10L	16	3	aaaa00
100	anim10L	17	3	80b31a
100	anim10L	18	1	ff910b
100	anim10L	19	1	dcb87c
100	anim10L	20	3	808000
100	anim10L	21	2	d58055
100	anim10L	22	2	ffff00
100	anim10L	23	2	bf8040
100	anim10L	24	2	a37345
100	anim10L	25	2	9e754e
100	anim10L	26	2	ad7a4a
100	anim10L	27	2	aa5555
100	anim10L	28	1	f8e9cb
100	anim10L	29	2	ffffff
100	anim10L	30	1	ae8255
100	anim10R	1	2	bb834f
100	anim10R	2	2	c48a53
100	anim10R	3	2	bf8040
100	anim10R	4	3	ffff00
100	anim10R	5	3	92b624
100	anim10R	6	3	aaaa00
100	anim10R	7	2	cc9966
100	anim10R	8	2	dbb67a
100	anim10R	9	3	8eaa1c
100	anim10R	10	3	88b526
100	anim10R	11	3	808000
100	anim10R	12	3	99cc33
100	anim10R	13	2	cc804d
100	anim10R	14	2	ffff00
100	anim10R	15	2	ff8080
100	anim10R	16	2	bf8060
100	anim10R	17	3	80aa2b
100	anim10R	18	2	d58055
100	anim10R	19	3	80b31a
100	anim10R	20	3	80bf20
100	anim10R	21	3	80bf40
100	anim10R	22	1	dcb87c
100	anim10R	23	1	ff910b
100	anim10R	24	3	6e8c2b
100	anim10R	25	2	ad7a4a
100	anim10R	26	2	9e754e
100	anim10R	27	2	aa5555
100	anim10R	28	2	ffffff
100	anim10R	29	1	f8e9cb
100	anim10R	30	1	ae8255
100	anim11L	1	3	88b526
100	anim11L	2	3	80bf20
100	anim11L	3	3	8eaa1c
100	anim11L	4	3	80aa2b
100	anim11L	5	3	99cc33
100	anim11L	6	3	ffff00
100	anim11L	7	3	80bf40
100	anim11L	8	3	808000
100	anim11L	9	3	92b624
100	anim11L	10	3	aaaa00
100	anim11L	11	3	80b31a
100	anim11L	12	1	dcb87c
100	anim11L	13	1	ff910b
100	anim11L	14	2	c48a53
100	anim11L	15	2	dbb67a
100	anim11L	16	2	cc9966
100	anim11L	17	2	bb834f
100	anim11L	18	2	9e754e
100	anim11L	19	2	bf8060
100	anim11L	20	2	cc804d
100	anim11L	21	2	ad7a4a
100	anim11L	22	2	d58055
100	anim11L	23	2	ff8080
100	anim11L	24	2	ffff00
100	anim11L	25	2	bf8040
100	anim11L	26	1	f8e9cb
100	anim11L	27	2	ffffff
100	anim11L	28	1	ae8255
100	anim11R	1	3	88b526
100	anim11R	2	3	92b624
100	anim11R	3	3	aaaa00
100	anim11R	4	3	80bf20
100	anim11R	5	3	ffff00
100	anim11R	6	3	80aa2b
100	anim11R	7	3	80bf40
100	anim11R	8	3	6e8c2b
100	anim11R	9	3	808000
100	anim11R	10	3	8eaa1c
100	anim11R	11	3	80b31a
100	anim11R	12	3	99cc33
100	anim11R	13	1	ff910b
100	anim11R	14	1	dcb87c
100	anim11R	15	2	ffff00
100	anim11R	16	2	c48a53
100	anim11R	17	2	dbb67a
100	anim11R	18	2	cc9966
100	anim11R	19	2	bf8060
100	anim11R	20	2	d58055
100	anim11R	21	2	9e754e
100	anim11R	22	2	bb834f
100	anim11R	23	2	ad7a4a
100	anim11R	24	2	cc804d
100	anim11R	25	2	bf8040
100	anim11R	26	1	f8e9cb
100	anim11R	27	2	ffffff
100	anim11R	28	2	a37345
100	anim11R	29	2	ff8080
100	anim11R	30	1	ae8255
100	anim12L	1	3	88b526
100	anim12L	2	3	80bf20
100	anim12L	3	3	8eaa1c
100	anim12L	4	3	80aa2b
100	anim12L	5	3	99cc33
100	anim12L	6	3	ffff00
100	anim12L	7	3	80bf40
100	anim12L	8	3	808000
100	anim12L	9	3	92b624
100	anim12L	10	3	aaaa00
100	anim12L	11	3	80b31a
100	anim12L	12	1	dcb87c
100	anim12L	13	1	ff910b
100	anim12L	14	2	c48a53
100	anim12L	15	2	dbb67a
100	anim12L	16	2	cc9966
100	anim12L	17	2	bb834f
100	anim12L	18	2	9e754e
100	anim12L	19	2	bf8060
100	anim12L	20	2	cc804d
100	anim12L	21	2	ad7a4a
100	anim12L	22	2	d58055
100	anim12L	23	2	ff8080
100	anim12L	24	2	ffff00
100	anim12L	25	2	bf8040
100	anim12L	26	1	f8e9cb
100	anim12L	27	2	ffffff
100	anim12L	28	1	ae8255
100	anim12R	1	3	88b526
100	anim12R	2	3	92b624
100	anim12R	3	3	aaaa00
100	anim12R	4	3	80bf20
100	anim12R	5	3	ffff00
100	anim12R	6	3	80aa2b
100	anim12R	7	3	80bf40
100	anim12R	8	3	6e8c2b
100	anim12R	9	3	808000
100	anim12R	10	3	8eaa1c
100	anim12R	11	3	80b31a
100	anim12R	12	3	99cc33
100	anim12R	13	1	ff910b
100	anim12R	14	1	dcb87c
100	anim12R	15	2	ffff00
100	anim12R	16	2	c48a53
100	anim12R	17	2	dbb67a
100	anim12R	18	2	cc9966
100	anim12R	19	2	bf8060
100	anim12R	20	2	d58055
100	anim12R	21	2	9e754e
100	anim12R	22	2	bb834f
100	anim12R	23	2	ad7a4a
100	anim12R	24	2	cc804d
100	anim12R	25	2	bf8040
100	anim12R	26	1	f8e9cb
100	anim12R	27	2	ffffff
100	anim12R	28	2	a37345
100	anim12R	29	2	ff8080
100	anim12R	30	1	ae8255
100	anim13L	1	3	88b526
100	anim13L	2	3	80bf20
100	anim13L	3	3	8eaa1c
100	anim13L	4	3	80aa2b
100	anim13L	5	3	99cc33
100	anim13L	6	3	ffff00
100	anim13L	7	3	aaaa00
100	anim13L	8	3	80bf40
100	anim13L	9	3	808000
100	anim13L	10	3	92b624
100	anim13L	11	3	80b31a
100	anim13L	12	1	dcb87c
100	anim13L	13	1	ff910b
100	anim13L	14	2	c48a53
100	anim13L	15	2	dbb67a
100	anim13L	16	2	cc9966
100	anim13L	17	2	9e754e
100	anim13L	18	2	ad7a4a
100	anim13L	19	2	bb834f
100	anim13L	20	2	cc804d
100	anim13L	21	2	ff8080
100	anim13L	22	2	bf8060
100	anim13L	23	2	d58055
100	anim13L	24	2	ffff00
100	anim13L	25	2	996b41
100	anim13L	26	2	bf8040
100	anim13L	27	1	f8e9cb
100	anim13L	28	2	ffffff
100	anim13L	29	1	ae8255
100	anim13R	1	3	80aa2b
100	anim13R	2	3	92b624
100	anim13R	3	3	aaaa00
100	anim13R	4	3	80bf20
100	anim13R	5	3	ffff00
100	anim13R	6	3	88b526
100	anim13R	7	3	80bf40
100	anim13R	8	3	808000
100	anim13R	9	3	8eaa1c
100	anim13R	10	3	80b31a
100	anim13R	11	3	99cc33
100	anim13R	12	1	ff910b
100	anim13R	13	1	dcb87c
100	anim13R	14	2	ffff00
100	anim13R	15	2	c48a53
100	anim13R	16	2	dbb67a
100	anim13R	17	2	cc9966
100	anim13R	18	2	bf8060
100	anim13R	19	2	d58055
100	anim13R	20	2	bb834f
100	anim13R	21	3	6e8c2b
100	anim13R	22	2	ad7a4a
100	anim13R	23	2	9e754e
100	anim13R	24	2	cc804d
100	anim13R	25	2	bf8040
100	anim13R	26	1	f8e9cb
100	anim13R	27	2	ffffff
100	anim13R	28	2	ff8080
100	anim13R	29	2	a37345
100	anim13R	30	1	ae8255
100	anim14L	1	3	88b526
100	anim14L	2	3	80bf20
100	anim14L	3	3	8eaa1c
100	anim14L	4	3	80aa2b
100	anim14L	5	3	99cc33
100	anim14L	6	3	ffff00
100	anim14L	7	3	aaaa00
100	anim14L	8	3	80bf40
100	anim14L	9	3	808000
100	anim14L	10	3	92b624
100	anim14L	11	3	80b31a
100	anim14L	12	1	dcb87c
100	anim14L	13	1	ff910b
100	anim14L	14	2	c48a53
100	anim14L	15	2	dbb67a
100	anim14L	16	2	cc9966
100	anim14L	17	2	9e754e
100	anim14L	18	2	ad7a4a
100	anim14L	19	2	bb834f
100	anim14L	20	2	cc804d
100	anim14L	21	2	ff8080
100	anim14L	22	2	bf8060
100	anim14L	23	2	d58055
100	anim14L	24	2	ffff00
100	anim14L	25	2	996b41
100	anim14L	26	2	bf8040
100	anim14L	27	1	f8e9cb
100	anim14L	28	2	ffffff
100	anim14L	29	1	ae8255
100	anim14R	1	3	80aa2b
100	anim14R	2	3	92b624
100	anim14R	3	3	aaaa00
100	anim14R	4	3	80bf20
100	anim14R	5	3	ffff00
100	anim14R	6	3	88b526
100	anim14R	7	3	80bf40
100	anim14R	8	3	808000
100	anim14R	9	3	8eaa1c
100	anim14R	10	3	80b31a
100	anim14R	11	3	99cc33
100	anim14R	12	1	ff910b
100	anim14R	13	1	dcb87c
100	anim14R	14	2	ffff00
100	anim14R	15	2	c48a53
100	anim14R	16	2	dbb67a
100	anim14R	17	2	cc9966
100	anim14R	18	2	bf8060
100	anim14R	19	2	d58055
100	anim14R	20	2	bb834f
100	anim14R	21	3	6e8c2b
100	anim14R	22	2	ad7a4a
100	anim14R	23	2	9e754e
100	anim14R	24	2	cc804d
100	anim14R	25	2	bf8040
100	anim14R	26	1	f8e9cb
100	anim14R	27	2	ff8000
100	anim14R	28	2	ffffff
100	anim14R	29	2	ff8080
100	anim14R	30	2	a37345
100	anim14R	31	1	ae8255
100	anim15L	1	3	88b526
100	anim15L	2	3	80bf20
100	anim15L	3	3	8eaa1c
100	anim15L	4	3	80aa2b
100	anim15L	5	3	99cc33
100	anim15L	6	3	ffff00
100	anim15L	7	3	80bf40
100	anim15L	8	3	808000
100	anim15L	9	3	92b624
100	anim15L	10	3	aaaa00
100	anim15L	11	3	80b31a
100	anim15L	12	1	dcb87c
100	anim15L	13	1	ff910b
100	anim15L	14	2	c48a53
100	anim15L	15	2	dbb67a
100	anim15L	16	2	cc9966
100	anim15L	17	2	9e754e
100	anim15L	18	2	bb834f
100	anim15L	19	2	bf8060
100	anim15L	20	2	cc804d
100	anim15L	21	2	ad7a4a
100	anim15L	22	2	ffff00
100	anim15L	23	2	bf8040
100	anim15L	24	2	ff8080
100	anim15L	25	2	d58055
100	anim15L	26	1	f8e9cb
100	anim15L	27	2	ffffff
100	anim15L	28	1	ae8255
100	anim15R	1	3	80aa2b
100	anim15R	2	3	92b624
100	anim15R	3	3	aaaa00
100	anim15R	4	3	80bf20
100	anim15R	5	3	ffff00
100	anim15R	6	3	88b526
100	anim15R	7	3	80bf40
100	anim15R	8	3	808000
100	anim15R	9	3	8eaa1c
100	anim15R	10	3	80b31a
100	anim15R	11	3	99cc33
100	anim15R	12	1	ff910b
100	anim15R	13	1	dcb87c
100	anim15R	14	2	ffff00
100	anim15R	15	2	c48a53
100	anim15R	16	2	dbb67a
100	anim15R	17	2	cc9966
100	anim15R	18	2	bf8060
100	anim15R	19	2	d58055
100	anim15R	20	2	bb834f
100	anim15R	21	3	6e8c2b
100	anim15R	22	2	ad7a4a
100	anim15R	23	2	9e754e
100	anim15R	24	2	cc804d
100	anim15R	25	2	ff8080
100	anim15R	26	3	55aa55
100	anim15R	27	1	f8e9cb
100	anim15R	28	2	ffffff
100	anim15R	29	2	ff8000
100	anim15R	30	2	a37345
100	anim15R	31	2	bf8040
100	anim15R	32	1	ae8255
100	anim16L	1	3	88b526
100	anim16L	2	3	80bf20
100	anim16L	3	3	8eaa1c
100	anim16L	4	3	80aa2b
100	anim16L	5	3	99cc33
100	anim16L	6	3	ffff00
100	anim16L	7	3	aaaa00
100	anim16L	8	3	80bf40
100	anim16L	9	3	808000
100	anim16L	10	3	92b624
100	anim16L	11	3	80b31a
100	anim16L	12	1	dcb87c
100	anim16L	13	1	ff910b
100	anim16L	14	2	c48a53
100	anim16L	15	2	dbb67a
100	anim16L	16	2	cc9966
100	anim16L	17	2	9e754e
100	anim16L	18	2	ad7a4a
100	anim16L	19	2	bb834f
100	anim16L	20	2	cc804d
100	anim16L	21	2	ff8080
100	anim16L	22	2	bf8060
100	anim16L	23	2	d58055
100	anim16L	24	2	ffff00
100	anim16L	25	2	996b41
100	anim16L	26	2	bf8040
100	anim16L	27	1	f8e9cb
100	anim16L	28	2	ffffff
100	anim16L	29	1	ae8255
100	anim16R	1	3	80aa2b
100	anim16R	2	3	92b624
100	anim16R	3	3	aaaa00
100	anim16R	4	3	80bf20
100	anim16R	5	3	ffff00
100	anim16R	6	3	88b526
100	anim16R	7	3	80bf40
100	anim16R	8	3	808000
100	anim16R	9	3	8eaa1c
100	anim16R	10	3	80b31a
100	anim16R	11	3	99cc33
100	anim16R	12	1	ff910b
100	anim16R	13	1	dcb87c
100	anim16R	14	2	ffff00
100	anim16R	15	2	c48a53
100	anim16R	16	2	dbb67a
100	anim16R	17	2	cc9966
100	anim16R	18	2	bf8060
100	anim16R	19	2	d58055
100	anim16R	20	2	bb834f
100	anim16R	21	3	6e8c2b
100	anim16R	22	2	ad7a4a
100	anim16R	23	2	9e754e
100	anim16R	24	2	cc804d
100	anim16R	25	2	bf8040
100	anim16R	26	1	f8e9cb
100	anim16R	27	2	ff8000
100	anim16R	28	2	ffffff
100	anim16R	29	2	ff8080
100	anim16R	30	2	a37345
100	anim16R	31	1	ae8255
100	anim17L	1	3	80bf40
100	anim17L	2	3	99cc33
100	anim17L	3	3	80aa2b
100	anim17L	4	3	808000
100	anim17L	5	3	ffff00
100	anim17L	6	3	88b526
100	anim17L	7	3	aaaa00
100	anim17L	8	3	92b624
100	anim17L	9	3	80bf20
100	anim17L	10	3	8eaa1c
100	anim17L	11	3	80b31a
100	anim17L	12	1	ff910b
100	anim17L	13	2	aaaa55
100	anim17L	14	2	c48a53
100	anim17L	15	2	ffff00
100	anim17L	16	2	cc9966
100	anim17L	17	1	dcb87c
100	anim17L	18	2	bb834f
100	anim17L	19	2	cc804d
100	anim17L	20	2	dbb67a
100	anim17L	21	2	d58055
100	anim17L	22	2	bf8040
100	anim17L	23	2	bf8060
100	anim17L	24	2	ff8080
100	anim17L	25	2	9e754e
100	anim17L	26	2	aa5555
100	anim17L	27	2	ad7a4a
100	anim17L	28	2	a37345
100	anim17L	29	1	f8e9cb
100	anim17L	30	2	ff8000
100	anim17L	31	1	ae8255
100	anim17L	32	2	ffffff
100	anim17R	1	3	80aa2b
100	anim17R	2	3	92b624
100	anim17R	3	3	88b526
100	anim17R	4	3	aaaa00
100	anim17R	5	3	808000
100	anim17R	6	3	80bf20
100	anim17R	7	3	80bf40
100	anim17R	8	3	ffff00
100	anim17R	9	3	8eaa1c
100	anim17R	10	3	80b31a
100	anim17R	11	3	99cc33
100	anim17R	12	1	ff910b
100	anim17R	13	1	dcb87c
100	anim17R	14	2	ff8080
100	anim17R	15	2	bb834f
100	anim17R	16	2	c48a53
100	anim17R	17	3	6e8c2b
100	anim17R	18	2	bf8060
100	anim17R	19	2	dbb67a
100	anim17R	20	2	cc804d
100	anim17R	21	2	cc9966
100	anim17R	22	2	ffff00
100	anim17R	23	2	ad7a4a
100	anim17R	24	3	55aa55
100	anim17R	25	2	9e754e
100	anim17R	26	2	bf8040
100	anim17R	27	2	d58055
100	anim17R	28	2	a37345
100	anim17R	29	1	f8e9cb
100	anim17R	30	2	ffffff
100	anim18L	1	3	92b624
100	anim18L	2	3	88b526
100	anim18L	3	3	80bf20
100	anim18L	4	3	8eaa1c
100	anim18L	5	3	ffff00
100	anim18L	6	3	80aa2b
100	anim18L	7	3	99cc33
100	anim18L	8	3	aaaa00
100	anim18L	9	2	d58055
100	anim18L	10	2	c48a53
100	anim18L	11	2	bf8040
100	anim18L	12	2	ff8080
100	anim18L	13	3	80bf40
100	anim18L	14	3	808000
100	anim18L	15	2	bb834f
100	anim18L	16	2	cc9966
100	anim18L	17	2	aaaa55
100	anim18L	18	2	dbb67a
100	anim18L	19	1	ff910b
100	anim18L	20	1	dcb87c
100	anim18L	21	3	80b31a
100	anim18L	22	2	ffff00
100	anim18L	23	2	cc804d
100	anim18L	24	2	bf8060
100	anim18L	25	2	9e754e
100	anim18L	26	2	ad7a4a
100	anim18L	27	2	996b41
100	anim18L	28	1	f8e9cb
100	anim18L	29	2	ffffff
100	anim18L	30	1	ae8255
100	anim18R	1	3	80bf40
100	anim18R	2	2	c48a53
100	anim18R	3	3	80aa2b
100	anim18R	4	3	88b526
100	anim18R	5	3	ffff00
100	anim18R	6	3	8eaa1c
100	anim18R	7	3	aaaa00
100	anim18R	8	3	808000
100	anim18R	9	3	99cc33
100	anim18R	10	3	92b624
100	anim18R	11	2	bb834f
100	anim18R	12	2	cc804d
100	anim18R	13	3	80bf20
100	anim18R	14	3	80b31a
100	anim18R	15	2	cc9966
100	anim18R	16	2	ad7a4a
100	anim18R	17	1	ff910b
100	anim18R	18	1	dcb87c
100	anim18R	19	2	dbb67a
100	anim18R	20	3	6e8c2b
100	anim18R	21	2	aaaa55
100	anim18R	22	2	ff8080
100	anim18R	23	2	bf8040
100	anim18R	24	2	bf8060
100	anim18R	25	2	ff0000
100	anim18R	26	2	9e754e
100	anim18R	27	2	d58055
100	anim18R	28	2	ffff00
100	anim18R	29	1	f8e9cb
100	anim18R	30	2	ffffff
100	anim18R	31	1	ae8255
100	anim1L	1	3	88b526
100	anim1L	2	3	ffff00
100	anim1L	3	3	99cc33
100	anim1L	4	3	aaaa00
100	anim1L	5	3	92b624
100	anim1L	6	3	8eaa1c
100	anim1L	7	3	80bf20
100	anim1L	8	3	80bf40
100	anim1L	9	3	808000
100	anim1L	10	3	80b31a
100	anim1L	11	1	ff910b
100	anim1L	12	1	dcb87c
100	anim1L	13	2	dbb67a
100	anim1L	14	2	c48a53
100	anim1L	15	2	cc9966
100	anim1L	16	2	bf8060
100	anim1L	17	2	bb834f
100	anim1L	18	2	ffff00
100	anim1L	19	2	d58055
100	anim1L	20	2	ad7a4a
100	anim1L	21	2	cc804d
100	anim1L	22	2	ff8080
100	anim1L	23	1	f8e9cb
100	anim1L	24	2	bf8040
100	anim1L	25	1	ae8255
100	anim1L	26	2	ffffff
100	anim1R	1	3	80bf20
100	anim1R	2	3	88b526
100	anim1R	3	3	92b624
100	anim1R	4	3	80b31a
100	anim1R	5	3	808000
100	anim1R	6	3	aaaa00
100	anim1R	7	3	ffff00
100	anim1R	8	3	8eaa1c
100	anim1R	9	3	99cc33
100	anim1R	10	3	80bf40
100	anim1R	11	1	ff910b
100	anim1R	12	1	dcb87c
100	anim1R	13	3	6e8c2b
100	anim1R	14	2	dbb67a
100	anim1R	15	2	c48a53
100	anim1R	16	2	cc9966
100	anim1R	17	2	d58055
100	anim1R	18	2	cc804d
100	anim1R	19	2	ffff00
100	anim1R	20	2	bf8060
100	anim1R	21	2	bb834f
100	anim1R	22	2	ff8080
100	anim1R	23	1	f8e9cb
100	anim1R	24	2	bf8040
100	anim1R	25	2	ffffff
100	anim1R	26	2	ad7a4a
100	anim2L	1	3	88b526
100	anim2L	2	3	ffff00
100	anim2L	3	3	99cc33
100	anim2L	4	3	aaaa00
100	anim2L	5	3	92b624
100	anim2L	6	3	8eaa1c
100	anim2L	7	3	80bf20
100	anim2L	8	3	80bf40
100	anim2L	9	3	808000
100	anim2L	10	3	80b31a
100	anim2L	11	1	ff910b
100	anim2L	12	1	dcb87c
100	anim2L	13	2	dbb67a
100	anim2L	14	2	c48a53
100	anim2L	15	2	cc9966
100	anim2L	16	2	bf8060
100	anim2L	17	2	bb834f
100	anim2L	18	2	ffff00
100	anim2L	19	2	d58055
100	anim2L	20	2	ad7a4a
100	anim2L	21	2	cc804d
100	anim2L	22	2	ff8080
100	anim2L	23	1	f8e9cb
100	anim2L	24	2	bf8040
100	anim2L	25	1	ae8255
100	anim2L	26	2	ffffff
100	anim2R	1	3	80bf20
100	anim2R	2	3	88b526
100	anim2R	3	3	92b624
100	anim2R	4	3	80b31a
100	anim2R	5	3	808000
100	anim2R	6	3	aaaa00
100	anim2R	7	3	ffff00
100	anim2R	8	3	8eaa1c
100	anim2R	9	3	99cc33
100	anim2R	10	3	80bf40
100	anim2R	11	1	ff910b
100	anim2R	12	1	dcb87c
100	anim2R	13	3	6e8c2b
100	anim2R	14	2	dbb67a
100	anim2R	15	2	c48a53
100	anim2R	16	2	cc9966
100	anim2R	17	2	d58055
100	anim2R	18	2	cc804d
100	anim2R	19	2	ffff00
100	anim2R	20	2	bf8060
100	anim2R	21	2	bb834f
100	anim2R	22	2	ff8080
100	anim2R	23	1	f8e9cb
100	anim2R	24	2	bf8040
100	anim2R	25	2	ffffff
100	anim2R	26	2	ad7a4a
100	anim3L	1	3	92b624
100	anim3L	2	3	88b526
100	anim3L	3	3	aaaa00
100	anim3L	4	3	808000
100	anim3L	5	3	80bf40
100	anim3L	6	3	ffff00
100	anim3L	7	3	80bf20
100	anim3L	8	3	6e8c2b
100	anim3L	9	3	99cc33
100	anim3L	10	1	ff910b
100	anim3L	11	3	80b31a
100	anim3L	12	1	dcb87c
100	anim3L	13	3	8eaa1c
100	anim3L	14	2	dbb67a
100	anim3L	15	2	c48a53
100	anim3L	16	2	cc9966
100	anim3L	17	2	9e754e
100	anim3L	18	2	ad7a4a
100	anim3L	19	2	bb834f
100	anim3L	20	2	996b41
100	anim3L	21	2	d58055
100	anim3L	22	2	bf8060
100	anim3L	23	2	bf8040
100	anim3L	24	1	f8e9cb
100	anim3L	25	2	ffff00
100	anim3L	26	2	ffffff
100	anim3L	27	2	cc804d
100	anim3L	28	2	ff8080
100	anim3L	29	1	ae8255
100	anim3R	1	3	88b526
100	anim3R	2	3	80bf40
100	anim3R	3	3	8eaa1c
100	anim3R	4	3	aaaa00
100	anim3R	5	3	99cc33
100	anim3R	6	3	92b624
100	anim3R	7	3	80bf20
100	anim3R	8	3	ffff00
100	anim3R	9	1	ff910b
100	anim3R	10	3	80b31a
100	anim3R	11	3	808000
100	anim3R	12	2	dbb67a
100	anim3R	13	1	dcb87c
100	anim3R	14	2	c48a53
100	anim3R	15	2	cc9966
100	anim3R	16	2	996b41
100	anim3R	17	2	bb834f
100	anim3R	18	3	6e8c2b
100	anim3R	19	2	ffff00
100	anim3R	20	2	ff8080
100	anim3R	21	1	f8e9cb
100	anim3R	22	2	bf8040
100	anim3R	23	2	ffffff
100	anim3R	24	2	bf8060
100	anim3R	25	2	d58055
100	anim3R	26	2	cc804d
100	anim3R	27	2	ad7a4a
100	anim3R	28	2	9e754e
100	dieL	1	3	88b526
100	dieL	2	3	99cc33
100	dieL	3	3	80bf20
100	dieL	4	3	8eaa1c
100	dieL	5	3	ffff00
100	dieL	6	3	80b31a
100	dieL	7	3	80bf40
100	dieL	8	3	aaaa00
100	dieL	9	3	92b624
100	dieL	10	1	dcb87c
100	dieL	11	1	ff910b
100	dieL	12	3	808000
100	dieL	13	2	dbb67a
100	dieL	14	2	c48a53
100	dieL	15	2	cc9966
100	dieL	16	3	6e8c2b
100	dieL	17	2	d58055
100	dieL	18	2	bb834f
100	dieL	19	2	bf8060
100	dieL	20	2	ffff00
100	dieL	21	2	ad7a4a
100	dieL	22	2	bf8040
100	dieL	23	2	cc804d
100	dieL	24	2	ff8080
100	dieL	25	2	ffffff
100	dieL	26	1	f8e9cb
100	dieL	27	2	9e754e
100	dieL	28	2	996b41
100	dieR	1	3	88b526
100	dieR	2	3	ffff00
100	dieR	3	3	80bf40
100	dieR	4	3	aaaa00
100	dieR	5	3	808000
100	dieR	6	3	99cc33
100	dieR	7	1	ff910b
100	dieR	8	1	dcb87c
100	dieR	9	3	80b31a
100	dieR	10	2	cc9966
100	dieR	11	2	c48a53
100	dieR	12	2	dbb67a
100	dieR	13	3	8eaa1c
100	dieR	14	2	ffff00
100	dieR	15	2	bb834f
100	dieR	16	3	55aa55
100	dieR	17	2	d58055
100	dieR	18	2	ff8080
100	dieR	19	2	bf8040
100	dieR	20	3	6e8c2b
100	dieR	21	2	bf8060
100	dieR	22	2	ad7a4a
100	dieR	23	2	996b41
100	dieR	24	2	9e754e
100	dieR	25	1	f8e9cb
100	dieR	26	1	ae8255
100	hitL	1	3	99cc33
100	hitL	2	3	88b526
100	hitL	3	3	80b31a
100	hitL	4	3	8eaa1c
100	hitL	5	1	ff910b
100	hitL	6	3	ffff00
100	hitL	7	3	aaaa00
100	hitL	8	2	dbb67a
100	hitL	9	2	c48a53
100	hitL	10	2	bb834f
100	hitL	11	2	bf8040
100	hitL	12	2	cc9966
100	hitL	13	1	dcb87c
100	hitL	14	2	bf8060
100	hitL	15	2	d58055
100	hitL	16	2	ffff00
100	hitL	17	1	ae8255
100	hitL	18	1	f8e9cb
100	hitR	1	3	88b526
100	hitR	2	3	99cc33
100	hitR	3	3	80b31a
100	hitR	4	3	ffff00
100	hitR	5	3	8eaa1c
100	hitR	6	1	ff910b
100	hitR	7	1	dcb87c
100	hitR	8	3	808000
100	hitR	9	2	c48a53
100	hitR	10	2	cc9966
100	hitR	11	3	aaaa00
100	hitR	12	2	dbb67a
100	hitR	13	2	ffff00
100	hitR	14	2	bf8040
100	hitR	15	2	d58055
100	hitR	16	2	ff8080
100	hitR	17	2	bb834f
100	hitR	18	2	bf8060
100	hitR	19	1	f8e9cb
100	hitR	20	2	9e754e
100	runB	1	3	99cc33
100	runB	2	3	8eaa1c
100	runB	3	3	88b526
100	runB	4	3	80b31a
100	runB	5	3	808000
100	runB	6	3	ffff00
100	runB	7	3	aaaa00
100	runB	8	3	6e8c2b
100	runB	9	3	55aa55
100	runB	10	1	ff910b
100	runB	11	1	dcb87c
100	runB	12	2	c48a53
100	runB	13	2	cc9966
100	runB	14	2	bb834f
100	runB	15	2	ff8080
100	runB	16	2	d58055
100	runB	17	2	ffff00
100	runB	18	2	bf8060
100	runB	19	2	ad7a4a
100	runB	20	2	9e754e
100	runB	21	2	996b41
100	runB	22	2	a37345
100	runB	23	2	bf8040
100	runB	24	1	f8e9cb
100	runF	1	3	808000
100	runF	2	3	aaaa00
100	runF	3	3	88b526
100	runF	4	3	99cc33
100	runF	5	3	ffff00
100	runF	6	3	80b31a
100	runF	7	3	8eaa1c
100	runF	8	3	6e8c2b
100	runF	9	1	ff910b
100	runF	10	3	55aa55
100	runF	11	1	dcb87c
100	runF	12	2	c48a53
100	runF	13	2	b7804d
100	runF	14	2	cc9966
100	runF	15	2	ffff00
100	runF	16	2	d58055
100	runF	17	2	bf8040
100	runF	18	2	bf8060
100	runF	19	2	ff8080
100	runF	20	2	ab7c50
100	runF	21	1	f8e9cb
100	runF	22	2	9e754e
100	runL	1	3	ffff00
100	runL	2	3	88b526
100	runL	3	3	aaaa00
100	runL	4	3	99cc33
100	runL	5	3	8eaa1c
100	runL	6	3	808000
100	runL	7	3	80b31a
100	runL	8	1	ff910b
100	runL	9	1	dcb87c
100	runL	10	2	c48a53
100	runL	11	2	cc9966
100	runL	12	2	9e754e
100	runL	13	2	ffff00
100	runL	14	2	b7804d
100	runL	15	2	bf8040
100	runL	16	2	996b41
100	runL	17	2	ab7c50
100	runL	18	1	f8e9cb
100	runL	19	1	ae8255
100	runL	20	2	a37345
100	runR	1	3	88b526
100	runR	2	3	99cc33
100	runR	3	3	aaaa00
100	runR	4	3	8eaa1c
100	runR	5	3	ffff00
100	runR	6	3	808000
100	runR	7	3	80b31a
100	runR	8	1	ff910b
100	runR	9	1	dcb87c
100	runR	10	2	b7804d
100	runR	11	2	c48a53
100	runR	12	2	cc9966
100	runR	13	2	ffff00
100	runR	14	2	ab7c50
100	runR	15	2	bf8040
100	runR	16	1	f8e9cb
100	runR	17	2	a37345
100	runR	18	2	9e754e
100	runS	1	3	99cc33
100	runS	2	3	88b526
100	runS	3	3	80b31a
100	runS	4	3	ffff00
100	runS	5	3	aaaa00
100	runS	6	3	808000
100	runS	7	3	8eaa1c
100	runS	8	1	ff910b
100	runS	9	2	c48a53
100	runS	10	1	dcb87c
100	runS	11	2	ffff00
100	runS	12	2	ab7c50
100	runS	13	2	bf8040
100	runS	14	2	b7804d
100	runS	15	3	6e8c2b
100	runS	16	2	9e754e
100	runS	17	1	f8e9cb
100	runS	18	2	a37345
100	staticB	1	3	88b526
100	staticB	2	3	6e8c2b
100	staticB	3	1	dcb87c
100	staticB	4	2	c48a53
100	staticB	5	2	996b41
100	staticB	6	2	b9824e
100	staticB	7	1	f8e9cb
100	staticF	1	3	88b526
100	staticF	2	1	dcb87c
100	staticF	3	2	996b41
100	staticF	4	2	c48a53
100	staticF	5	1	f8e9cb
100	staticL	1	3	88b526
100	staticL	2	3	6e8c2b
100	staticL	3	1	dcb87c
100	staticL	4	2	c48a53
100	staticL	5	1	f8e9cb
100	staticL	6	2	b9824e
100	staticR	1	3	88b526
100	staticR	2	1	dcb87c
100	staticR	3	2	c48a53
100	staticR	4	1	f8e9cb
100	staticR	5	2	b9824e
100	staticS	1	3	88b526
100	staticS	2	1	dcb87c
100	staticS	3	2	c48a53
100	staticS	4	1	f8e9cb
100	walkB	1	3	99cc33
100	walkB	2	3	88b526
100	walkB	3	3	8eaa1c
100	walkB	4	3	808000
100	walkB	5	3	ffff00
100	walkB	6	3	aaaa00
100	walkB	7	3	80b31a
100	walkB	8	3	6e8c2b
100	walkB	9	1	ff910b
100	walkB	10	1	dcb87c
100	walkB	11	2	996b41
100	walkB	12	2	c48a53
100	walkB	13	2	a37345
100	walkB	14	2	b7804d
100	walkB	15	2	ffff00
100	walkB	16	2	ab7c50
100	walkB	17	2	9e754e
100	walkB	18	2	bf8040
100	walkB	19	1	f8e9cb
100	walkB	20	1	ae8255
100	walkF	1	3	88b526
100	walkF	2	3	ffff00
100	walkF	3	3	80b31a
100	walkF	4	3	99cc33
100	walkF	5	3	808000
100	walkF	6	3	8eaa1c
100	walkF	7	3	aaaa00
100	walkF	8	1	dcb87c
100	walkF	9	1	ff910b
100	walkF	10	3	6e8c2b
100	walkF	11	2	c48a53
100	walkF	12	2	ffff00
100	walkF	13	2	a47345
100	walkF	14	2	b9824e
100	walkF	15	2	ad7a4a
100	walkF	16	2	996b41
100	walkF	17	1	f8e9cb
100	walkF	18	1	ae8255
100	walkL	1	3	ffff00
100	walkL	2	3	88b526
100	walkL	3	3	808000
100	walkL	4	3	aaaa00
100	walkL	5	3	80b31a
100	walkL	6	3	8eaa1c
100	walkL	7	3	99cc33
100	walkL	8	1	dcb87c
100	walkL	9	1	ff910b
100	walkL	10	2	c48a53
100	walkL	11	2	ffff00
100	walkL	12	2	b9824e
100	walkL	13	1	f8e9cb
100	walkL	14	2	996b41
100	walkL	15	1	ae8255
100	walkR	1	3	88b526
100	walkR	2	3	6e8c2b
100	walkR	3	1	dcb87c
100	walkR	4	1	ff910b
100	walkR	5	2	ffff00
100	walkR	6	2	c48a53
100	walkR	7	2	b9824e
100	walkR	8	1	f8e9cb
100	walkR	9	2	996b41
100	walkR	10	1	ae8255
100	walkS	1	3	88b526
100	walkS	2	3	6e8c2b
100	walkS	3	1	dcb87c
100	walkS	4	1	ff910b
100	walkS	5	2	c48a53
100	walkS	6	2	b9824e
100	walkS	7	2	996b41
100	walkS	8	1	f8e9cb
101	anim0L	1	1	a6b300
101	anim0L	2	1	a6bc03
101	anim0L	3	1	bfbf00
101	anim0L	4	1	808000
101	anim0L	5	1	aaaa00
101	anim0L	6	1	ffff00
101	anim0L	7	3	996633
101	anim0L	8	3	8e5740
101	anim0L	9	3	894e3b
101	anim0L	10	3	aa5555
101	anim0L	11	2	ffffbf
101	anim0L	12	2	ffffff
101	anim0L	13	2	fff5df
101	anim0L	14	2	ffffe8
101	anim0L	15	2	ffffdf
101	anim0L	16	2	ffebd8
101	anim0L	17	2	ffffcc
101	anim0L	18	3	806040
101	anim0L	19	3	804040
101	anim0L	20	3	808000
101	anim0L	21	2	ffffd5
101	anim0L	22	3	924949
101	anim0L	23	3	ff0000
101	anim0L	24	3	805555
101	anim0R	1	1	aaaa00
101	anim0R	2	1	a6bc03
101	anim0R	3	1	a6b300
101	anim0R	4	1	808000
101	anim0R	5	1	ffff00
101	anim0R	6	1	bfbf00
101	anim0R	7	3	996633
101	anim0R	8	3	8e5740
101	anim0R	9	3	808000
101	anim0R	10	3	aa5555
101	anim0R	11	3	806040
101	anim0R	12	3	ff0000
101	anim0R	13	2	ffffff
101	anim0R	14	2	fff5df
101	anim0R	15	2	ffffe8
101	anim0R	16	2	ffffdf
101	anim0R	17	3	924949
101	anim0R	18	3	894e3b
101	anim0R	19	2	ffffd5
101	anim0R	20	2	ffebd8
101	anim0R	21	2	ffffcc
101	anim0R	22	3	805555
101	anim0R	23	3	804040
101	anim0R	24	2	ffffbf
101	anim10L	1	3	8e5740
101	anim10L	2	3	ff0000
101	anim10L	3	3	aa5555
101	anim10L	4	3	804040
101	anim10L	5	3	996633
101	anim10L	6	3	924949
101	anim10L	7	3	808000
101	anim10L	8	1	aac600
101	anim10L	9	1	a6bc03
101	anim10L	10	3	894e3b
101	anim10L	11	1	bfbf00
101	anim10L	12	1	aaaa00
101	anim10L	13	1	a6b300
101	anim10L	14	1	b6b600
101	anim10L	15	1	808000
101	anim10L	16	2	fff5df
101	anim10L	17	2	ffffdf
101	anim10L	18	2	ffffe8
101	anim10L	19	2	ffffff
101	anim10L	20	1	99cc00
101	anim10L	21	1	ffff00
101	anim10L	22	2	ffffcc
101	anim10L	23	3	805555
101	anim10L	24	3	806040
101	anim10L	25	2	ffffd5
101	anim10L	26	2	ffebd8
101	anim10L	27	2	ffffbf
101	anim10R	1	3	805555
101	anim10R	2	3	8e5740
101	anim10R	3	3	804040
101	anim10R	4	1	99cc00
101	anim10R	5	1	ffff00
101	anim10R	6	1	a6bc03
101	anim10R	7	1	b6b600
101	anim10R	8	1	bfbf00
101	anim10R	9	1	808000
101	anim10R	10	1	a6b300
101	anim10R	11	1	aac600
101	anim10R	12	3	ff0000
101	anim10R	13	3	806040
101	anim10R	14	3	996633
101	anim10R	15	1	aaaa00
101	anim10R	16	3	aa5555
101	anim10R	17	3	894e3b
101	anim10R	18	2	ffffff
101	anim10R	19	2	ffffe8
101	anim10R	20	3	808000
101	anim10R	21	2	fff5df
101	anim10R	22	2	ffffd5
101	anim10R	23	2	ffffdf
101	anim10R	24	2	ffebd8
101	anim10R	25	2	ffffbf
101	anim10R	26	2	ffffcc
101	anim10R	27	3	924949
101	anim11L	1	1	aac600
101	anim11L	2	1	a6bc03
101	anim11L	3	1	bfbf00
101	anim11L	4	1	a6b300
101	anim11L	5	1	b6b600
101	anim11L	6	1	ffff00
101	anim11L	7	1	aaaa00
101	anim11L	8	1	99cc00
101	anim11L	9	1	808000
101	anim11L	10	3	8e5740
101	anim11L	11	3	996633
101	anim11L	12	3	ff0000
101	anim11L	13	3	808000
101	anim11L	14	3	aa5555
101	anim11L	15	3	924949
101	anim11L	16	2	ffffdf
101	anim11L	17	3	806040
101	anim11L	18	2	ffffff
101	anim11L	19	3	805555
101	anim11L	20	2	fff5df
101	anim11L	21	2	ffffe8
101	anim11L	22	3	894e3b
101	anim11L	23	2	ffffd5
101	anim11L	24	2	ffebd8
101	anim11L	25	2	ffffcc
101	anim11L	26	3	804040
101	anim11L	27	2	ffffbf
101	anim11R	1	1	a6b300
101	anim11R	2	1	a6bc03
101	anim11R	3	1	808000
101	anim11R	4	1	b6b600
101	anim11R	5	1	99cc00
101	anim11R	6	1	bfbf00
101	anim11R	7	1	ffff00
101	anim11R	8	1	aaaa00
101	anim11R	9	1	aac600
101	anim11R	10	3	8e5740
101	anim11R	11	3	aa5555
101	anim11R	12	3	996633
101	anim11R	13	2	ffffe8
101	anim11R	14	2	fff5df
101	anim11R	15	2	ffffff
101	anim11R	16	2	ffffdf
101	anim11R	17	3	805555
101	anim11R	18	3	924949
101	anim11R	19	3	806040
101	anim11R	20	3	804040
101	anim11R	21	3	894e3b
101	anim11R	22	3	808000
101	anim11R	23	2	ffffbf
101	anim11R	24	3	ff0000
101	anim11R	25	2	ffebd8
101	anim11R	26	2	ffffcc
101	anim11R	27	2	ffffd5
101	anim12L	1	1	aac600
101	anim12L	2	1	a6bc03
101	anim12L	3	1	bfbf00
101	anim12L	4	1	a6b300
101	anim12L	5	1	b6b600
101	anim12L	6	1	ffff00
101	anim12L	7	1	aaaa00
101	anim12L	8	1	99cc00
101	anim12L	9	1	808000
101	anim12L	10	3	8e5740
101	anim12L	11	3	996633
101	anim12L	12	3	ff0000
101	anim12L	13	3	808000
101	anim12L	14	3	aa5555
101	anim12L	15	3	924949
101	anim12L	16	2	ffffdf
101	anim12L	17	3	806040
101	anim12L	18	2	ffffff
101	anim12L	19	3	805555
101	anim12L	20	2	fff5df
101	anim12L	21	2	ffffe8
101	anim12L	22	3	894e3b
101	anim12L	23	2	ffffd5
101	anim12L	24	2	ffebd8
101	anim12L	25	2	ffffcc
101	anim12L	26	3	804040
101	anim12L	27	2	ffffbf
101	anim12R	1	1	a6b300
101	anim12R	2	1	a6bc03
101	anim12R	3	1	808000
101	anim12R	4	1	b6b600
101	anim12R	5	1	99cc00
101	anim12R	6	1	bfbf00
101	anim12R	7	1	ffff00
101	anim12R	8	1	aaaa00
101	anim12R	9	1	aac600
101	anim12R	10	3	8e5740
101	anim12R	11	3	aa5555
101	anim12R	12	3	996633
101	anim12R	13	2	ffffe8
101	anim12R	14	2	fff5df
101	anim12R	15	2	ffffff
101	anim12R	16	2	ffffdf
101	anim12R	17	3	805555
101	anim12R	18	3	924949
101	anim12R	19	3	806040
101	anim12R	20	3	804040
101	anim12R	21	3	894e3b
101	anim12R	22	3	808000
101	anim12R	23	2	ffffbf
101	anim12R	24	3	ff0000
101	anim12R	25	2	ffebd8
101	anim12R	26	2	ffffcc
101	anim12R	27	2	ffffd5
101	anim13L	1	1	aac600
101	anim13L	2	1	a6bc03
101	anim13L	3	1	bfbf00
101	anim13L	4	1	a6b300
101	anim13L	5	1	b6b600
101	anim13L	6	1	ffff00
101	anim13L	7	1	aaaa00
101	anim13L	8	1	99cc00
101	anim13L	9	1	808000
101	anim13L	10	3	8e5740
101	anim13L	11	3	996633
101	anim13L	12	3	ff0000
101	anim13L	13	3	894e3b
101	anim13L	14	3	808000
101	anim13L	15	3	aa5555
101	anim13L	16	3	924949
101	anim13L	17	2	ffffff
101	anim13L	18	2	ffffe8
101	anim13L	19	3	806040
101	anim13L	20	3	805555
101	anim13L	21	2	fff5df
101	anim13L	22	2	ffffdf
101	anim13L	23	2	ffffd5
101	anim13L	24	2	ffebd8
101	anim13L	25	3	804040
101	anim13L	26	2	ffffbf
101	anim13L	27	2	ffffcc
101	anim13R	1	1	a6b300
101	anim13R	2	1	a6bc03
101	anim13R	3	1	808000
101	anim13R	4	1	b6b600
101	anim13R	5	1	99cc00
101	anim13R	6	1	bfbf00
101	anim13R	7	1	ffff00
101	anim13R	8	1	aaaa00
101	anim13R	9	1	aac600
101	anim13R	10	3	8e5740
101	anim13R	11	3	aa5555
101	anim13R	12	3	996633
101	anim13R	13	2	ffffe8
101	anim13R	14	2	fff5df
101	anim13R	15	2	ffffff
101	anim13R	16	3	804040
101	anim13R	17	3	805555
101	anim13R	18	3	924949
101	anim13R	19	3	806040
101	anim13R	20	2	ffffdf
101	anim13R	21	2	ffebd8
101	anim13R	22	3	808000
101	anim13R	23	3	894e3b
101	anim13R	24	3	ff0000
101	anim13R	25	2	ffffcc
101	anim13R	26	2	ffffbf
101	anim13R	27	2	ffffd5
101	anim14L	1	1	aac600
101	anim14L	2	1	a6bc03
101	anim14L	3	1	bfbf00
101	anim14L	4	1	a6b300
101	anim14L	5	1	b6b600
101	anim14L	6	1	ffff00
101	anim14L	7	1	aaaa00
101	anim14L	8	1	99cc00
101	anim14L	9	1	808000
101	anim14L	10	3	8e5740
101	anim14L	11	3	996633
101	anim14L	12	3	ff0000
101	anim14L	13	3	894e3b
101	anim14L	14	3	808000
101	anim14L	15	3	aa5555
101	anim14L	16	3	924949
101	anim14L	17	2	ffffff
101	anim14L	18	2	ffffe8
101	anim14L	19	3	806040
101	anim14L	20	3	805555
101	anim14L	21	2	fff5df
101	anim14L	22	2	ffffdf
101	anim14L	23	2	ffffd5
101	anim14L	24	2	ffebd8
101	anim14L	25	3	804040
101	anim14L	26	2	ffffbf
101	anim14L	27	2	ffffcc
101	anim14R	1	1	a6b300
101	anim14R	2	1	a6bc03
101	anim14R	3	1	808000
101	anim14R	4	1	b6b600
101	anim14R	5	1	99cc00
101	anim14R	6	1	bfbf00
101	anim14R	7	1	ffff00
101	anim14R	8	1	aaaa00
101	anim14R	9	1	aac600
101	anim14R	10	3	8e5740
101	anim14R	11	3	aa5555
101	anim14R	12	3	996633
101	anim14R	13	2	ffffe8
101	anim14R	14	2	fff5df
101	anim14R	15	2	ffffff
101	anim14R	16	3	804040
101	anim14R	17	3	805555
101	anim14R	18	3	924949
101	anim14R	19	3	806040
101	anim14R	20	2	ffffdf
101	anim14R	21	2	ffebd8
101	anim14R	22	3	808000
101	anim14R	23	3	894e3b
101	anim14R	24	3	ff0000
101	anim14R	25	2	ffffcc
101	anim14R	26	2	ffffbf
101	anim14R	27	2	ffffd5
101	anim15L	1	1	aac600
101	anim15L	2	1	a6bc03
101	anim15L	3	1	bfbf00
101	anim15L	4	1	a6b300
101	anim15L	5	1	b6b600
101	anim15L	6	1	ffff00
101	anim15L	7	1	aaaa00
101	anim15L	8	1	99cc00
101	anim15L	9	1	808000
101	anim15L	10	3	8e5740
101	anim15L	11	3	996633
101	anim15L	12	3	ff0000
101	anim15L	13	3	808000
101	anim15L	14	3	aa5555
101	anim15L	15	3	924949
101	anim15L	16	2	ffffdf
101	anim15L	17	3	806040
101	anim15L	18	2	ffffff
101	anim15L	19	3	805555
101	anim15L	20	2	fff5df
101	anim15L	21	2	ffffe8
101	anim15L	22	3	894e3b
101	anim15L	23	2	ffffbf
101	anim15L	24	2	ffffd5
101	anim15L	25	2	ffebd8
101	anim15L	26	2	ffffcc
101	anim15L	27	3	804040
101	anim15R	1	1	a6b300
101	anim15R	2	1	a6bc03
101	anim15R	3	1	808000
101	anim15R	4	1	b6b600
101	anim15R	5	1	99cc00
101	anim15R	6	1	bfbf00
101	anim15R	7	1	ffff00
101	anim15R	8	1	aaaa00
101	anim15R	9	1	aac600
101	anim15R	10	3	8e5740
101	anim15R	11	3	aa5555
101	anim15R	12	3	996633
101	anim15R	13	2	ffffe8
101	anim15R	14	2	fff5df
101	anim15R	15	2	ffffff
101	anim15R	16	3	804040
101	anim15R	17	3	805555
101	anim15R	18	3	924949
101	anim15R	19	3	806040
101	anim15R	20	2	ffffdf
101	anim15R	21	2	ffebd8
101	anim15R	22	3	894e3b
101	anim15R	23	3	808000
101	anim15R	24	3	ff0000
101	anim15R	25	2	ffffbf
101	anim15R	26	2	ffffcc
101	anim15R	27	2	ffffd5
101	anim16L	1	1	aac600
101	anim16L	2	1	a6bc03
101	anim16L	3	1	bfbf00
101	anim16L	4	1	a6b300
101	anim16L	5	1	b6b600
101	anim16L	6	1	ffff00
101	anim16L	7	1	aaaa00
101	anim16L	8	1	99cc00
101	anim16L	9	1	808000
101	anim16L	10	3	8e5740
101	anim16L	11	3	996633
101	anim16L	12	3	ff0000
101	anim16L	13	3	894e3b
101	anim16L	14	3	808000
101	anim16L	15	3	aa5555
101	anim16L	16	3	924949
101	anim16L	17	2	ffffff
101	anim16L	18	2	ffffe8
101	anim16L	19	3	806040
101	anim16L	20	3	805555
101	anim16L	21	2	fff5df
101	anim16L	22	2	ffffdf
101	anim16L	23	2	ffffd5
101	anim16L	24	2	ffebd8
101	anim16L	25	3	804040
101	anim16L	26	2	ffffbf
101	anim16L	27	2	ffffcc
101	anim16R	1	1	a6b300
101	anim16R	2	1	a6bc03
101	anim16R	3	1	808000
101	anim16R	4	1	b6b600
101	anim16R	5	1	99cc00
101	anim16R	6	1	bfbf00
101	anim16R	7	1	ffff00
101	anim16R	8	1	aaaa00
101	anim16R	9	1	aac600
101	anim16R	10	3	8e5740
101	anim16R	11	3	aa5555
101	anim16R	12	3	996633
101	anim16R	13	2	ffffe8
101	anim16R	14	2	fff5df
101	anim16R	15	2	ffffff
101	anim16R	16	3	804040
101	anim16R	17	3	805555
101	anim16R	18	3	924949
101	anim16R	19	3	806040
101	anim16R	20	2	ffffdf
101	anim16R	21	2	ffebd8
101	anim16R	22	3	808000
101	anim16R	23	3	894e3b
101	anim16R	24	3	ff0000
101	anim16R	25	2	ffffcc
101	anim16R	26	2	ffffbf
101	anim16R	27	2	ffffd5
101	anim17L	1	1	b6b600
101	anim17L	2	1	a6bc03
101	anim17L	3	1	a6b300
101	anim17L	4	1	ffff00
101	anim17L	5	1	aac600
101	anim17L	6	1	aaaa00
101	anim17L	7	1	bfbf00
101	anim17L	8	1	99cc00
101	anim17L	9	1	808000
101	anim17L	10	3	aa5555
101	anim17L	11	3	8e5740
101	anim17L	12	3	806040
101	anim17L	13	3	996633
101	anim17L	14	2	ffffff
101	anim17L	15	2	fff5df
101	anim17L	16	3	805555
101	anim17L	17	2	ffffcc
101	anim17L	18	3	894e3b
101	anim17L	19	3	808000
101	anim17L	20	2	ffffe8
101	anim17L	21	3	804040
101	anim17L	22	2	ffffdf
101	anim17L	23	3	924949
101	anim17L	24	3	ff0000
101	anim17L	25	2	ffebd8
101	anim17L	26	2	ffffbf
101	anim17L	27	2	ffffd5
101	anim17R	1	1	aac600
101	anim17R	2	1	99cc00
101	anim17R	3	1	a6bc03
101	anim17R	4	1	b6b600
101	anim17R	5	1	ffff00
101	anim17R	6	1	bfbf00
101	anim17R	7	1	aaaa00
101	anim17R	8	1	808000
101	anim17R	9	1	a6b300
101	anim17R	10	3	8e5740
101	anim17R	11	3	806040
101	anim17R	12	3	aa5555
101	anim17R	13	3	894e3b
101	anim17R	14	2	ffffe8
101	anim17R	15	3	996633
101	anim17R	16	2	fff5df
101	anim17R	17	2	ffffdf
101	anim17R	18	2	ffffff
101	anim17R	19	3	924949
101	anim17R	20	3	805555
101	anim17R	21	3	804040
101	anim17R	22	3	ff0000
101	anim17R	23	3	808000
101	anim17R	24	2	ffffd5
101	anim17R	25	2	ffebd8
101	anim17R	26	2	ffffbf
101	anim17R	27	2	ffffcc
101	anim18L	1	3	806040
101	anim18L	2	3	8e5740
101	anim18L	3	3	924949
101	anim18L	4	1	a6bc03
101	anim18L	5	1	ffff00
101	anim18L	6	1	bfbf00
101	anim18L	7	1	b6b600
101	anim18L	8	1	a6b300
101	anim18L	9	1	808000
101	anim18L	10	1	aaaa00
101	anim18L	11	3	ff0000
101	anim18L	12	3	996633
101	anim18L	13	1	aac600
101	anim18L	14	1	99cc00
101	anim18L	15	3	894e3b
101	anim18L	16	2	ffffe6
101	anim18L	17	2	fff5df
101	anim18L	18	3	805555
101	anim18L	19	3	aa5555
101	anim18L	20	2	ffffff
101	anim18L	21	2	ffffd5
101	anim18L	22	2	ffebd8
101	anim18L	23	3	804040
101	anim18L	24	2	ffffbf
101	anim18L	25	2	ffffcc
101	anim18L	26	3	808000
101	anim18R	1	1	a6b300
101	anim18R	2	1	aac600
101	anim18R	3	1	808000
101	anim18R	4	1	a6bc03
101	anim18R	5	1	ffff00
101	anim18R	6	1	bfbf00
101	anim18R	7	1	b6b600
101	anim18R	8	1	99cc00
101	anim18R	9	1	aaaa00
101	anim18R	10	3	aa5555
101	anim18R	11	3	8e5740
101	anim18R	12	3	806040
101	anim18R	13	2	ffffe6
101	anim18R	14	2	fff5df
101	anim18R	15	3	808000
101	anim18R	16	2	ffffd5
101	anim18R	17	2	ffffff
101	anim18R	18	3	996633
101	anim18R	19	3	894e3b
101	anim18R	20	3	804040
101	anim18R	21	2	ffebd8
101	anim18R	22	3	805555
101	anim18R	23	2	ffffbf
101	anim18R	24	3	ff0000
101	anim18R	25	3	924949
101	anim18R	26	2	ffffcc
101	anim1L	1	1	bfbf00
101	anim1L	2	1	a6b300
101	anim1L	3	1	a6bc03
101	anim1L	4	1	ffff00
101	anim1L	5	1	aac600
101	anim1L	6	1	aaaa00
101	anim1L	7	1	808000
101	anim1L	8	3	8e5740
101	anim1L	9	3	996633
101	anim1L	10	3	924949
101	anim1L	11	3	805555
101	anim1L	12	3	894e3b
101	anim1L	13	3	806040
101	anim1L	14	2	ffebd8
101	anim1L	15	2	fff5df
101	anim1L	16	3	aa5555
101	anim1L	17	3	804040
101	anim1L	18	2	ffffe8
101	anim1L	19	2	ffffff
101	anim1L	20	3	808000
101	anim1L	21	2	ffffdf
101	anim1L	22	2	ffffd5
101	anim1L	23	3	ff0000
101	anim1L	24	2	ffffcc
101	anim1L	25	2	ffffbf
101	anim1R	1	1	a6bc03
101	anim1R	2	1	a6b300
101	anim1R	3	1	aaaa00
101	anim1R	4	1	bfbf00
101	anim1R	5	1	808000
101	anim1R	6	1	ffff00
101	anim1R	7	3	996633
101	anim1R	8	3	8e5740
101	anim1R	9	3	ff0000
101	anim1R	10	3	924949
101	anim1R	11	3	808000
101	anim1R	12	3	806040
101	anim1R	13	3	aa5555
101	anim1R	14	3	894e3b
101	anim1R	15	2	ffffff
101	anim1R	16	2	ffffe8
101	anim1R	17	2	fff5df
101	anim1R	18	2	ffffdf
101	anim1R	19	3	805555
101	anim1R	20	2	ffebd8
101	anim1R	21	2	ffffd5
101	anim1R	22	2	ffffcc
101	anim1R	23	2	ffffbf
101	anim1R	24	3	804040
101	anim2L	1	1	bfbf00
101	anim2L	2	1	a6b300
101	anim2L	3	1	a6bc03
101	anim2L	4	1	ffff00
101	anim2L	5	1	aac600
101	anim2L	6	1	aaaa00
101	anim2L	7	1	808000
101	anim2L	8	1	99cc00
101	anim2L	9	3	8e5740
101	anim2L	10	3	996633
101	anim2L	11	3	924949
101	anim2L	12	3	805555
101	anim2L	13	3	894e3b
101	anim2L	14	3	806040
101	anim2L	15	2	ffebd8
101	anim2L	16	2	fff5df
101	anim2L	17	3	aa5555
101	anim2L	18	3	804040
101	anim2L	19	2	ffffe8
101	anim2L	20	2	ffffff
101	anim2L	21	3	808000
101	anim2L	22	2	ffffdf
101	anim2L	23	2	ffffd5
101	anim2L	24	3	ff0000
101	anim2L	25	2	ffffcc
101	anim2L	26	2	ffffbf
101	anim2R	1	1	a6bc03
101	anim2R	2	1	a6b300
101	anim2R	3	1	aac600
101	anim2R	4	1	aaaa00
101	anim2R	5	1	bfbf00
101	anim2R	6	1	808000
101	anim2R	7	1	ffff00
101	anim2R	8	3	996633
101	anim2R	9	3	8e5740
101	anim2R	10	3	ff0000
101	anim2R	11	3	924949
101	anim2R	12	3	808000
101	anim2R	13	3	806040
101	anim2R	14	3	aa5555
101	anim2R	15	3	894e3b
101	anim2R	16	2	ffffff
101	anim2R	17	2	ffffe8
101	anim2R	18	2	fff5df
101	anim2R	19	2	ffffdf
101	anim2R	20	3	805555
101	anim2R	21	2	ffebd8
101	anim2R	22	2	ffffd5
101	anim2R	23	2	ffffcc
101	anim2R	24	2	ffffbf
101	anim2R	25	3	804040
101	anim3L	1	1	a6bc03
101	anim3L	2	1	ffff00
101	anim3L	3	1	aac600
101	anim3L	4	1	808000
101	anim3L	5	1	bfbf00
101	anim3L	6	1	a6b300
101	anim3L	7	1	aaaa00
101	anim3L	8	3	996633
101	anim3L	9	3	8e5740
101	anim3L	10	3	804040
101	anim3L	11	3	806040
101	anim3L	12	1	99cc00
101	anim3L	13	2	ffffdf
101	anim3L	14	2	ffffff
101	anim3L	15	3	aa5555
101	anim3L	16	3	808000
101	anim3L	17	3	924949
101	anim3L	18	2	ffffe8
101	anim3L	19	2	fff5df
101	anim3L	20	2	ffebd8
101	anim3L	21	3	ff0000
101	anim3L	22	2	ffffd5
101	anim3L	23	3	805555
101	anim3L	24	2	ffffbf
101	anim3L	25	3	894e3b
101	anim3L	26	2	ffffcc
101	anim3R	1	1	bfbf00
101	anim3R	2	1	a6bc03
101	anim3R	3	1	aaaa00
101	anim3R	4	1	a6b300
101	anim3R	5	1	808000
101	anim3R	6	1	ffff00
101	anim3R	7	1	aac600
101	anim3R	8	1	99cc00
101	anim3R	9	3	996633
101	anim3R	10	3	8e5740
101	anim3R	11	3	808000
101	anim3R	12	2	ffffff
101	anim3R	13	3	aa5555
101	anim3R	14	2	ffffe8
101	anim3R	15	3	ff0000
101	anim3R	16	3	806040
101	anim3R	17	2	fff5df
101	anim3R	18	2	ffffdf
101	anim3R	19	2	ffffcc
101	anim3R	20	2	ffffd5
101	anim3R	21	2	ffebd8
101	anim3R	22	3	805555
101	anim3R	23	3	894e3b
101	anim3R	24	2	ffffbf
101	anim3R	25	3	924949
101	anim3R	26	3	804040
101	dieL	1	1	a6bc03
101	dieL	2	1	a6b300
101	dieL	3	1	bfbf00
101	dieL	4	1	aaaa00
101	dieL	5	1	ffff00
101	dieL	6	3	8e5740
101	dieL	7	3	996633
101	dieL	8	3	894e3b
101	dieL	9	1	808000
101	dieL	10	2	fff5df
101	dieL	11	3	aa5555
101	dieL	12	3	806040
101	dieL	13	3	805555
101	dieL	14	2	ffffff
101	dieL	15	2	ffffe8
101	dieL	16	2	ffffdf
101	dieL	17	3	ff0000
101	dieL	18	2	ffffbf
101	dieL	19	2	ffffcc
101	dieL	20	3	804040
101	dieL	21	2	ffffd5
101	dieL	22	2	ffebd8
101	dieL	23	3	808000
101	dieL	24	3	924949
101	dieR	1	1	a6b300
101	dieR	2	1	a6bc03
101	dieR	3	1	ffff00
101	dieR	4	1	bfbf00
101	dieR	5	1	808000
101	dieR	6	3	996633
101	dieR	7	3	8e5740
101	dieR	8	3	806040
101	dieR	9	3	894e3b
101	dieR	10	3	aa5555
101	dieR	11	3	805555
101	dieR	12	2	fff5df
101	dieR	13	2	ffffe8
101	dieR	14	3	ff0000
101	dieR	15	2	ffffff
101	dieR	16	3	924949
101	dieR	17	3	808000
101	dieR	18	2	ffffdf
101	dieR	19	3	804040
101	dieR	20	2	ffffbf
101	dieR	21	2	ffffd5
101	dieR	22	2	ffebd8
101	dieR	23	2	ffffcc
101	hitL	1	1	a6bc03
101	hitL	2	1	bfbf00
101	hitL	3	1	ffff00
101	hitL	4	3	996633
101	hitL	5	3	8e5740
101	hitL	6	3	924949
101	hitL	7	3	806040
101	hitL	8	2	ffffe8
101	hitL	9	2	ffffff
101	hitL	10	3	aa5555
101	hitL	11	3	894e3b
101	hitL	12	2	fff5df
101	hitL	13	2	ffebd8
101	hitL	14	2	ffffdf
101	hitL	15	2	ffffbf
101	hitL	16	1	808000
101	hitL	17	3	805555
101	hitL	18	3	804040
101	hitL	19	3	ff0000
101	hitR	1	1	a6bc03
101	hitR	2	1	bfbf00
101	hitR	3	1	808000
101	hitR	4	3	996633
101	hitR	5	1	ffff00
101	hitR	6	3	8e5740
101	hitR	7	3	894e3b
101	hitR	8	3	806040
101	hitR	9	2	ffffff
101	hitR	10	3	aa5555
101	hitR	11	2	ffffe8
101	hitR	12	2	fff5df
101	hitR	13	2	ffffdf
101	hitR	14	2	ffebd8
101	hitR	15	3	924949
101	hitR	16	3	805555
101	hitR	17	2	ffffd5
101	hitR	18	2	ffffcc
101	runB	1	1	a6bc03
101	runB	2	1	808000
101	runB	3	3	804040
101	runB	4	3	8e5740
101	runB	5	1	bfbf00
101	runB	6	1	ffff00
101	runB	7	3	996633
101	runB	8	3	ff0000
101	runB	9	3	805555
101	runB	10	2	ffffff
101	runB	11	3	806040
101	runB	12	2	ffffe8
101	runB	13	2	ffffdf
101	runB	14	3	aa5555
101	runB	15	2	fff5df
101	runB	16	3	894e3b
101	runB	17	3	808000
101	runB	18	2	ffffd5
101	runB	19	3	924949
101	runB	20	2	ffebd8
101	runB	21	2	ffffbf
101	runB	22	2	ffffcc
101	runF	1	1	808000
101	runF	2	1	a6bc03
101	runF	3	1	bfbf00
101	runF	4	1	ffff00
101	runF	5	3	8e5740
101	runF	6	3	aa5555
101	runF	7	2	fff5df
101	runF	8	2	ffffff
101	runF	9	3	996633
101	runF	10	2	ffffdf
101	runF	11	3	808000
101	runF	12	3	ff0000
101	runF	13	3	804040
101	runF	14	2	ffebd8
101	runF	15	2	ffffd5
101	runF	16	3	805555
101	runF	17	2	ffffcc
101	runF	18	2	ffffbf
101	runL	1	1	a6bc03
101	runL	2	1	ffff00
101	runL	3	3	996633
101	runL	4	3	8e5740
101	runL	5	3	aa5555
101	runL	6	2	ffffff
101	runL	7	3	804040
101	runL	8	2	fff5df
101	runL	9	2	ffffe6
101	runL	10	2	ffebd8
101	runL	11	3	808000
101	runL	12	2	ffffcc
101	runL	13	2	ffffd5
101	runL	14	3	ff0000
101	runL	15	3	805555
101	runL	16	2	ffffbf
101	runR	1	1	a6bc03
101	runR	2	1	ffff00
101	runR	3	2	ffffe6
101	runR	4	3	aa5555
101	runR	5	3	8e5740
101	runR	6	2	ffffff
101	runR	7	2	fff5df
101	runR	8	3	805555
101	runR	9	2	ffffbf
101	runR	10	2	ffffd5
101	runR	11	3	804040
101	runR	12	3	808000
101	runR	13	2	ffffcc
101	runR	14	3	ff0000
101	runR	15	2	ffebd8
101	runS	1	1	a6bc03
101	runS	2	1	ffff00
101	runS	3	2	ffffff
101	runS	4	2	ffffe6
101	runS	5	2	fff5df
101	runS	6	3	8e5740
101	runS	7	2	ffffd5
101	runS	8	3	ff0000
101	runS	9	3	804040
101	runS	10	2	ffffcc
101	runS	11	2	ffffbf
101	staticB	1	1	a6bc03
101	staticB	2	3	8e5740
101	staticB	3	2	fff5df
101	staticF	1	1	a6bc03
101	staticF	2	3	8e5740
101	staticF	3	2	fff5df
101	staticL	1	1	a6bc03
101	staticL	2	3	8e5740
101	staticL	3	2	fff5df
101	staticR	1	1	a6bc03
101	staticR	2	3	8e5740
101	staticR	3	2	fff5df
101	staticS	1	1	a6bc03
101	staticS	2	3	8e5740
101	staticS	3	2	fff5df
101	walkB	1	1	a6bc03
101	walkB	2	1	ffff00
101	walkB	3	3	8e5740
101	walkB	4	2	ffffd5
101	walkB	5	2	fff5df
101	walkB	6	3	804040
101	walkB	7	2	ffffe6
101	walkB	8	2	ffffff
101	walkB	9	3	ff0000
101	walkB	10	2	ffffcc
101	walkB	11	2	ffffbf
101	walkF	1	1	ffff00
101	walkF	2	1	a6bc03
101	walkF	3	3	8e5740
101	walkF	4	3	804040
101	walkF	5	2	ffffff
101	walkF	6	2	ffffe6
101	walkF	7	2	fff5df
101	walkF	8	2	ffffd5
101	walkF	9	2	ffffcc
101	walkF	10	2	ffffbf
101	walkF	11	3	ff0000
101	walkL	1	1	ffff00
101	walkL	2	1	a6bc03
101	walkL	3	3	8e5740
101	walkL	4	2	fff5df
101	walkL	5	3	804040
101	walkL	6	3	ff0000
101	walkL	7	2	ffffbf
101	walkR	1	1	a6bc03
101	walkR	2	3	8e5740
101	walkR	3	2	fff5df
101	walkR	4	3	804040
101	walkS	1	1	a6bc03
101	walkS	2	3	8e5740
101	walkS	3	2	fff5df
101	walkS	4	3	804040
110	anim0L	1	1	ffff00
110	anim0L	2	1	9e9354
110	anim0L	3	1	808040
110	anim0L	4	1	959555
110	anim0L	5	1	929249
110	anim0L	6	1	aa8055
110	anim0L	7	1	9d894e
110	anim0L	8	1	aaaa55
110	anim0L	9	1	a28b5d
110	anim0L	10	1	999966
110	anim0L	11	2	ff9e00
110	anim0L	12	2	ffaa00
110	anim0L	13	2	ffff00
110	anim0L	14	3	ffdb92
110	anim0L	15	3	ffdf9f
110	anim0L	16	3	ffff80
110	anim0L	17	3	ffffff
110	anim0L	18	3	ffce8c
110	anim0L	19	2	ff8000
110	anim0L	20	3	ffc489
110	anim0L	21	3	ffbf80
110	anim0L	22	3	febf74
110	anim0L	23	3	ffcc80
110	anim0L	24	3	ffd580
110	anim0L	25	3	ffcc99
110	anim0L	26	3	ffaaaa
110	anim0L	27	1	808080
110	anim0L	28	3	ffb66d
110	anim0R	1	1	9e9354
110	anim0R	2	1	ffff00
110	anim0R	3	1	a28b5d
110	anim0R	4	1	999966
110	anim0R	5	1	808040
110	anim0R	6	1	959555
110	anim0R	7	2	ffaa00
110	anim0R	8	2	ffff00
110	anim0R	9	1	aaaa55
110	anim0R	10	1	808080
110	anim0R	11	2	ff9e00
110	anim0R	12	1	929249
110	anim0R	13	2	ff8000
110	anim0R	14	1	9d894e
110	anim0R	15	3	ffffff
110	anim0R	16	3	ffdf9f
110	anim0R	17	3	ffdb92
110	anim0R	18	3	ffce8c
110	anim0R	19	3	ffff80
110	anim0R	20	3	ffcc99
110	anim0R	21	3	ffc489
110	anim0R	22	3	febf74
110	anim0R	23	3	ffcc80
110	anim0R	24	3	ffd580
110	anim0R	25	3	ffbf80
110	anim0R	26	3	ffaaaa
110	anim0R	27	3	ffb66d
110	anim0R	28	1	aa8055
110	anim10L	1	1	aaaa55
110	anim10L	2	1	9e9354
110	anim10L	3	1	ffff00
110	anim10L	4	1	999966
110	anim10L	5	1	a28b5d
110	anim10L	6	3	febf74
110	anim10L	7	3	ffce8c
110	anim10L	8	3	ffcc80
110	anim10L	9	3	ffd580
110	anim10L	10	3	ffdb92
110	anim10L	11	1	9d894e
110	anim10L	12	3	ffaa80
110	anim10L	13	1	aa8055
110	anim10L	14	2	ff9e00
110	anim10L	15	1	959555
110	anim10L	16	1	808080
110	anim10L	17	3	ffc489
110	anim10L	18	2	ffaa00
110	anim10L	19	2	ffff00
110	anim10L	20	1	929249
110	anim10L	21	3	ffff80
110	anim10L	22	3	ffbf80
110	anim10L	23	3	ffdf9f
110	anim10L	24	2	ff8000
110	anim10L	25	3	ffaaaa
110	anim10L	26	3	ffffff
110	anim10L	27	3	ffcc99
110	anim10L	28	1	808040
110	anim10R	1	1	aa8055
110	anim10R	2	1	a28b5d
110	anim10R	3	1	9d894e
110	anim10R	4	1	ffff00
110	anim10R	5	1	9e9354
110	anim10R	6	1	808080
110	anim10R	7	1	959555
110	anim10R	8	1	999966
110	anim10R	9	1	aaaa55
110	anim10R	10	1	929249
110	anim10R	11	3	febf74
110	anim10R	12	1	808040
110	anim10R	13	3	ffc489
110	anim10R	14	3	ffd580
110	anim10R	15	2	ffff00
110	anim10R	16	2	ffaa00
110	anim10R	17	3	ffcc99
110	anim10R	18	3	ffce8c
110	anim10R	19	3	ffdf9f
110	anim10R	20	2	ff9e00
110	anim10R	21	3	ffff80
110	anim10R	22	3	ffdb92
110	anim10R	23	3	ffbf80
110	anim10R	24	3	ffaaaa
110	anim10R	25	3	ffcc80
110	anim10R	26	2	ff8000
110	anim10R	27	3	ffffff
110	anim10R	28	3	ffaa55
110	anim11L	1	1	aaaa55
110	anim11L	2	1	9e9354
110	anim11L	3	1	808080
110	anim11L	4	1	959555
110	anim11L	5	1	a28b5d
110	anim11L	6	1	999966
110	anim11L	7	2	ff9e00
110	anim11L	8	1	9d894e
110	anim11L	9	1	929249
110	anim11L	10	2	ffff00
110	anim11L	11	1	808040
110	anim11L	12	1	ffff00
110	anim11L	13	3	ffdb92
110	anim11L	14	3	ffdf9f
110	anim11L	15	2	ff8000
110	anim11L	16	2	ffaa00
110	anim11L	17	3	ffce8c
110	anim11L	18	3	ffff80
110	anim11L	19	3	ff8080
110	anim11L	20	3	ffffff
110	anim11L	21	3	ffbf80
110	anim11L	22	3	febf74
110	anim11L	23	3	ffd580
110	anim11L	24	3	ffcc80
110	anim11L	25	3	ffc489
110	anim11L	26	3	ffcc99
110	anim11L	27	1	aa8055
110	anim11L	28	3	ffaaaa
110	anim11L	29	3	ffb66d
110	anim11L	30	3	ffaa80
110	anim11L	31	3	ffaa55
110	anim11R	1	1	aaaa55
110	anim11R	2	1	9e9354
110	anim11R	3	1	999966
110	anim11R	4	1	9d894e
110	anim11R	5	1	959555
110	anim11R	6	1	ffff00
110	anim11R	7	1	a28b5d
110	anim11R	8	1	808080
110	anim11R	9	2	ffaa00
110	anim11R	10	2	ffff00
110	anim11R	11	2	ff9e00
110	anim11R	12	1	808040
110	anim11R	13	3	ffdf9f
110	anim11R	14	3	ffce8c
110	anim11R	15	3	ffffff
110	anim11R	16	3	ffdb92
110	anim11R	17	3	ffff80
110	anim11R	18	3	ffcc99
110	anim11R	19	3	ffcc80
110	anim11R	20	3	febf74
110	anim11R	21	3	ffd580
110	anim11R	22	2	ff8000
110	anim11R	23	3	ffc489
110	anim11R	24	3	ffbf80
110	anim11R	25	3	ffaaaa
110	anim11R	26	1	929249
110	anim11R	27	3	ffb66d
110	anim11R	28	1	aa8055
110	anim11R	29	3	ffaa80
110	anim12L	1	1	aaaa55
110	anim12L	2	1	9e9354
110	anim12L	3	1	808080
110	anim12L	4	1	959555
110	anim12L	5	1	a28b5d
110	anim12L	6	1	999966
110	anim12L	7	2	ff9e00
110	anim12L	8	1	9d894e
110	anim12L	9	1	929249
110	anim12L	10	2	ffff00
110	anim12L	11	1	808040
110	anim12L	12	1	ffff00
110	anim12L	13	3	ffdb92
110	anim12L	14	3	ffdf9f
110	anim12L	15	2	ff8000
110	anim12L	16	2	ffaa00
110	anim12L	17	3	ffce8c
110	anim12L	18	3	ffff80
110	anim12L	19	3	ff8080
110	anim12L	20	3	ffffff
110	anim12L	21	3	ffbf80
110	anim12L	22	3	febf74
110	anim12L	23	3	ffd580
110	anim12L	24	3	ffcc80
110	anim12L	25	3	ffc489
110	anim12L	26	3	ffcc99
110	anim12L	27	1	aa8055
110	anim12L	28	3	ffaaaa
110	anim12L	29	3	ffb66d
110	anim12L	30	3	ffaa80
110	anim12L	31	3	ffaa55
110	anim12R	1	1	aaaa55
110	anim12R	2	1	9e9354
110	anim12R	3	1	999966
110	anim12R	4	1	9d894e
110	anim12R	5	1	959555
110	anim12R	6	1	ffff00
110	anim12R	7	1	a28b5d
110	anim12R	8	1	808080
110	anim12R	9	2	ffaa00
110	anim12R	10	2	ffff00
110	anim12R	11	2	ff9e00
110	anim12R	12	1	808040
110	anim12R	13	3	ffdf9f
110	anim12R	14	3	ffce8c
110	anim12R	15	3	ffffff
110	anim12R	16	3	ffdb92
110	anim12R	17	3	ffff80
110	anim12R	18	3	ffcc99
110	anim12R	19	3	ffcc80
110	anim12R	20	3	febf74
110	anim12R	21	3	ffd580
110	anim12R	22	2	ff8000
110	anim12R	23	3	ffc489
110	anim12R	24	3	ffbf80
110	anim12R	25	3	ffaaaa
110	anim12R	26	1	929249
110	anim12R	27	3	ffb66d
110	anim12R	28	1	aa8055
110	anim12R	29	3	ffaa80
110	anim13L	1	1	aaaa55
110	anim13L	2	1	9e9354
110	anim13L	3	1	808080
110	anim13L	4	1	959555
110	anim13L	5	1	9d894e
110	anim13L	6	1	999966
110	anim13L	7	2	ff9e00
110	anim13L	8	1	ffff00
110	anim13L	9	1	929249
110	anim13L	10	2	ffff00
110	anim13L	11	1	a28b5d
110	anim13L	12	1	808040
110	anim13L	13	3	ffdb92
110	anim13L	14	3	ffdf9f
110	anim13L	15	2	ff8000
110	anim13L	16	2	ffaa00
110	anim13L	17	3	ffce8c
110	anim13L	18	3	ffff80
110	anim13L	19	3	ffaaaa
110	anim13L	20	3	ffffff
110	anim13L	21	3	ffbf80
110	anim13L	22	3	febf74
110	anim13L	23	3	ffd580
110	anim13L	24	3	ffcc80
110	anim13L	25	3	ffc489
110	anim13L	26	3	ffcc99
110	anim13L	27	1	aa8055
110	anim13L	28	3	ffaa80
110	anim13L	29	3	ffaa55
110	anim13R	1	1	aaaa55
110	anim13R	2	1	9e9354
110	anim13R	3	1	999966
110	anim13R	4	1	9d894e
110	anim13R	5	1	959555
110	anim13R	6	1	ffff00
110	anim13R	7	1	a28b5d
110	anim13R	8	1	808080
110	anim13R	9	2	ffaa00
110	anim13R	10	2	ffff00
110	anim13R	11	2	ff9e00
110	anim13R	12	1	808040
110	anim13R	13	3	ffdf9f
110	anim13R	14	3	ffce8c
110	anim13R	15	3	ffffff
110	anim13R	16	3	ffdb92
110	anim13R	17	3	ffff80
110	anim13R	18	3	ffcc99
110	anim13R	19	3	ffcc80
110	anim13R	20	3	febf74
110	anim13R	21	3	ffd580
110	anim13R	22	2	ff8000
110	anim13R	23	3	ffc489
110	anim13R	24	3	ffbf80
110	anim13R	25	3	ffaaaa
110	anim13R	26	1	929249
110	anim13R	27	3	ffb66d
110	anim13R	28	1	aa8055
110	anim13R	29	3	ffaa80
110	anim14L	1	1	aaaa55
110	anim14L	2	1	9e9354
110	anim14L	3	1	808080
110	anim14L	4	1	959555
110	anim14L	5	1	9d894e
110	anim14L	6	1	999966
110	anim14L	7	2	ff9e00
110	anim14L	8	1	ffff00
110	anim14L	9	1	929249
110	anim14L	10	2	ffff00
110	anim14L	11	1	a28b5d
110	anim14L	12	1	808040
110	anim14L	13	3	ffdb92
110	anim14L	14	3	ffdf9f
110	anim14L	15	2	ff8000
110	anim14L	16	2	ffaa00
110	anim14L	17	3	ffce8c
110	anim14L	18	3	ffff80
110	anim14L	19	3	ffaaaa
110	anim14L	20	3	ffffff
110	anim14L	21	3	ffbf80
110	anim14L	22	3	febf74
110	anim14L	23	3	ffd580
110	anim14L	24	3	ffcc80
110	anim14L	25	3	ffc489
110	anim14L	26	3	ffcc99
110	anim14L	27	1	aa8055
110	anim14L	28	3	ffaa80
110	anim14L	29	3	ffaa55
110	anim14R	1	1	aaaa55
110	anim14R	2	1	9e9354
110	anim14R	3	1	999966
110	anim14R	4	1	9d894e
110	anim14R	5	1	959555
110	anim14R	6	1	ffff00
110	anim14R	7	1	a28b5d
110	anim14R	8	1	808080
110	anim14R	9	2	ffaa00
110	anim14R	10	2	ffff00
110	anim14R	11	2	ff9e00
110	anim14R	12	1	808040
110	anim14R	13	3	ffdf9f
110	anim14R	14	3	ffce8c
110	anim14R	15	3	ffffff
110	anim14R	16	3	ffdb92
110	anim14R	17	3	ffff80
110	anim14R	18	3	ffcc99
110	anim14R	19	3	ffcc80
110	anim14R	20	3	febf74
110	anim14R	21	3	ffd580
110	anim14R	22	2	ff8000
110	anim14R	23	3	ffc489
110	anim14R	24	3	ffbf80
110	anim14R	25	3	ffaaaa
110	anim14R	26	1	929249
110	anim14R	27	3	ffb66d
110	anim14R	28	1	aa8055
110	anim14R	29	3	ffaa80
110	anim15L	1	1	aaaa55
110	anim15L	2	1	9e9354
110	anim15L	3	1	808080
110	anim15L	4	1	959555
110	anim15L	5	1	a28b5d
110	anim15L	6	1	999966
110	anim15L	7	2	ff9e00
110	anim15L	8	1	9d894e
110	anim15L	9	1	929249
110	anim15L	10	2	ffff00
110	anim15L	11	1	ffff00
110	anim15L	12	1	808040
110	anim15L	13	3	ffdb92
110	anim15L	14	3	ffdf9f
110	anim15L	15	2	ff8000
110	anim15L	16	2	ffaa00
110	anim15L	17	3	ffce8c
110	anim15L	18	3	ffff80
110	anim15L	19	3	ffaaaa
110	anim15L	20	3	ffffff
110	anim15L	21	3	ffbf80
110	anim15L	22	3	febf74
110	anim15L	23	3	ffd580
110	anim15L	24	3	ffcc80
110	anim15L	25	3	ffc489
110	anim15L	26	3	ffcc99
110	anim15L	27	1	aa8055
110	anim15L	28	3	ffaa80
110	anim15L	29	3	ffaa55
110	anim15R	1	1	aaaa55
110	anim15R	2	1	9e9354
110	anim15R	3	1	999966
110	anim15R	4	1	9d894e
110	anim15R	5	1	959555
110	anim15R	6	1	ffff00
110	anim15R	7	1	a28b5d
110	anim15R	8	1	808080
110	anim15R	9	2	ffaa00
110	anim15R	10	2	ffff00
110	anim15R	11	2	ff9e00
110	anim15R	12	1	808040
110	anim15R	13	3	ffdf9f
110	anim15R	14	3	ffce8c
110	anim15R	15	3	ffffff
110	anim15R	16	3	ffdb92
110	anim15R	17	3	ffff80
110	anim15R	18	3	ffcc99
110	anim15R	19	3	ffcc80
110	anim15R	20	3	febf74
110	anim15R	21	3	ffd580
110	anim15R	22	2	ff8000
110	anim15R	23	3	ffc489
110	anim15R	24	3	ffbf80
110	anim15R	25	3	ffaaaa
110	anim15R	26	1	929249
110	anim15R	27	3	ffb66d
110	anim15R	28	1	aa8055
110	anim15R	29	3	ffaa80
110	anim16L	1	1	aaaa55
110	anim16L	2	1	9e9354
110	anim16L	3	1	808080
110	anim16L	4	1	959555
110	anim16L	5	1	9d894e
110	anim16L	6	1	999966
110	anim16L	7	2	ff9e00
110	anim16L	8	1	ffff00
110	anim16L	9	1	929249
110	anim16L	10	2	ffff00
110	anim16L	11	1	a28b5d
110	anim16L	12	1	808040
110	anim16L	13	3	ffdb92
110	anim16L	14	3	ffdf9f
110	anim16L	15	2	ff8000
110	anim16L	16	2	ffaa00
110	anim16L	17	3	ffce8c
110	anim16L	18	3	ffff80
110	anim16L	19	3	ffaaaa
110	anim16L	20	3	ffffff
110	anim16L	21	3	ffbf80
110	anim16L	22	3	febf74
110	anim16L	23	3	ffd580
110	anim16L	24	3	ffcc80
110	anim16L	25	3	ffc489
110	anim16L	26	3	ffcc99
110	anim16L	27	1	aa8055
110	anim16L	28	3	ffaa80
110	anim16L	29	3	ffaa55
110	anim16R	1	1	aaaa55
110	anim16R	2	1	9e9354
110	anim16R	3	1	999966
110	anim16R	4	1	9d894e
110	anim16R	5	1	959555
110	anim16R	6	1	ffff00
110	anim16R	7	1	a28b5d
110	anim16R	8	1	808080
110	anim16R	9	2	ffaa00
110	anim16R	10	2	ffff00
110	anim16R	11	2	ff9e00
110	anim16R	12	1	808040
110	anim16R	13	3	ffdf9f
110	anim16R	14	3	ffce8c
110	anim16R	15	3	ffffff
110	anim16R	16	3	ffdb92
110	anim16R	17	3	ffff80
110	anim16R	18	3	ffcc99
110	anim16R	19	3	ffcc80
110	anim16R	20	3	febf74
110	anim16R	21	3	ffd580
110	anim16R	22	2	ff8000
110	anim16R	23	3	ffc489
110	anim16R	24	3	ffbf80
110	anim16R	25	3	ffaaaa
110	anim16R	26	1	929249
110	anim16R	27	3	ffb66d
110	anim16R	28	1	aa8055
110	anim16R	29	3	ffaa80
110	anim17L	1	1	9e9354
110	anim17L	2	1	808040
110	anim17L	3	1	aa8055
110	anim17L	4	1	959555
110	anim17L	5	1	a28b5d
110	anim17L	6	1	aaaa55
110	anim17L	7	1	999966
110	anim17L	8	1	ffff00
110	anim17L	9	1	9d894e
110	anim17L	10	1	808080
110	anim17L	11	2	ff9e00
110	anim17L	12	2	ffff00
110	anim17L	13	2	ffaa00
110	anim17L	14	3	ffff80
110	anim17L	15	3	ffffff
110	anim17L	16	3	ffdf9f
110	anim17L	17	2	ff8000
110	anim17L	18	3	ffd580
110	anim17L	19	3	ffce8c
110	anim17L	20	3	ffc489
110	anim17L	21	3	ffdb92
110	anim17L	22	1	929249
110	anim17L	23	3	ffbf80
110	anim17L	24	3	ffcc80
110	anim17L	25	3	febf74
110	anim17L	26	3	ffcc99
110	anim17L	27	3	ffaaaa
110	anim17L	28	3	ffaa80
110	anim17R	1	1	959555
110	anim17R	2	1	aaaa55
110	anim17R	3	1	9d894e
110	anim17R	4	1	808040
110	anim17R	5	1	929249
110	anim17R	6	1	ffff00
110	anim17R	7	1	9e9354
110	anim17R	8	1	808080
110	anim17R	9	1	a28b5d
110	anim17R	10	1	aa8055
110	anim17R	11	2	ffff00
110	anim17R	12	2	ffaa00
110	anim17R	13	2	ff9e00
110	anim17R	14	1	999966
110	anim17R	15	2	ff8000
110	anim17R	16	3	ffffff
110	anim17R	17	3	ffdf9f
110	anim17R	18	3	ffce8c
110	anim17R	19	3	ffff80
110	anim17R	20	3	ffdb92
110	anim17R	21	3	ffc489
110	anim17R	22	3	ffcc80
110	anim17R	23	3	febf74
110	anim17R	24	3	ffd580
110	anim17R	25	3	ffcc99
110	anim17R	26	3	ffb66d
110	anim17R	27	3	ffbf80
110	anim17R	28	3	ffaaaa
110	anim17R	29	3	ffaa55
110	anim18L	1	1	959555
110	anim18L	2	1	9e9354
110	anim18L	3	1	aaaa55
110	anim18L	4	1	a28b5d
110	anim18L	5	1	808080
110	anim18L	6	1	ffff00
110	anim18L	7	1	999966
110	anim18L	8	1	aa8055
110	anim18L	9	1	9d894e
110	anim18L	10	1	808040
110	anim18L	11	2	ff9e00
110	anim18L	12	2	ffff00
110	anim18L	13	2	ffaa00
110	anim18L	14	3	ffffff
110	anim18L	15	1	929249
110	anim18L	16	3	ffdb92
110	anim18L	17	3	ffce8c
110	anim18L	18	3	ffdf9f
110	anim18L	19	2	ff8000
110	anim18L	20	3	ffff80
110	anim18L	21	3	ffc489
110	anim18L	22	3	ffcc80
110	anim18L	23	3	febf74
110	anim18L	24	3	ffd580
110	anim18L	25	3	ffcc99
110	anim18L	26	3	ffaa80
110	anim18L	27	3	ffaaaa
110	anim18L	28	3	ffbf80
110	anim18L	29	3	ffb66d
110	anim18R	1	1	aa8055
110	anim18R	2	1	ffff00
110	anim18R	3	1	a28b5d
110	anim18R	4	1	9e9354
110	anim18R	5	1	808040
110	anim18R	6	1	959555
110	anim18R	7	1	aaaa55
110	anim18R	8	1	999966
110	anim18R	9	2	ffff00
110	anim18R	10	2	ffaa00
110	anim18R	11	2	ff9e00
110	anim18R	12	1	9d894e
110	anim18R	13	3	ffdf9f
110	anim18R	14	3	ffdb92
110	anim18R	15	1	808080
110	anim18R	16	2	ff8000
110	anim18R	17	3	ffffff
110	anim18R	18	3	ffce8c
110	anim18R	19	3	ffc489
110	anim18R	20	3	ffff80
110	anim18R	21	3	ffd580
110	anim18R	22	3	ffcc99
110	anim18R	23	1	929249
110	anim18R	24	3	ffcc80
110	anim18R	25	3	ffbf80
110	anim18R	26	3	febf74
110	anim18R	27	3	ffaaaa
110	anim1L	1	2	ff9e00
110	anim1L	2	2	ff8000
110	anim1L	3	2	ffaa00
110	anim1L	4	1	aaaa55
110	anim1L	5	1	9e9354
110	anim1L	6	1	959555
110	anim1L	7	2	ffff00
110	anim1L	8	1	999966
110	anim1L	9	1	a28b5d
110	anim1L	10	3	ffffff
110	anim1L	11	3	ffc489
110	anim1L	12	1	808080
110	anim1L	13	1	9d894e
110	anim1L	14	3	ffce8c
110	anim1L	15	3	ffcc80
110	anim1L	16	3	ffd580
110	anim1L	17	3	febf74
110	anim1L	18	1	ffff00
110	anim1L	19	3	ffdf9f
110	anim1L	20	3	ffdb92
110	anim1L	21	3	ffff80
110	anim1L	22	1	aa8055
110	anim1L	23	3	ffbf80
110	anim1L	24	3	ffcc99
110	anim1L	25	1	808040
110	anim1L	26	3	ffaaaa
110	anim1L	27	1	929249
110	anim1L	28	3	ffb66d
110	anim1L	29	3	ffaa80
110	anim1R	1	1	aa8055
110	anim1R	2	1	aaaa55
110	anim1R	3	1	999966
110	anim1R	4	1	9e9354
110	anim1R	5	1	ffff00
110	anim1R	6	1	929249
110	anim1R	7	1	a28b5d
110	anim1R	8	1	9d894e
110	anim1R	9	2	ffff00
110	anim1R	10	2	ffaa00
110	anim1R	11	2	ff9e00
110	anim1R	12	1	808040
110	anim1R	13	3	ffdf9f
110	anim1R	14	2	ff8000
110	anim1R	15	3	ffce8c
110	anim1R	16	3	ffffff
110	anim1R	17	3	ffdb92
110	anim1R	18	1	959555
110	anim1R	19	3	ffcc99
110	anim1R	20	3	ffc489
110	anim1R	21	1	808080
110	anim1R	22	3	ffff80
110	anim1R	23	3	febf74
110	anim1R	24	3	ffbf80
110	anim1R	25	3	ffd580
110	anim1R	26	3	ffcc80
110	anim1R	27	3	ffaaaa
110	anim1R	28	3	ffb66d
110	anim1R	29	3	ffaa80
110	anim2L	1	1	ffff00
110	anim2L	2	1	9e9354
110	anim2L	3	1	808040
110	anim2L	4	1	959555
110	anim2L	5	1	808080
110	anim2L	6	1	a28b5d
110	anim2L	7	1	aaaa55
110	anim2L	8	1	aa8055
110	anim2L	9	1	999966
110	anim2L	10	1	9d894e
110	anim2L	11	2	ff9e00
110	anim2L	12	2	ffaa00
110	anim2L	13	2	ff8000
110	anim2L	14	3	ffdb92
110	anim2L	15	3	ffdf9f
110	anim2L	16	2	ffff00
110	anim2L	17	3	ffce8c
110	anim2L	18	3	ffcc99
110	anim2L	19	3	ffffff
110	anim2L	20	3	ffbf80
110	anim2L	21	3	febf74
110	anim2L	22	3	ffff80
110	anim2L	23	3	ffcc80
110	anim2L	24	3	ffaaaa
110	anim2L	25	3	ffc489
110	anim2L	26	3	ffb66d
110	anim2L	27	3	ffaa80
110	anim2L	28	3	ff8080
110	anim2L	29	3	ffd580
110	anim2L	30	1	929249
110	anim2R	1	1	9e9354
110	anim2R	2	1	ffff00
110	anim2R	3	1	999966
110	anim2R	4	1	808040
110	anim2R	5	1	929249
110	anim2R	6	1	959555
110	anim2R	7	1	aaaa55
110	anim2R	8	1	9d894e
110	anim2R	9	1	a28b5d
110	anim2R	10	1	aa8055
110	anim2R	11	1	808080
110	anim2R	12	2	ff9e00
110	anim2R	13	2	ffaa00
110	anim2R	14	2	ffff00
110	anim2R	15	2	ff8000
110	anim2R	16	3	ffff80
110	anim2R	17	3	ffce8c
110	anim2R	18	3	ffdf9f
110	anim2R	19	3	ffdb92
110	anim2R	20	3	ffffff
110	anim2R	21	3	febf74
110	anim2R	22	3	ffd580
110	anim2R	23	3	ffcc80
110	anim2R	24	3	ffc489
110	anim2R	25	3	ffbf80
110	anim2R	26	3	ffcc99
110	anim2R	27	3	ffaaaa
110	anim2R	28	3	ffaa55
110	anim2R	29	3	ffaa80
110	anim2R	30	3	ffb66d
110	anim3L	1	1	ffff00
110	anim3L	2	1	959555
110	anim3L	3	1	808080
110	anim3L	4	1	9e9354
110	anim3L	5	1	aaaa55
110	anim3L	6	2	ff9e00
110	anim3L	7	1	a28b5d
110	anim3L	8	2	ffff00
110	anim3L	9	3	ffdb92
110	anim3L	10	3	ffdf9f
110	anim3L	11	2	ffaa00
110	anim3L	12	3	ffce8c
110	anim3L	13	3	ffff80
110	anim3L	14	3	ffbf80
110	anim3L	15	3	ffcc80
110	anim3L	16	1	808040
110	anim3L	17	3	febf74
110	anim3L	18	1	aa8055
110	anim3L	19	1	999966
110	anim3L	20	3	ffd580
110	anim3L	21	3	ffaaaa
110	anim3L	22	3	ffffff
110	anim3L	23	3	ffcc99
110	anim3L	24	2	ff8000
110	anim3L	25	3	ffc489
110	anim3L	26	1	929249
110	anim3L	27	1	9d894e
110	anim3L	28	3	ffb66d
110	anim3R	1	1	9e9354
110	anim3R	2	1	aaaa55
110	anim3R	3	1	808040
110	anim3R	4	1	ffff00
110	anim3R	5	2	ffff00
110	anim3R	6	1	929249
110	anim3R	7	2	ffaa00
110	anim3R	8	2	ff9e00
110	anim3R	9	1	959555
110	anim3R	10	1	aa8055
110	anim3R	11	1	a28b5d
110	anim3R	12	3	ffdf9f
110	anim3R	13	3	ffffff
110	anim3R	14	3	ffce8c
110	anim3R	15	3	ffdb92
110	anim3R	16	3	ffff80
110	anim3R	17	1	9d894e
110	anim3R	18	3	ffcc80
110	anim3R	19	3	febf74
110	anim3R	20	3	ffc489
110	anim3R	21	3	ffcc99
110	anim3R	22	1	999966
110	anim3R	23	2	ff8000
110	anim3R	24	3	ffbf80
110	anim3R	25	3	ffd580
110	anim3R	26	3	ffaaaa
110	anim3R	27	1	808080
110	anim3R	28	3	ffaa55
110	anim3R	29	3	ffb66d
110	dieL	1	1	9e9354
110	dieL	2	1	a28b5d
110	dieL	3	1	ffff00
110	dieL	4	1	9d894e
110	dieL	5	1	808040
110	dieL	6	3	ffffff
110	dieL	7	1	929249
110	dieL	8	1	959555
110	dieL	9	3	ffd580
110	dieL	10	1	808080
110	dieL	11	3	ffc489
110	dieL	12	3	ffce8c
110	dieL	13	1	aaaa55
110	dieL	14	3	ffcc80
110	dieL	15	3	ffcc99
110	dieL	16	3	ffaaaa
110	dieL	17	1	aa8055
110	dieL	18	1	999966
110	dieL	19	3	ffdf9f
110	dieL	20	3	ffdb92
110	dieL	21	3	ffbf80
110	dieL	22	3	ffff80
110	dieL	23	3	ffaa80
110	dieL	24	3	febf74
110	dieL	25	2	ffaa00
110	dieL	26	2	ff9e00
110	dieL	27	3	ffb66d
110	dieL	28	2	ffff00
110	dieL	29	2	ff8000
110	dieL	30	3	ffaa55
110	dieL	31	3	ffff00
110	dieL	32	3	ff8080
110	dieR	1	1	9e9354
110	dieR	2	1	a28b5d
110	dieR	3	1	929249
110	dieR	4	1	959555
110	dieR	5	1	999966
110	dieR	6	1	ffff00
110	dieR	7	1	aaaa55
110	dieR	8	1	808080
110	dieR	9	1	9d894e
110	dieR	10	1	aa8055
110	dieR	11	1	808040
110	dieR	12	2	ff9e00
110	dieR	13	2	ffaa00
110	dieR	14	3	ffce8c
110	dieR	15	3	ffd595
110	dieR	16	3	ffcc99
110	dieR	17	3	ffcc80
110	dieR	18	2	ffff00
110	dieR	19	2	ff8000
110	dieR	20	3	ffbf80
110	dieR	21	3	ffd580
110	dieR	22	3	ffb66d
110	dieR	23	3	ffaa80
110	dieR	24	3	ffff80
110	dieR	25	3	ffffff
110	dieR	26	3	ffaaaa
110	dieR	27	3	febf74
110	dieR	28	3	ff8080
110	dieR	29	3	ffff00
110	dieR	30	3	ff0000
110	dieR	31	3	ffaa55
110	hitL	1	1	ffff00
110	hitL	2	2	ffaa00
110	hitL	3	1	9e9354
110	hitL	4	2	ff9e00
110	hitL	5	2	ffff00
110	hitL	6	3	ffd595
110	hitL	7	1	999966
110	hitL	8	3	ffce8c
110	hitL	9	3	ffff80
110	hitL	10	3	ffd580
110	hitL	11	3	febf74
110	hitL	12	3	ffc983
110	hitL	13	3	ffcc99
110	hitL	14	3	ffbf80
110	hitL	15	3	ffffff
110	hitL	16	1	aa8055
110	hitL	17	1	808040
110	hitR	1	1	999966
110	hitR	2	1	9e9354
110	hitR	3	1	808040
110	hitR	4	1	aa8055
110	hitR	5	1	ffff00
110	hitR	6	2	ffff00
110	hitR	7	2	ffaa00
110	hitR	8	2	ff9e00
110	hitR	9	3	ffd595
110	hitR	10	3	ffce8c
110	hitR	11	3	ffff80
110	hitR	12	3	febf74
110	hitR	13	3	ffd580
110	hitR	14	3	ffc983
110	hitR	15	3	ffcc99
110	hitR	16	3	ffbf80
110	hitR	17	3	ffffff
110	hitR	18	3	ffaaaa
110	runB	1	1	808040
110	runB	2	1	9e9354
110	runB	3	1	aa8055
110	runB	4	1	999966
110	runB	5	2	ff9e00
110	runB	6	2	ffff00
110	runB	7	1	ffff00
110	runB	8	2	ffaa00
110	runB	9	3	ffce8c
110	runB	10	3	ffcc99
110	runB	11	3	ffd595
110	runB	12	3	ffff80
110	runB	13	3	ffd580
110	runB	14	3	ffffff
110	runB	15	3	ffc983
110	runB	16	3	ffaaaa
110	runB	17	3	ffbf80
110	runB	18	3	febf74
110	runF	1	3	ffce8c
110	runF	2	3	ffcc99
110	runF	3	1	999966
110	runF	4	1	9e9354
110	runF	5	1	808040
110	runF	6	3	ffc983
110	runF	7	1	ffff00
110	runF	8	3	ffd595
110	runF	9	1	aa8055
110	runF	10	3	ffbf80
110	runF	11	2	ff9e00
110	runF	12	3	ffffff
110	runF	13	2	ffaa00
110	runF	14	2	ffff00
110	runF	15	3	ffaaaa
110	runF	16	3	ffff80
110	runF	17	3	ffd580
110	runF	18	3	febf74
110	runL	1	1	9e9354
110	runL	2	1	999966
110	runL	3	1	aa8055
110	runL	4	1	808040
110	runL	5	1	ffff00
110	runL	6	2	ffff00
110	runL	7	2	ffaa00
110	runL	8	2	ff9e00
110	runL	9	3	ffff80
110	runL	10	3	ffffff
110	runL	11	3	ffcc99
110	runL	12	3	ffce8c
110	runL	13	3	ffd580
110	runL	14	3	ffc983
110	runL	15	3	ffbf80
110	runL	16	3	ffaaaa
110	runL	17	3	febf74
110	runL	18	3	ffb66d
110	runR	1	1	999966
110	runR	2	1	ffff00
110	runR	3	2	ffaa00
110	runR	4	1	9e9354
110	runR	5	1	aa8055
110	runR	6	2	ff9e00
110	runR	7	2	ffff00
110	runR	8	1	808040
110	runR	9	3	ffff80
110	runR	10	3	ffce8c
110	runR	11	3	ffd580
110	runR	12	3	ffcc99
110	runR	13	3	ffc983
110	runR	14	3	ffffff
110	runR	15	3	ffbf80
110	runR	16	3	ffb66d
110	runR	17	3	ffaaaa
110	runR	18	3	febf74
110	runS	1	1	9e9354
110	runS	2	1	999966
110	runS	3	2	ffaa00
110	runS	4	1	ffff00
110	runS	5	2	ff9e00
110	runS	6	3	ffaaaa
110	runS	7	3	ffffff
110	runS	8	2	ffff00
110	runS	9	1	808040
110	runS	10	3	ffd580
110	runS	11	3	ffce8c
110	runS	12	3	ffc983
110	runS	13	3	febf74
110	runS	14	3	ffcc99
110	runS	15	3	ffff80
110	runS	16	3	ffbf80
110	runS	17	3	ffaa55
110	runS	18	3	ffb66d
110	staticB	1	1	9e9354
110	staticB	2	2	ff9e00
110	staticB	3	3	ffce8c
110	staticF	1	1	9e9354
110	staticF	2	2	ff9e00
110	staticF	3	3	ffce8c
110	staticL	1	1	9e9354
110	staticL	2	2	ff9e00
110	staticL	3	3	ffce8c
110	staticR	1	1	9e9354
110	staticR	2	2	ff9e00
110	staticR	3	3	ffce8c
110	staticS	1	1	9e9354
110	staticS	2	2	ff9e00
110	staticS	3	3	ffce8c
110	walkB	1	1	9e9354
110	walkB	2	1	808040
110	walkB	3	2	ff9e00
110	walkB	4	2	ffaa00
110	walkB	5	3	ffce8c
110	walkB	6	3	ffcc99
110	walkB	7	3	ffffff
110	walkB	8	3	ffff80
110	walkB	9	3	ffbf80
110	walkB	10	3	ffd580
110	walkB	11	3	ffc983
110	walkB	12	3	ffaa55
110	walkB	13	3	febf74
110	walkB	14	3	ffb66d
110	walkF	1	1	9e9354
110	walkF	2	1	808040
110	walkF	3	2	ffaa00
110	walkF	4	2	ff9e00
110	walkF	5	3	ffce8c
110	walkF	6	3	ffbf80
110	walkF	7	3	ffff80
110	walkF	8	3	ffffff
110	walkF	9	3	ffc983
110	walkF	10	3	febf74
110	walkL	1	1	9e9354
110	walkL	2	1	808040
110	walkL	3	2	ff9e00
110	walkL	4	2	ffaa00
110	walkL	5	3	ffce8c
110	walkL	6	3	ffff80
110	walkL	7	3	ffffff
110	walkL	8	3	ffbf80
110	walkL	9	3	ffc983
110	walkL	10	3	febf74
110	walkL	11	3	ffaa55
110	walkL	12	3	ffb66d
110	walkR	1	1	9e9354
110	walkR	2	2	ffaa00
110	walkR	3	1	808040
110	walkR	4	2	ff9e00
110	walkR	5	3	ffffff
110	walkR	6	3	ffff80
110	walkR	7	3	ffce8c
110	walkR	8	3	ffc983
110	walkR	9	3	ffbf80
110	walkR	10	3	febf74
110	walkR	11	3	ffb66d
110	walkR	12	3	ffaa55
110	walkS	1	1	9e9354
110	walkS	2	1	808040
110	walkS	3	2	ff9e00
110	walkS	4	3	ffffff
110	walkS	5	3	ffce8c
110	walkS	6	3	ffc67e
110	walkS	7	3	febf74
111	anim0L	1	1	ffff00
111	anim0L	2	1	9e9354
111	anim0L	3	1	808040
111	anim0L	4	1	929249
111	anim0L	5	1	aa8055
111	anim0L	6	1	aaaa55
111	anim0L	7	1	a28b5d
111	anim0L	8	1	999966
111	anim0L	9	2	ff9e00
111	anim0L	10	2	ffaa00
111	anim0L	11	2	ffff00
111	anim0L	12	3	ffdb92
111	anim0L	13	1	ffffff
111	anim0L	14	3	ffff80
111	anim0L	15	3	ffffff
111	anim0L	16	2	ff9200
111	anim0L	17	3	ffce8c
111	anim0L	18	3	ffbf80
111	anim0L	19	2	ff8000
111	anim0L	20	3	ffc489
111	anim0L	21	3	ffcc80
111	anim0L	22	3	ffcc99
111	anim0L	23	3	ffd580
111	anim0L	24	3	ffaaaa
111	anim0L	25	1	808080
111	anim0L	26	1	000000
111	anim0R	1	1	9e9354
111	anim0R	2	1	999966
111	anim0R	3	1	aaaa55
111	anim0R	4	1	a28b5d
111	anim0R	5	1	ffff00
111	anim0R	6	1	808040
111	anim0R	7	1	808080
111	anim0R	8	2	ffff00
111	anim0R	9	1	aa8055
111	anim0R	10	2	ff9e00
111	anim0R	11	2	ffaa00
111	anim0R	12	1	929249
111	anim0R	13	1	ffffff
111	anim0R	14	3	ffffff
111	anim0R	15	3	ffdb92
111	anim0R	16	3	ffd580
111	anim0R	17	3	ffce8c
111	anim0R	18	3	ffff80
111	anim0R	19	3	ffcc80
111	anim0R	20	3	ffbf80
111	anim0R	21	3	ffc489
111	anim0R	22	3	ffcc99
111	anim0R	23	2	ff8000
111	anim0R	24	3	ffaaaa
111	anim10L	1	1	aaaa55
111	anim10L	2	1	9e9354
111	anim10L	3	1	ffff00
111	anim10L	4	1	999966
111	anim10L	5	1	a28b5d
111	anim10L	6	3	ffcc80
111	anim10L	7	3	ffce8c
111	anim10L	8	3	ffdb92
111	anim10L	9	3	ffbf80
111	anim10L	10	1	aa8055
111	anim10L	11	2	ff9e00
111	anim10L	12	1	808080
111	anim10L	13	3	ffc489
111	anim10L	14	2	ffaa00
111	anim10L	15	2	ffff00
111	anim10L	16	2	ff9200
111	anim10L	17	1	929249
111	anim10L	18	3	ffff80
111	anim10L	19	1	ffffff
111	anim10L	20	3	ffd580
111	anim10L	21	3	ffffff
111	anim10L	22	3	ffaaaa
111	anim10L	23	2	ff8000
111	anim10L	24	3	ffcc99
111	anim10L	25	1	808040
111	anim10R	1	1	929249
111	anim10R	2	1	9e9354
111	anim10R	3	1	a28b5d
111	anim10R	4	1	aaaa55
111	anim10R	5	1	808080
111	anim10R	6	1	ffff00
111	anim10R	7	1	808040
111	anim10R	8	3	ffc489
111	anim10R	9	3	ffd580
111	anim10R	10	1	999966
111	anim10R	11	1	aa8055
111	anim10R	12	3	ffce8c
111	anim10R	13	3	ffcc99
111	anim10R	14	2	ffff00
111	anim10R	15	2	ffaa00
111	anim10R	16	2	ff9e00
111	anim10R	17	3	ffbf80
111	anim10R	18	3	ffff80
111	anim10R	19	3	ffdb92
111	anim10R	20	2	ff8000
111	anim10R	21	3	ffaaaa
111	anim10R	22	1	ffffff
111	anim10R	23	3	ffffff
111	anim10R	24	2	ff9200
111	anim10R	25	3	ffcc80
111	anim11L	1	1	aaaa55
111	anim11L	2	1	9e9354
111	anim11L	3	1	808080
111	anim11L	4	1	a28b5d
111	anim11L	5	1	999966
111	anim11L	6	2	ff9200
111	anim11L	7	2	ff9e00
111	anim11L	8	2	ff8000
111	anim11L	9	2	ffff00
111	anim11L	10	1	929249
111	anim11L	11	2	ffaa00
111	anim11L	12	1	808040
111	anim11L	13	1	ffff00
111	anim11L	14	3	ffce8c
111	anim11L	15	1	ffffff
111	anim11L	16	3	ffdb92
111	anim11L	17	3	ffff80
111	anim11L	18	3	ffffff
111	anim11L	19	3	ffbf80
111	anim11L	20	3	ffaaaa
111	anim11L	21	3	ffd580
111	anim11L	22	3	ffc489
111	anim11L	23	3	ffcc80
111	anim11L	24	3	ffcc99
111	anim11L	25	1	aa8055
111	anim11R	1	1	999966
111	anim11R	2	1	9e9354
111	anim11R	3	1	a28b5d
111	anim11R	4	1	aa8055
111	anim11R	5	1	ffff00
111	anim11R	6	1	929249
111	anim11R	7	1	808080
111	anim11R	8	1	aaaa55
111	anim11R	9	2	ffaa00
111	anim11R	10	2	ff9e00
111	anim11R	11	1	808040
111	anim11R	12	2	ffff00
111	anim11R	13	2	ff9200
111	anim11R	14	2	ff8000
111	anim11R	15	1	ffffff
111	anim11R	16	3	ffffff
111	anim11R	17	3	ffdb92
111	anim11R	18	3	ffc489
111	anim11R	19	3	ffff80
111	anim11R	20	3	ffce8c
111	anim11R	21	3	ffaaaa
111	anim11R	22	3	ffcc99
111	anim11R	23	3	ffcc80
111	anim11R	24	3	ffd580
111	anim11R	25	3	ffbf80
111	anim12L	1	1	aaaa55
111	anim12L	2	1	9e9354
111	anim12L	3	1	808080
111	anim12L	4	1	a28b5d
111	anim12L	5	1	999966
111	anim12L	6	2	ff9200
111	anim12L	7	2	ff9e00
111	anim12L	8	2	ff8000
111	anim12L	9	2	ffff00
111	anim12L	10	1	929249
111	anim12L	11	2	ffaa00
111	anim12L	12	1	808040
111	anim12L	13	1	ffff00
111	anim12L	14	3	ffce8c
111	anim12L	15	1	ffffff
111	anim12L	16	3	ffdb92
111	anim12L	17	3	ffff80
111	anim12L	18	3	ffffff
111	anim12L	19	3	ffbf80
111	anim12L	20	3	ffaaaa
111	anim12L	21	3	ffd580
111	anim12L	22	3	ffc489
111	anim12L	23	3	ffcc80
111	anim12L	24	3	ffcc99
111	anim12L	25	1	aa8055
111	anim12R	1	1	999966
111	anim12R	2	1	9e9354
111	anim12R	3	1	a28b5d
111	anim12R	4	1	aa8055
111	anim12R	5	1	ffff00
111	anim12R	6	1	929249
111	anim12R	7	1	808080
111	anim12R	8	1	aaaa55
111	anim12R	9	2	ffaa00
111	anim12R	10	2	ff9e00
111	anim12R	11	1	808040
111	anim12R	12	2	ffff00
111	anim12R	13	2	ff9200
111	anim12R	14	2	ff8000
111	anim12R	15	1	ffffff
111	anim12R	16	3	ffffff
111	anim12R	17	3	ffdb92
111	anim12R	18	3	ffc489
111	anim12R	19	3	ffff80
111	anim12R	20	3	ffce8c
111	anim12R	21	3	ffaaaa
111	anim12R	22	3	ffcc99
111	anim12R	23	3	ffcc80
111	anim12R	24	3	ffd580
111	anim12R	25	3	ffbf80
111	anim13L	1	1	aaaa55
111	anim13L	2	1	9e9354
111	anim13L	3	1	808080
111	anim13L	4	1	a28b5d
111	anim13L	5	1	999966
111	anim13L	6	2	ff9200
111	anim13L	7	2	ff9e00
111	anim13L	8	2	ff8000
111	anim13L	9	1	ffff00
111	anim13L	10	2	ffff00
111	anim13L	11	1	929249
111	anim13L	12	2	ffaa00
111	anim13L	13	1	808040
111	anim13L	14	3	ffce8c
111	anim13L	15	1	ffffff
111	anim13L	16	3	ffdb92
111	anim13L	17	3	ffff80
111	anim13L	18	3	ffffff
111	anim13L	19	3	ffbf80
111	anim13L	20	3	ffd580
111	anim13L	21	3	ffaaaa
111	anim13L	22	3	ffc489
111	anim13L	23	3	ffcc80
111	anim13L	24	3	ffcc99
111	anim13L	25	1	aa8055
111	anim13R	1	1	999966
111	anim13R	2	1	9e9354
111	anim13R	3	1	a28b5d
111	anim13R	4	1	aa8055
111	anim13R	5	1	ffff00
111	anim13R	6	1	929249
111	anim13R	7	1	808080
111	anim13R	8	1	aaaa55
111	anim13R	9	2	ffaa00
111	anim13R	10	2	ff9e00
111	anim13R	11	1	808040
111	anim13R	12	2	ffff00
111	anim13R	13	2	ff9200
111	anim13R	14	2	ff8000
111	anim13R	15	1	ffffff
111	anim13R	16	3	ffffff
111	anim13R	17	3	ffdb92
111	anim13R	18	3	ffc489
111	anim13R	19	3	ffff80
111	anim13R	20	3	ffce8c
111	anim13R	21	3	ffaaaa
111	anim13R	22	3	ffcc99
111	anim13R	23	3	ffcc80
111	anim13R	24	3	ffd580
111	anim13R	25	3	ffbf80
111	anim14L	1	1	aaaa55
111	anim14L	2	1	9e9354
111	anim14L	3	1	808080
111	anim14L	4	1	a28b5d
111	anim14L	5	1	999966
111	anim14L	6	2	ff9200
111	anim14L	7	2	ff9e00
111	anim14L	8	2	ff8000
111	anim14L	9	1	ffff00
111	anim14L	10	2	ffff00
111	anim14L	11	1	929249
111	anim14L	12	2	ffaa00
111	anim14L	13	1	808040
111	anim14L	14	3	ffce8c
111	anim14L	15	1	ffffff
111	anim14L	16	3	ffdb92
111	anim14L	17	3	ffff80
111	anim14L	18	3	ffffff
111	anim14L	19	3	ffbf80
111	anim14L	20	3	ffd580
111	anim14L	21	3	ffaaaa
111	anim14L	22	3	ffc489
111	anim14L	23	3	ffcc80
111	anim14L	24	3	ffcc99
111	anim14L	25	1	aa8055
111	anim14R	1	1	999966
111	anim14R	2	1	9e9354
111	anim14R	3	1	a28b5d
111	anim14R	4	1	aa8055
111	anim14R	5	1	ffff00
111	anim14R	6	1	929249
111	anim14R	7	1	808080
111	anim14R	8	1	aaaa55
111	anim14R	9	2	ffaa00
111	anim14R	10	2	ff9e00
111	anim14R	11	1	808040
111	anim14R	12	2	ffff00
111	anim14R	13	2	ff9200
111	anim14R	14	2	ff8000
111	anim14R	15	1	ffffff
111	anim14R	16	3	ffffff
111	anim14R	17	3	ffdb92
111	anim14R	18	3	ffc489
111	anim14R	19	3	ffff80
111	anim14R	20	3	ffce8c
111	anim14R	21	3	ffaaaa
111	anim14R	22	3	ffcc99
111	anim14R	23	3	ffcc80
111	anim14R	24	3	ffd580
111	anim14R	25	3	ffbf80
111	anim15L	1	1	aaaa55
111	anim15L	2	1	9e9354
111	anim15L	3	1	808080
111	anim15L	4	1	a28b5d
111	anim15L	5	1	999966
111	anim15L	6	2	ff9200
111	anim15L	7	2	ff9e00
111	anim15L	8	2	ff8000
111	anim15L	9	1	929249
111	anim15L	10	2	ffff00
111	anim15L	11	2	ffaa00
111	anim15L	12	1	ffff00
111	anim15L	13	1	808040
111	anim15L	14	3	ffce8c
111	anim15L	15	1	ffffff
111	anim15L	16	3	ffdb92
111	anim15L	17	3	ffff80
111	anim15L	18	3	ffffff
111	anim15L	19	3	ffbf80
111	anim15L	20	3	ffaaaa
111	anim15L	21	3	ffd580
111	anim15L	22	3	ffc489
111	anim15L	23	3	ffcc80
111	anim15L	24	3	ffcc99
111	anim15L	25	1	aa8055
111	anim15R	1	1	999966
111	anim15R	2	1	9e9354
111	anim15R	3	1	a28b5d
111	anim15R	4	1	aa8055
111	anim15R	5	1	ffff00
111	anim15R	6	1	929249
111	anim15R	7	1	808080
111	anim15R	8	1	aaaa55
111	anim15R	9	2	ffaa00
111	anim15R	10	2	ff9e00
111	anim15R	11	1	808040
111	anim15R	12	2	ffff00
111	anim15R	13	2	ff9200
111	anim15R	14	2	ff8000
111	anim15R	15	1	ffffff
111	anim15R	16	3	ffffff
111	anim15R	17	3	ffdb92
111	anim15R	18	3	ffc489
111	anim15R	19	3	ffff80
111	anim15R	20	3	ffce8c
111	anim15R	21	3	ffaaaa
111	anim15R	22	3	ffcc99
111	anim15R	23	3	ffcc80
111	anim15R	24	3	ffd580
111	anim15R	25	3	ffbf80
111	anim16L	1	1	aaaa55
111	anim16L	2	1	9e9354
111	anim16L	3	1	808080
111	anim16L	4	1	a28b5d
111	anim16L	5	1	999966
111	anim16L	6	2	ff9200
111	anim16L	7	2	ff9e00
111	anim16L	8	2	ff8000
111	anim16L	9	1	ffff00
111	anim16L	10	2	ffff00
111	anim16L	11	1	929249
111	anim16L	12	2	ffaa00
111	anim16L	13	1	808040
111	anim16L	14	3	ffce8c
111	anim16L	15	1	ffffff
111	anim16L	16	3	ffdb92
111	anim16L	17	3	ffff80
111	anim16L	18	3	ffffff
111	anim16L	19	3	ffbf80
111	anim16L	20	3	ffd580
111	anim16L	21	3	ffaaaa
111	anim16L	22	3	ffc489
111	anim16L	23	3	ffcc80
111	anim16L	24	3	ffcc99
111	anim16L	25	1	aa8055
111	anim16R	1	1	999966
111	anim16R	2	1	9e9354
111	anim16R	3	1	a28b5d
111	anim16R	4	1	aa8055
111	anim16R	5	1	ffff00
111	anim16R	6	1	929249
111	anim16R	7	1	808080
111	anim16R	8	1	aaaa55
111	anim16R	9	2	ffaa00
111	anim16R	10	2	ff9e00
111	anim16R	11	1	808040
111	anim16R	12	2	ffff00
111	anim16R	13	2	ff9200
111	anim16R	14	2	ff8000
111	anim16R	15	1	ffffff
111	anim16R	16	3	ffffff
111	anim16R	17	3	ffdb92
111	anim16R	18	3	ffc489
111	anim16R	19	3	ffff80
111	anim16R	20	3	ffce8c
111	anim16R	21	3	ffaaaa
111	anim16R	22	3	ffcc99
111	anim16R	23	3	ffcc80
111	anim16R	24	3	ffd580
111	anim16R	25	3	ffbf80
111	anim17L	1	1	9e9354
111	anim17L	2	1	808040
111	anim17L	3	1	aa8055
111	anim17L	4	1	a28b5d
111	anim17L	5	1	aaaa55
111	anim17L	6	1	999966
111	anim17L	7	1	ffff00
111	anim17L	8	2	ff9e00
111	anim17L	9	2	ffaa00
111	anim17L	10	1	808080
111	anim17L	11	1	929249
111	anim17L	12	2	ff8000
111	anim17L	13	2	ffff00
111	anim17L	14	2	ff9200
111	anim17L	15	1	ffffff
111	anim17L	16	3	ffffff
111	anim17L	17	3	ffdb92
111	anim17L	18	3	ffce8c
111	anim17L	19	3	ffff80
111	anim17L	20	3	ffaaaa
111	anim17L	21	3	ffd580
111	anim17L	22	3	ffcc99
111	anim17L	23	3	ffcc80
111	anim17L	24	3	ffc489
111	anim17L	25	3	ffbf80
111	anim17R	1	1	808040
111	anim17R	2	1	9e9354
111	anim17R	3	1	aa8055
111	anim17R	4	1	aaaa55
111	anim17R	5	1	999966
111	anim17R	6	1	a28b5d
111	anim17R	7	1	ffff00
111	anim17R	8	1	808080
111	anim17R	9	1	929249
111	anim17R	10	2	ffaa00
111	anim17R	11	2	ff9e00
111	anim17R	12	2	ffff00
111	anim17R	13	2	ff8000
111	anim17R	14	3	ffce8c
111	anim17R	15	2	ff9200
111	anim17R	16	3	ffc489
111	anim17R	17	3	ffff80
111	anim17R	18	3	ffcc99
111	anim17R	19	1	ffffff
111	anim17R	20	3	ffd580
111	anim17R	21	3	ffdb92
111	anim17R	22	3	ffffff
111	anim17R	23	3	ffcc80
111	anim17R	24	3	ffbf80
111	anim17R	25	3	ffaaaa
111	anim18L	1	1	9e9354
111	anim18L	2	1	999966
111	anim18L	3	1	a28b5d
111	anim18L	4	1	ffff00
111	anim18L	5	1	aaaa55
111	anim18L	6	1	aa8055
111	anim18L	7	1	808040
111	anim18L	8	1	929249
111	anim18L	9	1	808080
111	anim18L	10	2	ffaa00
111	anim18L	11	2	ff9e00
111	anim18L	12	3	ffce8c
111	anim18L	13	3	ffcc99
111	anim18L	14	2	ffff00
111	anim18L	15	1	ffffff
111	anim18L	16	3	ffdb92
111	anim18L	17	3	ffbf80
111	anim18L	18	3	ffff80
111	anim18L	19	3	ffc489
111	anim18L	20	3	ffffff
111	anim18L	21	2	ff9200
111	anim18L	22	2	ff8000
111	anim18L	23	3	ffd580
111	anim18L	24	3	ffaaaa
111	anim18L	25	3	ffcc80
111	anim18R	1	1	808040
111	anim18R	2	1	aaaa55
111	anim18R	3	1	808080
111	anim18R	4	1	a28b5d
111	anim18R	5	1	9e9354
111	anim18R	6	1	929249
111	anim18R	7	1	ffff00
111	anim18R	8	1	999966
111	anim18R	9	2	ffff00
111	anim18R	10	2	ffaa00
111	anim18R	11	2	ff9e00
111	anim18R	12	2	ff8000
111	anim18R	13	1	aa8055
111	anim18R	14	3	ffdb92
111	anim18R	15	1	ffffff
111	anim18R	16	3	ffff80
111	anim18R	17	3	ffffff
111	anim18R	18	3	ffce8c
111	anim18R	19	3	ffd580
111	anim18R	20	2	ff9200
111	anim18R	21	3	ffc489
111	anim18R	22	3	ffcc99
111	anim18R	23	3	ffcc80
111	anim18R	24	3	ffaaaa
111	anim18R	25	3	ffbf80
111	anim1L	1	2	ff9e00
111	anim1L	2	2	ff9500
111	anim1L	3	2	ffaa00
111	anim1L	4	1	aaaa55
111	anim1L	5	1	9e9354
111	anim1L	6	2	ffff00
111	anim1L	7	1	ffffff
111	anim1L	8	1	999966
111	anim1L	9	1	a28b5d
111	anim1L	10	3	ffff80
111	anim1L	11	3	ffffff
111	anim1L	12	3	ffdb92
111	anim1L	13	3	ffc489
111	anim1L	14	3	ffce8c
111	anim1L	15	1	ffff00
111	anim1L	16	3	ffcc80
111	anim1L	17	3	ffbf80
111	anim1L	18	1	aa8055
111	anim1L	19	3	ffcc99
111	anim1L	20	3	ffd580
111	anim1L	21	2	ff8000
111	anim1L	22	1	808040
111	anim1L	23	3	ffaaaa
111	anim1L	24	1	929249
111	anim1L	25	1	808080
111	anim1L	26	3	d64646
111	anim1R	1	1	a28b5d
111	anim1R	2	1	9e9354
111	anim1R	3	1	aaaa55
111	anim1R	4	1	808080
111	anim1R	5	2	ffff00
111	anim1R	6	2	ff9e00
111	anim1R	7	2	ffaa00
111	anim1R	8	2	ff8000
111	anim1R	9	2	ff9200
111	anim1R	10	1	929249
111	anim1R	11	1	ffff00
111	anim1R	12	1	999966
111	anim1R	13	1	ffffff
111	anim1R	14	3	ffce8c
111	anim1R	15	3	ffdb92
111	anim1R	16	3	ffc489
111	anim1R	17	3	ffffff
111	anim1R	18	3	ffff80
111	anim1R	19	3	ffd580
111	anim1R	20	3	ffcc80
111	anim1R	21	1	aa8055
111	anim1R	22	3	ffbf80
111	anim1R	23	3	ffcc99
111	anim1R	24	3	ffaaaa
111	anim1R	25	1	808040
111	anim2L	1	1	ffff00
111	anim2L	2	1	9e9354
111	anim2L	3	1	808040
111	anim2L	4	1	999966
111	anim2L	5	1	808080
111	anim2L	6	1	a28b5d
111	anim2L	7	1	aaaa55
111	anim2L	8	1	aa8055
111	anim2L	9	1	929249
111	anim2L	10	2	ff9e00
111	anim2L	11	2	ffaa00
111	anim2L	12	2	ff8000
111	anim2L	13	3	ffdb92
111	anim2L	14	1	ffffff
111	anim2L	15	2	ffff00
111	anim2L	16	3	ffce8c
111	anim2L	17	3	ffffff
111	anim2L	18	3	ffd580
111	anim2L	19	2	ff9200
111	anim2L	20	3	ffbf80
111	anim2L	21	3	ffff80
111	anim2L	22	3	ffcc80
111	anim2L	23	3	ffc489
111	anim2L	24	3	ffcc99
111	anim2L	25	3	ffaaaa
111	anim2R	1	1	aaaa55
111	anim2R	2	1	929249
111	anim2R	3	1	9e9354
111	anim2R	4	1	ffff00
111	anim2R	5	1	808040
111	anim2R	6	1	a28b5d
111	anim2R	7	1	999966
111	anim2R	8	1	808080
111	anim2R	9	1	aa8055
111	anim2R	10	2	ffff00
111	anim2R	11	2	ff9e00
111	anim2R	12	2	ffaa00
111	anim2R	13	3	ffce8c
111	anim2R	14	3	ffdb92
111	anim2R	15	3	ffffff
111	anim2R	16	3	ffff80
111	anim2R	17	1	ffffff
111	anim2R	18	3	ffd580
111	anim2R	19	3	ffcc80
111	anim2R	20	3	ffc489
111	anim2R	21	2	ff9200
111	anim2R	22	3	ffcc99
111	anim2R	23	3	ffaaaa
111	anim2R	24	3	ffbf80
111	anim2R	25	2	ff8000
111	anim3L	1	1	ffff00
111	anim3L	2	1	999966
111	anim3L	3	1	808080
111	anim3L	4	1	9e9354
111	anim3L	5	1	a28b5d
111	anim3L	6	1	aaaa55
111	anim3L	7	2	ffaa00
111	anim3L	8	2	ff9e00
111	anim3L	9	2	ffff00
111	anim3L	10	3	ffdb92
111	anim3L	11	3	ffce8c
111	anim3L	12	3	ffff80
111	anim3L	13	3	ffffff
111	anim3L	14	1	ffffff
111	anim3L	15	3	ffd580
111	anim3L	16	1	808040
111	anim3L	17	1	aa8055
111	anim3L	18	2	ff9200
111	anim3L	19	3	ffcc99
111	anim3L	20	3	ffcc80
111	anim3L	21	3	ffc489
111	anim3L	22	3	ffbf80
111	anim3L	23	2	ff8000
111	anim3L	24	1	929249
111	anim3L	25	3	ffaaaa
111	anim3R	1	1	9e9354
111	anim3R	2	1	a28b5d
111	anim3R	3	1	aaaa55
111	anim3R	4	1	ffff00
111	anim3R	5	1	999966
111	anim3R	6	2	ff9e00
111	anim3R	7	2	ffaa00
111	anim3R	8	2	ffff00
111	anim3R	9	1	808080
111	anim3R	10	3	ffff80
111	anim3R	11	3	ffdb92
111	anim3R	12	3	ffce8c
111	anim3R	13	1	ffffff
111	anim3R	14	1	808040
111	anim3R	15	3	ffcc80
111	anim3R	16	3	ffbf80
111	anim3R	17	3	ffffff
111	anim3R	18	2	ff9200
111	anim3R	19	3	ffaaaa
111	anim3R	20	1	929249
111	anim3R	21	2	ff8000
111	anim3R	22	3	ffc489
111	anim3R	23	1	aa8055
111	anim3R	24	3	ffcc99
111	anim3R	25	3	ffd580
111	dieL	1	1	9e9354
111	dieL	2	1	a28b5d
111	dieL	3	1	999966
111	dieL	4	1	808080
111	dieL	5	1	aa8055
111	dieL	6	1	ffff00
111	dieL	7	1	929249
111	dieL	8	3	ffffff
111	dieL	9	3	ffdb92
111	dieL	10	3	ffcc99
111	dieL	11	3	ffce8c
111	dieL	12	3	ffaaaa
111	dieL	13	1	aaaa55
111	dieL	14	1	ffffff
111	dieL	15	3	ffc489
111	dieL	16	3	ffff80
111	dieL	17	3	ffd580
111	dieL	18	3	ffbf80
111	dieL	19	1	808040
111	dieL	20	2	ff9e00
111	dieL	21	2	ffaa00
111	dieL	22	2	ffff00
111	dieL	23	2	ff8000
111	dieL	24	3	d64646
111	dieL	25	3	ff0000
111	dieL	26	1	000000
111	dieR	1	1	9e9354
111	dieR	2	1	929249
111	dieR	3	1	aaaa55
111	dieR	4	1	808080
111	dieR	5	1	aa8055
111	dieR	6	1	ffff00
111	dieR	7	1	a28b5d
111	dieR	8	1	9f9f60
111	dieR	9	1	808040
111	dieR	10	2	ffaa00
111	dieR	11	2	ff9e00
111	dieR	12	3	ffdb92
111	dieR	13	3	ffce8c
111	dieR	14	3	ffd580
111	dieR	15	2	ff8000
111	dieR	16	3	ffbf80
111	dieR	17	3	ffc489
111	dieR	18	2	ffff00
111	dieR	19	3	ffff80
111	dieR	20	3	ffcc99
111	dieR	21	3	ffaaaa
111	dieR	22	3	ffffff
111	dieR	23	3	d64646
111	hitL	1	1	9e9354
111	hitL	2	2	ff9e00
111	hitL	3	2	ffaa00
111	hitL	4	1	9f9f60
111	hitL	5	1	ffff00
111	hitL	6	3	ffff80
111	hitL	7	3	ffce8c
111	hitL	8	3	ffdb92
111	hitL	9	2	ffff00
111	hitL	10	2	ff8000
111	hitL	11	3	ffbf80
111	hitL	12	3	ffffff
111	hitL	13	3	ffcc99
111	hitL	14	3	ffd580
111	hitL	15	3	ffaaaa
111	hitL	16	1	808040
111	hitR	1	1	9e9354
111	hitR	2	1	808040
111	hitR	3	1	ffff00
111	hitR	4	2	ffaa00
111	hitR	5	1	9f9f60
111	hitR	6	2	ffff00
111	hitR	7	2	ff9e00
111	hitR	8	3	ffff80
111	hitR	9	3	ffce8c
111	hitR	10	3	ffdb92
111	hitR	11	2	ff8000
111	hitR	12	3	ffaaaa
111	hitR	13	3	ffffff
111	hitR	14	3	ffcc99
111	hitR	15	3	ffd580
111	hitR	16	3	ffbf80
111	runB	1	1	9e9354
111	runB	2	1	ffff00
111	runB	3	1	9f9f60
111	runB	4	1	808040
111	runB	5	2	ffff00
111	runB	6	2	ff9e00
111	runB	7	2	ffaa00
111	runB	8	2	ff8000
111	runB	9	3	ffdb92
111	runB	10	3	ffce8c
111	runB	11	3	ffd580
111	runB	12	3	ffcc99
111	runB	13	3	ffff80
111	runB	14	3	ffffff
111	runB	15	3	ffbf80
111	runB	16	3	ffaaaa
111	runF	1	2	ff9e00
111	runF	2	2	ffff00
111	runF	3	2	ff8000
111	runF	4	2	ffaa00
111	runF	5	1	9e9354
111	runF	6	1	9f9f60
111	runF	7	1	ffff00
111	runF	8	1	808040
111	runF	9	3	ffaaaa
111	runF	10	3	ffdb92
111	runF	11	3	ffff80
111	runF	12	3	ffce8c
111	runF	13	3	ffffff
111	runF	14	3	ffd580
111	runF	15	3	ffbf80
111	runF	16	3	ffcc99
111	runL	1	1	9e9354
111	runL	2	1	ffff00
111	runL	3	1	808040
111	runL	4	2	ffaa00
111	runL	5	2	ff9e00
111	runL	6	2	ffff00
111	runL	7	3	ffffff
111	runL	8	3	ffce8c
111	runL	9	3	ffff80
111	runL	10	3	ffdb92
111	runL	11	3	ffbf80
111	runL	12	2	ff8000
111	runL	13	3	ffcc99
111	runL	14	3	ffaaaa
111	runL	15	3	ffd580
111	runR	1	2	ff9e00
111	runR	2	2	ffaa00
111	runR	3	2	ff8000
111	runR	4	2	ffff00
111	runR	5	1	9e9354
111	runR	6	1	ffff00
111	runR	7	1	808040
111	runR	8	3	ffbf80
111	runR	9	3	ffd580
111	runR	10	3	ffce8c
111	runR	11	3	ffff80
111	runR	12	3	ffdb92
111	runR	13	3	ffffff
111	runR	14	3	ffcc99
111	runR	15	3	ffaaaa
111	runS	1	2	ffff00
111	runS	2	2	ff9e00
111	runS	3	2	ffaa00
111	runS	4	2	ff8000
111	runS	5	3	ffce8c
111	runS	6	3	ffdb92
111	runS	7	1	9e9354
111	runS	8	3	ffffff
111	runS	9	3	ffbf80
111	runS	10	3	ffff80
111	runS	11	3	ffcc99
111	runS	12	3	ffaaaa
111	runS	13	3	ffd580
111	staticB	1	1	9e9354
111	staticB	2	2	ff9e00
111	staticB	3	3	ffce8c
111	staticF	1	1	9e9354
111	staticF	2	2	ff9e00
111	staticF	3	3	ffce8c
111	staticL	1	1	9e9354
111	staticL	2	2	ff9e00
111	staticL	3	3	ffce8c
111	staticR	1	1	9e9354
111	staticR	2	2	ff9e00
111	staticR	3	3	ffce8c
111	staticS	1	1	9e9354
111	staticS	2	2	ff9e00
111	staticS	3	3	ffce8c
111	walkB	1	1	9e9354
111	walkB	2	2	ff9e00
111	walkB	3	2	ff8000
111	walkB	4	2	ffaa00
111	walkB	5	2	ffff00
111	walkB	6	3	ffbf80
111	walkB	7	3	ffce8c
111	walkB	8	3	ffffff
111	walkB	9	3	ffcc99
111	walkB	10	3	ffff80
111	walkB	11	3	ffaaaa
111	walkB	12	3	d64646
111	walkF	1	1	9e9354
111	walkF	2	2	ffaa00
111	walkF	3	2	ffff00
111	walkF	4	2	ff9e00
111	walkF	5	3	ffce8c
111	walkF	6	3	ffaaaa
111	walkF	7	3	ffcc99
111	walkF	8	3	ffffff
111	walkF	9	3	ffff80
111	walkF	10	3	ffbf80
111	walkF	11	2	ff8000
111	walkL	1	1	9e9354
111	walkL	2	2	ff9e00
111	walkL	3	2	ffaa00
111	walkL	4	2	ffff00
111	walkL	5	3	ffff80
111	walkL	6	3	ffffff
111	walkL	7	3	ffcc99
111	walkL	8	3	ffce8c
111	walkL	9	2	ff8000
111	walkL	10	3	ffbf80
111	walkL	11	3	ffaaaa
111	walkR	1	1	9e9354
111	walkR	2	2	ffff00
111	walkR	3	2	ffaa00
111	walkR	4	2	ff9e00
111	walkR	5	3	ffff80
111	walkR	6	3	ffffff
111	walkR	7	3	ffce8c
111	walkR	8	3	ffcc99
111	walkS	1	1	9e9354
111	walkS	2	2	ffff00
111	walkS	3	2	ffaa00
111	walkS	4	2	ff9e00
111	walkS	5	3	ffcc99
111	walkS	6	3	ffce8c
111	walkS	7	3	ffffff
120	anim0L	1	2	e3a548
120	anim0L	2	2	e09b44
120	anim0L	3	2	e9bb52
120	anim0L	4	2	ff8080
120	anim0L	5	2	e6cc66
120	anim0L	6	3	808000
120	anim0L	7	2	ffaa55
120	anim0L	8	3	40402b
120	anim0L	9	3	3a3d21
120	anim0L	10	1	911600
120	anim0L	11	1	ff0000
120	anim0L	12	3	000000
120	anim0L	13	3	494924
120	anim0L	14	1	b0351c
120	anim0L	15	2	ffff00
120	anim0L	16	2	e8b974
120	anim0L	17	2	f2c56a
120	anim0L	18	3	2e4617
120	anim0L	19	2	ffd555
120	anim0L	20	2	ffff80
120	anim0L	21	2	ffcc66
120	anim0L	22	2	ffe88d
120	anim0L	23	3	555500
120	anim0L	24	2	ffc671
120	anim0L	25	2	ffbf60
120	anim0L	26	3	2b2b2b
120	anim0L	27	2	ffff99
120	anim0L	28	3	33331a
120	anim0L	29	3	404040
120	anim0L	30	3	464617
120	anim0R	1	1	911600
120	anim0R	2	1	ff0000
120	anim0R	3	3	000000
120	anim0R	4	2	e9bb52
120	anim0R	5	2	e3a548
120	anim0R	6	2	ffc671
120	anim0R	7	2	ffaa55
120	anim0R	8	3	3a3d21
120	anim0R	9	3	2b2b2b
120	anim0R	10	3	404040
120	anim0R	11	3	494924
120	anim0R	12	2	e6cc66
120	anim0R	13	3	808000
120	anim0R	14	3	555500
120	anim0R	15	2	ffbf60
120	anim0R	16	2	ff8080
120	anim0R	17	2	ffcc66
120	anim0R	18	2	e8b974
120	anim0R	19	2	ffff00
120	anim0R	20	2	e09b44
120	anim0R	21	3	40402b
120	anim0R	22	2	ffbf80
120	anim0R	23	3	2e4617
120	anim0R	24	1	b0351c
120	anim0R	25	2	ffff80
120	anim0R	26	2	ffd555
120	anim0R	27	2	ffe88d
120	anim0R	28	3	464617
120	anim0R	29	2	f2c56a
120	anim0R	30	2	ffff99
120	anim0R	31	3	33331a
120	anim10L	1	2	e09b44
120	anim10L	2	2	e3a548
120	anim10L	3	2	ffaa55
120	anim10L	4	2	e9bb52
120	anim10L	5	2	ffff00
120	anim10L	6	2	e6cc66
120	anim10L	7	2	ff8080
120	anim10L	8	2	ffc671
120	anim10L	9	2	ffcc66
120	anim10L	10	2	ffd555
120	anim10L	11	2	ffbf60
120	anim10L	12	1	911600
120	anim10L	13	1	b0351c
120	anim10L	14	1	ff0000
120	anim10L	15	2	ffff80
120	anim10L	16	2	ffb66d
120	anim10L	17	2	f2c56a
120	anim10L	18	2	ffe88d
120	anim10L	19	2	ffbf80
120	anim10L	20	3	2b2b2b
120	anim10L	21	3	3a3d21
120	anim10L	22	3	808000
120	anim10L	23	3	555500
120	anim10L	24	3	000000
120	anim10L	25	3	404040
120	anim10L	26	3	494924
120	anim10L	27	3	40402b
120	anim10L	28	3	2e4617
120	anim10L	29	2	ffff99
120	anim10L	30	3	33331a
120	anim10L	31	3	464617
120	anim10R	1	2	e09b44
120	anim10R	2	2	ff8080
120	anim10R	3	2	e9bb52
120	anim10R	4	2	e3a548
120	anim10R	5	2	ffaa55
120	anim10R	6	2	ffff00
120	anim10R	7	2	ffcc66
120	anim10R	8	2	ffd555
120	anim10R	9	2	e6cc66
120	anim10R	10	2	e8b974
120	anim10R	11	2	ffbf60
120	anim10R	12	1	b0351c
120	anim10R	13	1	911600
120	anim10R	14	2	f2c56a
120	anim10R	15	2	ffe88d
120	anim10R	16	2	ffc671
120	anim10R	17	2	ffff80
120	anim10R	18	1	ff0000
120	anim10R	19	3	000000
120	anim10R	20	3	33331a
120	anim10R	21	3	555500
120	anim10R	22	3	3a3d21
120	anim10R	23	3	808000
120	anim10R	24	2	ffbf80
120	anim10R	25	3	494924
120	anim10R	26	3	40402b
120	anim10R	27	2	ffb66d
120	anim10R	28	3	2b2b2b
120	anim10R	29	3	2e4617
120	anim10R	30	3	404040
120	anim10R	31	3	464617
120	anim11L	1	1	911600
120	anim11L	2	1	b0351c
120	anim11L	3	2	e3a548
120	anim11L	4	2	e9bb52
120	anim11L	5	2	e6cc66
120	anim11L	6	2	e09b44
120	anim11L	7	2	ffd555
120	anim11L	8	2	ffaa55
120	anim11L	9	2	e8b974
120	anim11L	10	2	ff8080
120	anim11L	11	1	ff0000
120	anim11L	12	2	ffff00
120	anim11L	13	2	ffbf60
120	anim11L	14	2	ffcc66
120	anim11L	15	2	f2c56a
120	anim11L	16	2	ffff99
120	anim11L	17	2	ffe88d
120	anim11L	18	2	ffc671
120	anim11L	19	2	ffff80
120	anim11L	20	3	808000
120	anim11L	21	2	ffb66d
120	anim11L	22	3	3a3d21
120	anim11L	23	3	494924
120	anim11L	24	3	33331a
120	anim11L	25	3	000000
120	anim11L	26	3	40402b
120	anim11L	27	3	333333
120	anim11L	28	3	555500
120	anim11L	29	3	464617
120	anim11L	30	3	404040
120	anim11L	31	3	2e4617
120	anim11R	1	2	e9bb52
120	anim11R	2	2	ffd555
120	anim11R	3	2	ffff00
120	anim11R	4	2	ff8080
120	anim11R	5	2	ffcc66
120	anim11R	6	1	911600
120	anim11R	7	1	b0351c
120	anim11R	8	2	ffbf60
120	anim11R	9	2	ffb66d
120	anim11R	10	2	f2c56a
120	anim11R	11	1	ff0000
120	anim11R	12	2	e3a548
120	anim11R	13	2	e6cc66
120	anim11R	14	2	ffaa55
120	anim11R	15	2	e09b44
120	anim11R	16	2	ffc671
120	anim11R	17	2	ffe88d
120	anim11R	18	3	808000
120	anim11R	19	3	494924
120	anim11R	20	2	ffff80
120	anim11R	21	3	3a3d21
120	anim11R	22	3	464617
120	anim11R	23	3	40402b
120	anim11R	24	3	555500
120	anim11R	25	3	33331a
120	anim11R	26	3	2e4617
120	anim11R	27	3	333333
120	anim11R	28	2	ffff99
120	anim11R	29	2	ffbf80
120	anim11R	30	3	404040
120	anim11R	31	3	000000
120	anim12L	1	1	911600
120	anim12L	2	1	b0351c
120	anim12L	3	2	e3a548
120	anim12L	4	2	e9bb52
120	anim12L	5	2	e6cc66
120	anim12L	6	2	e09b44
120	anim12L	7	2	ffd555
120	anim12L	8	2	ffaa55
120	anim12L	9	2	e8b974
120	anim12L	10	2	ff8080
120	anim12L	11	1	ff0000
120	anim12L	12	2	ffff00
120	anim12L	13	2	ffbf60
120	anim12L	14	2	ffcc66
120	anim12L	15	2	f2c56a
120	anim12L	16	2	ffff99
120	anim12L	17	2	ffe88d
120	anim12L	18	2	ffc671
120	anim12L	19	2	ffff80
120	anim12L	20	3	808000
120	anim12L	21	2	ffb66d
120	anim12L	22	3	3a3d21
120	anim12L	23	3	494924
120	anim12L	24	3	33331a
120	anim12L	25	3	000000
120	anim12L	26	3	40402b
120	anim12L	27	3	333333
120	anim12L	28	3	555500
120	anim12L	29	3	464617
120	anim12L	30	3	404040
120	anim12L	31	3	2e4617
120	anim12R	1	2	e9bb52
120	anim12R	2	2	ffd555
120	anim12R	3	2	ffff00
120	anim12R	4	2	ff8080
120	anim12R	5	2	ffcc66
120	anim12R	6	1	911600
120	anim12R	7	1	b0351c
120	anim12R	8	2	ffbf60
120	anim12R	9	2	ffb66d
120	anim12R	10	2	f2c56a
120	anim12R	11	1	ff0000
120	anim12R	12	2	e3a548
120	anim12R	13	2	e6cc66
120	anim12R	14	2	ffaa55
120	anim12R	15	2	e09b44
120	anim12R	16	2	ffc671
120	anim12R	17	2	ffe88d
120	anim12R	18	3	808000
120	anim12R	19	3	494924
120	anim12R	20	2	ffff80
120	anim12R	21	3	3a3d21
120	anim12R	22	3	464617
120	anim12R	23	3	40402b
120	anim12R	24	3	555500
120	anim12R	25	3	33331a
120	anim12R	26	3	2e4617
120	anim12R	27	3	333333
120	anim12R	28	2	ffff99
120	anim12R	29	2	ffbf80
120	anim12R	30	3	404040
120	anim12R	31	3	000000
120	anim13L	1	1	911600
120	anim13L	2	1	b0351c
120	anim13L	3	2	e3a548
120	anim13L	4	2	e9bb52
120	anim13L	5	2	e6cc66
120	anim13L	6	2	e09b44
120	anim13L	7	2	ffd555
120	anim13L	8	2	ffaa55
120	anim13L	9	2	e8b974
120	anim13L	10	2	ff8080
120	anim13L	11	2	ffff00
120	anim13L	12	1	ff0000
120	anim13L	13	2	ffbf60
120	anim13L	14	2	ffcc66
120	anim13L	15	2	f2c56a
120	anim13L	16	2	ffe88d
120	anim13L	17	2	ffc671
120	anim13L	18	2	ffff80
120	anim13L	19	3	808000
120	anim13L	20	2	ffb66d
120	anim13L	21	3	3a3d21
120	anim13L	22	3	494924
120	anim13L	23	3	33331a
120	anim13L	24	3	000000
120	anim13L	25	2	ffff99
120	anim13L	26	2	ffbf80
120	anim13L	27	3	40402b
120	anim13L	28	3	333333
120	anim13L	29	3	555500
120	anim13L	30	3	464617
120	anim13L	31	3	404040
120	anim13L	32	3	2e4617
120	anim13R	1	2	e9bb52
120	anim13R	2	2	ffd555
120	anim13R	3	2	ffff00
120	anim13R	4	2	ff8080
120	anim13R	5	2	ffcc66
120	anim13R	6	1	911600
120	anim13R	7	1	b0351c
120	anim13R	8	2	ffbf60
120	anim13R	9	2	ffb66d
120	anim13R	10	2	f2c56a
120	anim13R	11	1	ff0000
120	anim13R	12	2	e3a548
120	anim13R	13	2	e6cc66
120	anim13R	14	2	ffaa55
120	anim13R	15	2	e09b44
120	anim13R	16	2	ffc671
120	anim13R	17	2	ffe88d
120	anim13R	18	3	808000
120	anim13R	19	3	494924
120	anim13R	20	2	ffff80
120	anim13R	21	3	3a3d21
120	anim13R	22	3	464617
120	anim13R	23	3	40402b
120	anim13R	24	3	404040
120	anim13R	25	3	333333
120	anim13R	26	3	555500
120	anim13R	27	3	33331a
120	anim13R	28	3	2e4617
120	anim13R	29	2	ffff99
120	anim13R	30	2	ffbf80
120	anim13R	31	3	000000
120	anim14L	1	1	911600
120	anim14L	2	1	b0351c
120	anim14L	3	2	e3a548
120	anim14L	4	2	e9bb52
120	anim14L	5	2	e6cc66
120	anim14L	6	2	e09b44
120	anim14L	7	2	ffd555
120	anim14L	8	2	ffaa55
120	anim14L	9	2	e8b974
120	anim14L	10	2	ff8080
120	anim14L	11	2	ffff00
120	anim14L	12	1	ff0000
120	anim14L	13	2	ffbf60
120	anim14L	14	2	ffcc66
120	anim14L	15	2	f2c56a
120	anim14L	16	2	ffe88d
120	anim14L	17	2	ffc671
120	anim14L	18	2	ffff80
120	anim14L	19	3	808000
120	anim14L	20	2	ffb66d
120	anim14L	21	3	3a3d21
120	anim14L	22	3	494924
120	anim14L	23	3	33331a
120	anim14L	24	3	000000
120	anim14L	25	2	ffff99
120	anim14L	26	2	ffbf80
120	anim14L	27	3	40402b
120	anim14L	28	3	333333
120	anim14L	29	3	555500
120	anim14L	30	3	464617
120	anim14L	31	3	404040
120	anim14L	32	3	2e4617
120	anim14R	1	2	e9bb52
120	anim14R	2	2	ffd555
120	anim14R	3	2	ffff00
120	anim14R	4	2	ff8080
120	anim14R	5	2	ffcc66
120	anim14R	6	1	911600
120	anim14R	7	1	b0351c
120	anim14R	8	2	ffbf60
120	anim14R	9	2	ffb66d
120	anim14R	10	2	f2c56a
120	anim14R	11	1	ff0000
120	anim14R	12	2	e3a548
120	anim14R	13	2	e6cc66
120	anim14R	14	2	ffaa55
120	anim14R	15	2	e09b44
120	anim14R	16	2	ffc671
120	anim14R	17	2	ffe88d
120	anim14R	18	3	808000
120	anim14R	19	3	494924
120	anim14R	20	2	ffff80
120	anim14R	21	3	3a3d21
120	anim14R	22	3	464617
120	anim14R	23	3	40402b
120	anim14R	24	3	404040
120	anim14R	25	3	333333
120	anim14R	26	3	555500
120	anim14R	27	3	33331a
120	anim14R	28	3	2e4617
120	anim14R	29	2	ffff99
120	anim14R	30	2	ffbf80
120	anim14R	31	3	000000
120	anim15L	1	1	911600
120	anim15L	2	1	b0351c
120	anim15L	3	2	e3a548
120	anim15L	4	2	e9bb52
120	anim15L	5	2	e6cc66
120	anim15L	6	2	e09b44
120	anim15L	7	2	ffd555
120	anim15L	8	2	ffaa55
120	anim15L	9	2	e8b974
120	anim15L	10	2	ff8080
120	anim15L	11	1	ff0000
120	anim15L	12	2	ffff00
120	anim15L	13	2	ffbf60
120	anim15L	14	2	ffcc66
120	anim15L	15	2	f2c56a
120	anim15L	16	2	ffff99
120	anim15L	17	2	ffe88d
120	anim15L	18	2	ffc671
120	anim15L	19	2	ffff80
120	anim15L	20	3	808000
120	anim15L	21	2	ffb66d
120	anim15L	22	3	3a3d21
120	anim15L	23	3	494924
120	anim15L	24	3	33331a
120	anim15L	25	3	000000
120	anim15L	26	3	40402b
120	anim15L	27	3	333333
120	anim15L	28	3	555500
120	anim15L	29	3	464617
120	anim15L	30	3	404040
120	anim15L	31	3	2e4617
120	anim15R	1	2	e9bb52
120	anim15R	2	2	ffd555
120	anim15R	3	2	ffff00
120	anim15R	4	2	ff8080
120	anim15R	5	2	ffcc66
120	anim15R	6	1	911600
120	anim15R	7	1	b0351c
120	anim15R	8	2	ffbf60
120	anim15R	9	2	ffb66d
120	anim15R	10	2	f2c56a
120	anim15R	11	1	ff0000
120	anim15R	12	2	e3a548
120	anim15R	13	2	e6cc66
120	anim15R	14	2	ffaa55
120	anim15R	15	2	e09b44
120	anim15R	16	2	ffc671
120	anim15R	17	2	ffe88d
120	anim15R	18	3	808000
120	anim15R	19	3	494924
120	anim15R	20	2	ffff80
120	anim15R	21	3	3a3d21
120	anim15R	22	3	464617
120	anim15R	23	3	40402b
120	anim15R	24	3	404040
120	anim15R	25	3	333333
120	anim15R	26	3	555500
120	anim15R	27	3	33331a
120	anim15R	28	3	2e4617
120	anim15R	29	2	ffff99
120	anim15R	30	2	ffbf80
120	anim15R	31	3	000000
120	anim16L	1	1	911600
120	anim16L	2	1	b0351c
120	anim16L	3	2	e3a548
120	anim16L	4	2	e9bb52
120	anim16L	5	2	e6cc66
120	anim16L	6	2	e09b44
120	anim16L	7	2	ffd555
120	anim16L	8	2	ffaa55
120	anim16L	9	2	e8b974
120	anim16L	10	2	ff8080
120	anim16L	11	2	ffff00
120	anim16L	12	1	ff0000
120	anim16L	13	2	ffbf60
120	anim16L	14	2	ffcc66
120	anim16L	15	2	f2c56a
120	anim16L	16	2	ffe88d
120	anim16L	17	2	ffc671
120	anim16L	18	2	ffff80
120	anim16L	19	3	808000
120	anim16L	20	2	ffb66d
120	anim16L	21	3	3a3d21
120	anim16L	22	3	494924
120	anim16L	23	3	33331a
120	anim16L	24	3	000000
120	anim16L	25	2	ffff99
120	anim16L	26	2	ffbf80
120	anim16L	27	3	40402b
120	anim16L	28	3	333333
120	anim16L	29	3	555500
120	anim16L	30	3	464617
120	anim16L	31	3	404040
120	anim16L	32	3	2e4617
120	anim16R	1	2	e9bb52
120	anim16R	2	2	ffd555
120	anim16R	3	2	ffff00
120	anim16R	4	2	ff8080
120	anim16R	5	2	ffcc66
120	anim16R	6	1	911600
120	anim16R	7	1	b0351c
120	anim16R	8	2	ffbf60
120	anim16R	9	2	ffb66d
120	anim16R	10	2	f2c56a
120	anim16R	11	1	ff0000
120	anim16R	12	2	e3a548
120	anim16R	13	2	e6cc66
120	anim16R	14	2	ffaa55
120	anim16R	15	2	e09b44
120	anim16R	16	2	ffc671
120	anim16R	17	2	ffe88d
120	anim16R	18	3	808000
120	anim16R	19	3	494924
120	anim16R	20	2	ffff80
120	anim16R	21	3	3a3d21
120	anim16R	22	3	464617
120	anim16R	23	3	40402b
120	anim16R	24	3	404040
120	anim16R	25	3	333333
120	anim16R	26	3	555500
120	anim16R	27	3	33331a
120	anim16R	28	3	2e4617
120	anim16R	29	2	ffff99
120	anim16R	30	2	ffbf80
120	anim16R	31	3	000000
120	anim17L	1	2	e09b44
120	anim17L	2	2	e3a548
120	anim17L	3	2	e9bb52
120	anim17L	4	2	e6cc66
120	anim17L	5	2	ffff00
120	anim17L	6	2	ffaa55
120	anim17L	7	1	911600
120	anim17L	8	1	b0351c
120	anim17L	9	1	ff0000
120	anim17L	10	2	ff8080
120	anim17L	11	2	ffbf40
120	anim17L	12	2	ffcc66
120	anim17L	13	2	ffbf60
120	anim17L	14	2	ffd555
120	anim17L	15	2	e8b974
120	anim17L	16	2	f2c56a
120	anim17L	17	2	ffc671
120	anim17L	18	2	ffe88d
120	anim17L	19	2	ffff80
120	anim17L	20	2	ffff99
120	anim17L	21	3	808000
120	anim17L	22	3	000000
120	anim17L	23	3	464617
120	anim17L	24	3	3a3d21
120	anim17L	25	3	40402b
120	anim17L	26	3	494924
120	anim17L	27	3	404040
120	anim17L	28	3	33331a
120	anim17L	29	3	555500
120	anim17L	30	3	333333
120	anim17L	31	3	2e4617
120	anim17R	1	2	e9bb52
120	anim17R	2	2	e3a548
120	anim17R	3	2	e09b44
120	anim17R	4	2	f2c56a
120	anim17R	5	1	911600
120	anim17R	6	2	ffbf60
120	anim17R	7	1	b0351c
120	anim17R	8	1	ff0000
120	anim17R	9	2	ff8080
120	anim17R	10	2	ffaa55
120	anim17R	11	2	ffff00
120	anim17R	12	2	ffcc66
120	anim17R	13	2	e6cc66
120	anim17R	14	2	ffd555
120	anim17R	15	2	e8b974
120	anim17R	16	2	ffc671
120	anim17R	17	2	ffe88d
120	anim17R	18	2	ffff80
120	anim17R	19	3	494924
120	anim17R	20	3	808000
120	anim17R	21	3	000000
120	anim17R	22	3	3a3d21
120	anim17R	23	3	333333
120	anim17R	24	2	ffff99
120	anim17R	25	3	40402b
120	anim17R	26	3	33331a
120	anim17R	27	3	404040
120	anim17R	28	3	555500
120	anim17R	29	3	2e4617
120	anim17R	30	3	464617
120	anim18L	1	2	e9bb52
120	anim18L	2	2	e6cc66
120	anim18L	3	2	e09b44
120	anim18L	4	2	e3a548
120	anim18L	5	2	ffbf40
120	anim18L	6	2	ffcc66
120	anim18L	7	2	ff8080
120	anim18L	8	2	ffb66d
120	anim18L	9	2	ffaa55
120	anim18L	10	2	ffbf60
120	anim18L	11	1	911600
120	anim18L	12	2	ffd555
120	anim18L	13	2	e8b974
120	anim18L	14	1	b0351c
120	anim18L	15	2	ffff00
120	anim18L	16	1	ff0000
120	anim18L	17	2	ffbf80
120	anim18L	18	2	ffc671
120	anim18L	19	2	f2c56a
120	anim18L	20	2	ffff80
120	anim18L	21	2	ffe88d
120	anim18L	22	3	33331a
120	anim18L	23	2	ffff99
120	anim18L	24	3	000000
120	anim18L	25	3	808000
120	anim18L	26	3	3a3d21
120	anim18L	27	3	494924
120	anim18L	28	3	404040
120	anim18L	29	3	555500
120	anim18L	30	3	333333
120	anim18L	31	3	464617
120	anim18L	32	3	40402b
120	anim18L	33	3	2e4617
120	anim18R	1	2	e09b44
120	anim18R	2	2	ffaa55
120	anim18R	3	2	e9bb52
120	anim18R	4	2	e3a548
120	anim18R	5	2	ffbf40
120	anim18R	6	2	ffb66d
120	anim18R	7	2	e6cc66
120	anim18R	8	1	911600
120	anim18R	9	2	ff8080
120	anim18R	10	1	b0351c
120	anim18R	11	1	ff0000
120	anim18R	12	2	ffd555
120	anim18R	13	2	ffbf60
120	anim18R	14	2	ffff00
120	anim18R	15	2	f2c56a
120	anim18R	16	2	ffff80
120	anim18R	17	2	ffe88d
120	anim18R	18	2	ffc671
120	anim18R	19	2	e8b974
120	anim18R	20	2	ffcc66
120	anim18R	21	2	ffbf80
120	anim18R	22	3	808000
120	anim18R	23	2	ffff99
120	anim18R	24	3	494924
120	anim18R	25	3	333333
120	anim18R	26	3	3a3d21
120	anim18R	27	3	40402b
120	anim18R	28	3	000000
120	anim18R	29	3	2e4617
120	anim18R	30	3	555500
120	anim18R	31	3	404040
120	anim18R	32	3	464617
120	anim18R	33	3	33331a
120	anim1L	1	2	e9bb52
120	anim1L	2	2	e6cc66
120	anim1L	3	2	ffff00
120	anim1L	4	1	911600
120	anim1L	5	1	b0351c
120	anim1L	6	2	ffaa55
120	anim1L	7	2	ffbf60
120	anim1L	8	2	e09b44
120	anim1L	9	2	ffd555
120	anim1L	10	1	ff0000
120	anim1L	11	2	e3a548
120	anim1L	12	2	ffb66d
120	anim1L	13	2	ffcc66
120	anim1L	14	2	e8b974
120	anim1L	15	2	f2c56a
120	anim1L	16	2	ff8080
120	anim1L	17	2	ffe88d
120	anim1L	18	2	ffff80
120	anim1L	19	2	ffc671
120	anim1L	20	3	494924
120	anim1L	21	3	2e4617
120	anim1L	22	3	808000
120	anim1L	23	3	3a3d21
120	anim1L	24	3	40402b
120	anim1L	25	3	2b2b2b
120	anim1L	26	3	404040
120	anim1L	27	3	555500
120	anim1L	28	3	000000
120	anim1R	1	2	e09b44
120	anim1R	2	2	e9bb52
120	anim1R	3	2	ffff00
120	anim1R	4	2	ffaa55
120	anim1R	5	2	ffcc66
120	anim1R	6	2	e3a548
120	anim1R	7	1	911600
120	anim1R	8	2	ffd555
120	anim1R	9	2	ff8080
120	anim1R	10	1	b0351c
120	anim1R	11	2	e6cc66
120	anim1R	12	2	ffc671
120	anim1R	13	2	ffbf60
120	anim1R	14	1	ff0000
120	anim1R	15	2	e8b974
120	anim1R	16	2	f2c56a
120	anim1R	17	2	ffff80
120	anim1R	18	2	ffe88d
120	anim1R	19	2	ffb66d
120	anim1R	20	3	494924
120	anim1R	21	3	808000
120	anim1R	22	3	3a3d21
120	anim1R	23	3	40402b
120	anim1R	24	3	000000
120	anim1R	25	3	2b2b2b
120	anim1R	26	3	464617
120	anim1R	27	3	33331a
120	anim1R	28	3	555500
120	anim1R	29	3	2e4617
120	anim2L	1	2	e9bb52
120	anim2L	2	2	e6cc66
120	anim2L	3	2	ffff00
120	anim2L	4	1	911600
120	anim2L	5	1	b0351c
120	anim2L	6	2	ffaa55
120	anim2L	7	2	ffbf60
120	anim2L	8	2	e09b44
120	anim2L	9	2	ffd555
120	anim2L	10	1	ff0000
120	anim2L	11	2	e3a548
120	anim2L	12	2	ffb66d
120	anim2L	13	2	ffcc66
120	anim2L	14	2	e8b974
120	anim2L	15	2	f2c56a
120	anim2L	16	2	ff8080
120	anim2L	17	2	ffe88d
120	anim2L	18	2	ffff80
120	anim2L	19	2	ffc671
120	anim2L	20	3	494924
120	anim2L	21	3	2e4617
120	anim2L	22	3	808000
120	anim2L	23	3	3a3d21
120	anim2L	24	3	40402b
120	anim2L	25	3	2b2b2b
120	anim2L	26	3	404040
120	anim2L	27	3	555500
120	anim2L	28	3	000000
120	anim2R	1	2	e09b44
120	anim2R	2	2	e9bb52
120	anim2R	3	2	ffff00
120	anim2R	4	2	ffaa55
120	anim2R	5	2	ffcc66
120	anim2R	6	2	e3a548
120	anim2R	7	1	911600
120	anim2R	8	2	ffd555
120	anim2R	9	2	ff8080
120	anim2R	10	1	b0351c
120	anim2R	11	2	e6cc66
120	anim2R	12	2	ffc671
120	anim2R	13	2	ffbf60
120	anim2R	14	1	ff0000
120	anim2R	15	2	e8b974
120	anim2R	16	2	f2c56a
120	anim2R	17	2	ffff80
120	anim2R	18	2	ffe88d
120	anim2R	19	2	ffb66d
120	anim2R	20	3	494924
120	anim2R	21	3	808000
120	anim2R	22	3	3a3d21
120	anim2R	23	3	40402b
120	anim2R	24	3	000000
120	anim2R	25	3	2b2b2b
120	anim2R	26	3	464617
120	anim2R	27	3	33331a
120	anim2R	28	3	555500
120	anim2R	29	3	2e4617
120	anim3L	1	1	911600
120	anim3L	2	1	b0351c
120	anim3L	3	2	e9bb52
120	anim3L	4	2	ffe88d
120	anim3L	5	2	f2c56a
120	anim3L	6	2	e3a548
120	anim3L	7	2	ffd555
120	anim3L	8	2	ffcc66
120	anim3L	9	2	ffc671
120	anim3L	10	1	ff0000
120	anim3L	11	2	ffaa55
120	anim3L	12	2	e09b44
120	anim3L	13	2	ffff80
120	anim3L	14	2	ffbf60
120	anim3L	15	3	494924
120	anim3L	16	3	808000
120	anim3L	17	3	3a3d21
120	anim3L	18	2	ffff00
120	anim3L	19	2	ff8080
120	anim3L	20	3	40402b
120	anim3L	21	2	e8b974
120	anim3L	22	2	ffb66d
120	anim3L	23	2	e6cc66
120	anim3L	24	3	555500
120	anim3L	25	3	000000
120	anim3L	26	3	404040
120	anim3L	27	2	ffbf80
120	anim3L	28	3	464617
120	anim3L	29	3	2b2b2b
120	anim3L	30	3	33331a
120	anim3R	1	1	911600
120	anim3R	2	1	ff0000
120	anim3R	3	1	b0351c
120	anim3R	4	2	e9bb52
120	anim3R	5	2	ff8080
120	anim3R	6	2	e3a548
120	anim3R	7	2	ffd555
120	anim3R	8	2	ffcc66
120	anim3R	9	2	f2c56a
120	anim3R	10	2	ffe88d
120	anim3R	11	2	ffaa55
120	anim3R	12	2	ffbf60
120	anim3R	13	2	ffc671
120	anim3R	14	2	ffff80
120	anim3R	15	2	e6cc66
120	anim3R	16	3	808000
120	anim3R	17	2	ffff00
120	anim3R	18	3	494924
120	anim3R	19	3	3a3d21
120	anim3R	20	2	ffff99
120	anim3R	21	2	e09b44
120	anim3R	22	3	464617
120	anim3R	23	3	2b2b2b
120	anim3R	24	3	2e4617
120	anim3R	25	3	000000
120	anim3R	26	3	40402b
120	anim3R	27	3	33331a
120	anim3R	28	3	404040
120	anim3R	29	3	555500
120	dieL	1	3	3a3d21
120	dieL	2	3	555500
120	dieL	3	3	40402b
120	dieL	4	3	2e4617
120	dieL	5	2	f2c56a
120	dieL	6	3	494924
120	dieL	7	3	33331a
120	dieL	8	3	000000
120	dieL	9	2	ffff00
120	dieL	10	2	ffff80
120	dieL	11	3	808000
120	dieL	12	2	ffaa55
120	dieL	13	2	ffd555
120	dieL	14	3	464617
120	dieL	15	2	e09b44
120	dieL	16	1	b0351c
120	dieL	17	2	ffcc66
120	dieL	18	3	2b2b2b
120	dieL	19	3	404040
120	dieL	20	2	ffbf80
120	dieL	21	2	e9bb52
120	dieL	22	2	ffe88d
120	dieL	23	2	e3a548
120	dieL	24	2	e6cc66
120	dieL	25	2	ffb66d
120	dieL	26	1	911600
120	dieL	27	2	ffbf60
120	dieL	28	2	ff8080
120	dieL	29	2	ffff99
120	dieL	30	1	ff0000
120	dieL	31	2	e8b974
120	dieL	32	2	ffffff
120	dieR	1	3	3a3d21
120	dieR	2	3	555500
120	dieR	3	3	000000
120	dieR	4	3	40402b
120	dieR	5	3	333333
120	dieR	6	3	494924
120	dieR	7	3	33331a
120	dieR	8	3	404040
120	dieR	9	2	e09b44
120	dieR	10	2	e3a548
120	dieR	11	2	e9bb52
120	dieR	12	2	ffaa55
120	dieR	13	2	ffff00
120	dieR	14	2	ffff80
120	dieR	15	2	ffcc66
120	dieR	16	3	808000
120	dieR	17	2	ff8080
120	dieR	18	1	b0351c
120	dieR	19	2	f2c56a
120	dieR	20	2	ffbf60
120	dieR	21	1	911600
120	dieR	22	2	ffe88d
120	dieR	23	2	e6cc66
120	dieR	24	2	e8b974
120	dieR	25	2	ffbf80
120	dieR	26	2	ffffff
120	dieR	27	2	ffff99
120	hitL	1	1	b0351c
120	hitL	2	2	ffaa55
120	hitL	3	2	e9bb52
120	hitL	4	2	ffcc66
120	hitL	5	1	911600
120	hitL	6	2	e8b974
120	hitL	7	2	ffff80
120	hitL	8	2	f2c56a
120	hitL	9	2	ffbf60
120	hitL	10	3	555500
120	hitL	11	2	e3a548
120	hitL	12	3	3a3d21
120	hitL	13	2	ffe88d
120	hitL	14	2	e09b44
120	hitL	15	3	2b2b2b
120	hitR	1	1	911600
120	hitR	2	2	e9bb52
120	hitR	3	2	ffaa55
120	hitR	4	2	e3a548
120	hitR	5	2	e09b44
120	hitR	6	1	b0351c
120	hitR	7	2	ffcc66
120	hitR	8	2	ffbf60
120	hitR	9	2	f2c56a
120	hitR	10	2	ffe88d
120	hitR	11	2	ffff80
120	hitR	12	3	3a3d21
120	hitR	13	3	2b2b2b
120	hitR	14	3	555500
120	hitR	15	3	000000
120	runB	1	2	ffcc66
120	runB	2	2	e9bb52
120	runB	3	2	f2c56a
120	runB	4	2	ffe88d
120	runB	5	2	ffbf60
120	runB	6	2	ffbf80
120	runB	7	2	ffaa55
120	runB	8	2	ffff99
120	runB	9	2	ffffff
120	runB	10	2	e3a548
120	runB	11	1	911600
120	runB	12	2	ffff00
120	runB	13	1	b0351c
120	runB	14	3	3a3d21
120	runB	15	3	2b2b2b
120	runB	16	2	ffff80
120	runB	17	3	000000
120	runB	18	3	555500
120	runB	19	2	e8b974
120	runF	1	2	e9bb52
120	runF	2	2	ffcc66
120	runF	3	2	e3a548
120	runF	4	2	f2c56a
120	runF	5	2	e09b44
120	runF	6	2	ffbf80
120	runF	7	2	ffff00
120	runF	8	1	b0351c
120	runF	9	2	e8b974
120	runF	10	2	ffaa55
120	runF	11	2	ffbf60
120	runF	12	1	911600
120	runF	13	2	ffff80
120	runF	14	2	ffeb89
120	runF	15	3	3a3d21
120	runF	16	2	ffed92
120	runF	17	3	000000
120	runF	18	3	2b2b2b
120	runL	1	1	911600
120	runL	2	1	b0351c
120	runL	3	2	e9bb52
120	runL	4	2	e3a548
120	runL	5	2	ffaa55
120	runL	6	2	ffbf60
120	runL	7	2	e8b974
120	runL	8	2	ffff00
120	runL	9	2	e09b44
120	runL	10	2	f2c56a
120	runL	11	2	ffbf80
120	runL	12	2	ffcc66
120	runL	13	2	ffff80
120	runL	14	2	ffeb89
120	runL	15	3	3a3d21
120	runL	16	3	2b2b2b
120	runL	17	3	000000
120	runL	18	2	ffff99
120	runR	1	1	911600
120	runR	2	1	b0351c
120	runR	3	2	e09b44
120	runR	4	2	e9bb52
120	runR	5	2	ffff00
120	runR	6	2	e3a548
120	runR	7	2	ffaa55
120	runR	8	2	ffcc66
120	runR	9	2	e8b974
120	runR	10	2	ffbf60
120	runR	11	2	f2c56a
120	runR	12	2	ffeb89
120	runR	13	2	ffbf80
120	runR	14	3	3a3d21
120	runR	15	2	ffff80
120	runR	16	3	2b2b2b
120	runR	17	2	ffff99
120	runR	18	3	000000
120	runS	1	1	911600
120	runS	2	2	e9bb52
120	runS	3	2	e09b44
120	runS	4	1	b0351c
120	runS	5	2	ffaa55
120	runS	6	2	e3a548
120	runS	7	2	ffcc66
120	runS	8	2	ffbf60
120	runS	9	2	ffff00
120	runS	10	2	f2c56a
120	runS	11	2	ffeb89
120	runS	12	2	ffff80
120	runS	13	3	3a3d21
120	runS	14	2	ffbf80
120	runS	15	3	2b2b2b
120	runS	16	2	e8b974
120	runS	17	3	000000
120	runS	18	2	ffff99
120	runS	19	2	ffed92
120	staticB	1	1	911600
120	staticB	2	2	f2c56a
120	staticB	3	1	b0351c
120	staticB	4	3	3a3d21
120	staticF	1	1	b0351c
120	staticF	2	2	f2c56a
120	staticF	3	3	3a3d21
120	staticL	1	1	911600
120	staticL	2	1	b0351c
120	staticL	3	2	f2c56a
120	staticL	4	3	3a3d21
120	staticR	1	1	911600
120	staticR	2	2	f2c56a
120	staticR	3	1	b0351c
120	staticR	4	3	3a3d21
120	staticS	1	1	b0351c
120	staticS	2	2	f2c56a
120	staticS	3	3	3a3d21
120	walkB	1	1	911600
120	walkB	2	1	b0351c
120	walkB	3	2	e9bb52
120	walkB	4	2	ffbf60
120	walkB	5	2	ffaa55
120	walkB	6	2	ffcc66
120	walkB	7	2	e8b974
120	walkB	8	2	ffff00
120	walkB	9	2	e3a548
120	walkB	10	2	e09b44
120	walkB	11	2	f2c56a
120	walkB	12	2	ffed92
120	walkB	13	2	ffeb89
120	walkB	14	2	ffff80
120	walkB	15	2	ffff99
120	walkB	16	3	3a3d21
120	walkB	17	2	ffffff
120	walkB	18	3	2b2b2b
120	walkB	19	2	ffbf80
120	walkF	1	1	911600
120	walkF	2	1	b0351c
120	walkF	3	2	e9bb52
120	walkF	4	2	ffaa55
120	walkF	5	2	e09b44
120	walkF	6	2	ffcc66
120	walkF	7	2	e3a548
120	walkF	8	2	f2c56a
120	walkF	9	2	ffbf60
120	walkF	10	2	e8b974
120	walkF	11	2	ffff00
120	walkF	12	2	ffbf80
120	walkF	13	3	3a3d21
120	walkL	1	1	911600
120	walkL	2	1	b0351c
120	walkL	3	2	e9bb52
120	walkL	4	2	ffaa55
120	walkL	5	2	ffcc66
120	walkL	6	2	ffbf60
120	walkL	7	2	ffbf80
120	walkL	8	2	ffff00
120	walkL	9	2	e3a548
120	walkL	10	2	e09b44
120	walkL	11	2	f2c56a
120	walkL	12	3	3a3d21
120	walkL	13	2	e8b974
120	walkR	1	1	911600
120	walkR	2	1	b0351c
120	walkR	3	2	ffcc66
120	walkR	4	2	e9bb52
120	walkR	5	2	e8b974
120	walkR	6	2	f2c56a
120	walkR	7	2	e3a548
120	walkR	8	2	ffff00
120	walkR	9	2	ffbf80
120	walkR	10	3	3a3d21
120	walkR	11	2	e09b44
120	walkS	1	1	b0351c
120	walkS	2	1	911600
120	walkS	3	2	f2c56a
120	walkS	4	2	e9bb51
120	walkS	5	2	e8b974
120	walkS	6	2	e09b44
120	walkS	7	3	3a3d21
121	anim0L	1	1	aa5500
121	anim0L	2	1	cd3d20
121	anim0L	3	1	bf4020
121	anim0L	4	1	ff0000
121	anim0L	5	1	cc3333
121	anim0L	6	2	e09b44
121	anim0L	7	1	db4924
121	anim0L	8	2	e9bb52
121	anim0L	9	2	ffaa55
121	anim0L	10	2	f2c56a
121	anim0L	11	3	cd3d20
121	anim0L	12	2	ffff00
121	anim0L	13	2	e8b974
121	anim0L	14	2	ffff80
121	anim0L	15	2	ffbf60
121	anim0L	16	2	ffd555
121	anim0L	17	2	ffcc66
121	anim0R	1	1	db4924
121	anim0R	2	1	cd3d20
121	anim0R	3	1	bf4020
121	anim0R	4	1	ff0000
121	anim0R	5	1	cc3333
121	anim0R	6	1	aa5500
121	anim0R	7	2	f2c56a
121	anim0R	8	2	ffff80
121	anim0R	9	2	ffbf60
121	anim0R	10	2	ffcc66
121	anim0R	11	2	ffff00
121	anim0R	12	2	e8b974
121	anim0R	13	3	cd3d20
121	anim0R	14	2	ffd555
121	anim0R	15	2	e9bb52
121	anim0R	16	2	e09b44
121	anim0R	17	2	ffaa55
121	anim10L	1	2	e09b44
121	anim10L	2	2	e3a648
121	anim10L	3	2	ffaa55
121	anim10L	4	2	e9bb52
121	anim10L	5	2	ffff00
121	anim10L	6	1	aa5500
121	anim10L	7	1	d52b2b
121	anim10L	8	1	cd3d20
121	anim10L	9	1	db4924
121	anim10L	10	1	ff0000
121	anim10L	11	1	bf4020
121	anim10L	12	2	ffb66d
121	anim10L	13	2	ffcc66
121	anim10L	14	2	f2c56a
121	anim10L	15	2	ffd555
121	anim10L	16	1	cc3333
121	anim10L	17	2	e8b974
121	anim10L	18	2	ffbf60
121	anim10L	19	3	cd3d20
121	anim10L	20	2	ffff80
121	anim10R	1	2	e09b44
121	anim10R	2	2	ffaa55
121	anim10R	3	2	e9bb52
121	anim10R	4	2	e3a648
121	anim10R	5	2	ffb66d
121	anim10R	6	2	ffff00
121	anim10R	7	2	ffcc66
121	anim10R	8	2	ffd555
121	anim10R	9	1	cc3333
121	anim10R	10	1	ff0000
121	anim10R	11	1	cd3d20
121	anim10R	12	2	e8b974
121	anim10R	13	1	bf4020
121	anim10R	14	1	db4924
121	anim10R	15	1	aa5500
121	anim10R	16	1	d52b2b
121	anim10R	17	2	ffbf60
121	anim10R	18	2	f2c56a
121	anim10R	19	2	ffff80
121	anim10R	20	2	ffbf80
121	anim10R	21	3	cd3d20
121	anim11L	1	1	aa5500
121	anim11L	2	1	cd3d20
121	anim11L	3	1	cc3333
121	anim11L	4	1	db4924
121	anim11L	5	1	ff0000
121	anim11L	6	1	bf4020
121	anim11L	7	1	d52b2b
121	anim11L	8	1	f2c56a
121	anim11L	9	2	f2c56a
121	anim11L	10	2	ffcc66
121	anim11L	11	2	e9bb52
121	anim11L	12	2	ffbf80
121	anim11L	13	2	ffbf60
121	anim11L	14	2	ffff80
121	anim11L	15	3	cd3d20
121	anim11L	16	2	ffc671
121	anim11L	17	2	ffd555
121	anim11L	18	2	e3a648
121	anim11L	19	2	ffaa55
121	anim11L	20	2	e8b974
121	anim11L	21	2	ffb66d
121	anim11L	22	2	e09b44
121	anim11L	23	2	ffff00
121	anim11R	1	1	cd3d20
121	anim11R	2	1	ff0000
121	anim11R	3	1	cc3333
121	anim11R	4	1	bf4020
121	anim11R	5	1	db4924
121	anim11R	6	1	d52b2b
121	anim11R	7	2	e9bb52
121	anim11R	8	2	ffd555
121	anim11R	9	2	ffff00
121	anim11R	10	2	ffb66d
121	anim11R	11	2	ffcc66
121	anim11R	12	2	e3a648
121	anim11R	13	2	ffc671
121	anim11R	14	2	f2c56a
121	anim11R	15	2	ffbf60
121	anim11R	16	2	ffaa55
121	anim11R	17	2	ffff80
121	anim11R	18	2	e8b974
121	anim11R	19	3	cd3d20
121	anim11R	20	2	ffbf80
121	anim11R	21	2	e09b44
121	anim12L	1	1	aa5500
121	anim12L	2	1	cd3d20
121	anim12L	3	1	cc3333
121	anim12L	4	1	db4924
121	anim12L	5	1	ff0000
121	anim12L	6	1	bf4020
121	anim12L	7	1	d52b2b
121	anim12L	8	1	f2c56a
121	anim12L	9	2	f2c56a
121	anim12L	10	2	ffcc66
121	anim12L	11	2	e9bb52
121	anim12L	12	2	ffbf80
121	anim12L	13	2	ffbf60
121	anim12L	14	2	ffff80
121	anim12L	15	3	cd3d20
121	anim12L	16	2	ffc671
121	anim12L	17	2	ffd555
121	anim12L	18	2	e3a648
121	anim12L	19	2	ffaa55
121	anim12L	20	2	e8b974
121	anim12L	21	2	ffb66d
121	anim12L	22	2	e09b44
121	anim12L	23	2	ffff00
121	anim12R	1	1	cd3d20
121	anim12R	2	1	ff0000
121	anim12R	3	1	cc3333
121	anim12R	4	1	bf4020
121	anim12R	5	1	db4924
121	anim12R	6	1	d52b2b
121	anim12R	7	2	e9bb52
121	anim12R	8	2	ffd555
121	anim12R	9	2	ffff00
121	anim12R	10	2	ffb66d
121	anim12R	11	2	ffcc66
121	anim12R	12	1	f2c56a
121	anim12R	13	2	e3a648
121	anim12R	14	2	ffc671
121	anim12R	15	2	f2c56a
121	anim12R	16	2	ffbf60
121	anim12R	17	2	ffaa55
121	anim12R	18	2	ffff80
121	anim12R	19	2	e8b974
121	anim12R	20	3	cd3d20
121	anim12R	21	2	ffbf80
121	anim12R	22	2	e09b44
121	anim13L	1	1	aa5500
121	anim13L	2	1	cd3d20
121	anim13L	3	1	ff0000
121	anim13L	4	1	bf4020
121	anim13L	5	1	d52b2b
121	anim13L	6	1	db4924
121	anim13L	7	1	cc3333
121	anim13L	8	1	f2c56a
121	anim13L	9	2	f2c56a
121	anim13L	10	2	ffcc66
121	anim13L	11	2	e9bb52
121	anim13L	12	2	ffbf80
121	anim13L	13	2	ffbf60
121	anim13L	14	2	ffff80
121	anim13L	15	3	cd3d20
121	anim13L	16	2	ffc671
121	anim13L	17	2	ffd555
121	anim13L	18	2	e3a648
121	anim13L	19	2	ffaa55
121	anim13L	20	2	e8b974
121	anim13L	21	2	ffb66d
121	anim13L	22	2	e09b44
121	anim13L	23	2	ffff00
121	anim13R	1	1	cd3d20
121	anim13R	2	1	ff0000
121	anim13R	3	1	cc3333
121	anim13R	4	1	bf4020
121	anim13R	5	1	db4924
121	anim13R	6	1	d52b2b
121	anim13R	7	2	e9bb52
121	anim13R	8	2	ffd555
121	anim13R	9	2	ffff00
121	anim13R	10	2	ffb66d
121	anim13R	11	2	ffcc66
121	anim13R	12	1	f2c56a
121	anim13R	13	2	e3a648
121	anim13R	14	2	ffc671
121	anim13R	15	2	f2c56a
121	anim13R	16	2	ffbf60
121	anim13R	17	2	ffaa55
121	anim13R	18	2	ffff80
121	anim13R	19	2	e8b974
121	anim13R	20	3	cd3d20
121	anim13R	21	2	ffbf80
121	anim13R	22	2	e09b44
121	anim14L	1	1	aa5500
121	anim14L	2	1	cd3d20
121	anim14L	3	1	ff0000
121	anim14L	4	1	bf4020
121	anim14L	5	1	d52b2b
121	anim14L	6	1	db4924
121	anim14L	7	1	cc3333
121	anim14L	8	1	f2c56a
121	anim14L	9	2	f2c56a
121	anim14L	10	2	ffcc66
121	anim14L	11	2	e9bb52
121	anim14L	12	2	ffbf80
121	anim14L	13	2	ffbf60
121	anim14L	14	2	ffff80
121	anim14L	15	3	cd3d20
121	anim14L	16	2	ffc671
121	anim14L	17	2	ffd555
121	anim14L	18	2	e3a648
121	anim14L	19	2	ffaa55
121	anim14L	20	2	e8b974
121	anim14L	21	2	ffb66d
121	anim14L	22	2	e09b44
121	anim14L	23	2	ffff00
121	anim14R	1	1	cd3d20
121	anim14R	2	1	ff0000
121	anim14R	3	1	cc3333
121	anim14R	4	1	bf4020
121	anim14R	5	1	db4924
121	anim14R	6	1	d52b2b
121	anim14R	7	2	e9bb52
121	anim14R	8	2	ffd555
121	anim14R	9	2	ffff00
121	anim14R	10	2	ffb66d
121	anim14R	11	2	ffcc66
121	anim14R	12	1	f2c56a
121	anim14R	13	2	e3a648
121	anim14R	14	2	ffc671
121	anim14R	15	2	f2c56a
121	anim14R	16	2	ffbf60
121	anim14R	17	2	ffaa55
121	anim14R	18	2	ffff80
121	anim14R	19	2	e8b974
121	anim14R	20	3	cd3d20
121	anim14R	21	2	ffbf80
121	anim14R	22	2	e09b44
121	anim15L	1	1	aa5500
121	anim15L	2	1	cd3d20
121	anim15L	3	1	ff0000
121	anim15L	4	1	bf4020
121	anim15L	5	1	d52b2b
121	anim15L	6	1	db4924
121	anim15L	7	1	cc3333
121	anim15L	8	1	f2c56a
121	anim15L	9	2	f2c56a
121	anim15L	10	2	ffcc66
121	anim15L	11	2	e9bb52
121	anim15L	12	2	e6cc66
121	anim15L	13	2	ffbf80
121	anim15L	14	2	ffbf60
121	anim15L	15	2	ffff80
121	anim15L	16	3	cd3d20
121	anim15L	17	2	ffc671
121	anim15L	18	2	ffd555
121	anim15L	19	2	ffaa55
121	anim15L	20	2	e3a448
121	anim15L	21	2	e8b974
121	anim15L	22	2	ffb66d
121	anim15L	23	2	e09b44
121	anim15L	24	2	ffff00
121	anim15R	1	1	cd3d20
121	anim15R	2	1	ff0000
121	anim15R	3	1	cc3333
121	anim15R	4	1	bf4020
121	anim15R	5	1	db4924
121	anim15R	6	1	d52b2b
121	anim15R	7	2	e9bb52
121	anim15R	8	2	ffd555
121	anim15R	9	2	ffff00
121	anim15R	10	2	ffb66d
121	anim15R	11	2	ffcc66
121	anim15R	12	1	f2c56a
121	anim15R	13	2	e3a448
121	anim15R	14	2	ffc671
121	anim15R	15	2	f2c56a
121	anim15R	16	2	ffaa55
121	anim15R	17	2	e8b974
121	anim15R	18	3	cd3d20
121	anim15R	19	2	ffff80
121	anim15R	20	2	ffbf60
121	anim15R	21	2	e6cc66
121	anim15R	22	2	ffbf80
121	anim15R	23	2	e09b44
121	anim16L	1	1	aa5500
121	anim16L	2	1	cd3d20
121	anim16L	3	1	ff0000
121	anim16L	4	1	bf4020
121	anim16L	5	1	d52b2b
121	anim16L	6	1	db4924
121	anim16L	7	1	cc3333
121	anim16L	8	1	f2c56a
121	anim16L	9	2	f2c56a
121	anim16L	10	2	ffcc66
121	anim16L	11	2	e9bb52
121	anim16L	12	2	e6cc66
121	anim16L	13	2	ffbf80
121	anim16L	14	2	ffbf60
121	anim16L	15	2	ffff80
121	anim16L	16	3	cd3d20
121	anim16L	17	2	ffc671
121	anim16L	18	2	ffd555
121	anim16L	19	2	ffaa55
121	anim16L	20	2	e3a448
121	anim16L	21	2	e8b974
121	anim16L	22	2	ffb66d
121	anim16L	23	2	e09b44
121	anim16L	24	2	ffff00
121	anim16R	1	1	cd3d20
121	anim16R	2	1	ff0000
121	anim16R	3	1	cc3333
121	anim16R	4	1	bf4020
121	anim16R	5	1	db4924
121	anim16R	6	1	d52b2b
121	anim16R	7	2	e9bb52
121	anim16R	8	2	ffd555
121	anim16R	9	2	ffff00
121	anim16R	10	2	ffb66d
121	anim16R	11	2	ffcc66
121	anim16R	12	1	f2c56a
121	anim16R	13	2	e3a448
121	anim16R	14	2	ffc671
121	anim16R	15	2	f2c56a
121	anim16R	16	2	ffbf60
121	anim16R	17	2	ffaa55
121	anim16R	18	2	ffff80
121	anim16R	19	2	e8b974
121	anim16R	20	3	cd3d20
121	anim16R	21	2	e6cc66
121	anim16R	22	2	ffbf80
121	anim16R	23	2	e09b44
121	anim17L	1	1	ff0000
121	anim17L	2	1	cd3d20
121	anim17L	3	1	d52b2b
121	anim17L	4	1	cc3333
121	anim17L	5	1	bf4020
121	anim17L	6	1	db4924
121	anim17L	7	1	aa5500
121	anim17L	8	2	e09b44
121	anim17L	9	2	e3a448
121	anim17L	10	2	e9bb52
121	anim17L	11	2	e6cc66
121	anim17L	12	2	ffff00
121	anim17L	13	2	ffbf60
121	anim17L	14	2	ffaa55
121	anim17L	15	1	f2c56a
121	anim17L	16	2	ffb66d
121	anim17L	17	2	ffff80
121	anim17L	18	2	f2c56a
121	anim17L	19	2	ffc671
121	anim17L	20	2	ffbf80
121	anim17L	21	2	ffcc66
121	anim17L	22	3	cd3d20
121	anim17L	23	2	ffd555
121	anim17L	24	2	e8b974
121	anim17R	1	1	cd3d20
121	anim17R	2	1	ff0000
121	anim17R	3	1	bf4020
121	anim17R	4	1	db4924
121	anim17R	5	1	aa5500
121	anim17R	6	1	d52b2b
121	anim17R	7	1	cc3333
121	anim17R	8	2	e9bb52
121	anim17R	9	2	e3a448
121	anim17R	10	2	e09b44
121	anim17R	11	2	ffaa55
121	anim17R	12	1	f2c56a
121	anim17R	13	2	ffbf60
121	anim17R	14	2	ffc671
121	anim17R	15	2	ffff00
121	anim17R	16	2	e8b974
121	anim17R	17	2	f2c56a
121	anim17R	18	2	ffb66d
121	anim17R	19	2	ffff80
121	anim17R	20	2	e6cc66
121	anim17R	21	3	cd3d20
121	anim17R	22	2	ffcc66
121	anim17R	23	2	ffbf80
121	anim17R	24	2	ffd555
121	anim18L	1	2	e9bb52
121	anim18L	2	2	e6cc66
121	anim18L	3	2	e09b44
121	anim18L	4	2	e3a448
121	anim18L	5	1	cd3d20
121	anim18L	6	1	ff0000
121	anim18L	7	1	bf4020
121	anim18L	8	1	db4924
121	anim18L	9	1	d52b2b
121	anim18L	10	2	ffaa55
121	anim18L	11	2	ffcc66
121	anim18L	12	1	aa5500
121	anim18L	13	2	ffb66d
121	anim18L	14	2	ffd555
121	anim18L	15	1	cc3333
121	anim18L	16	2	ffbf60
121	anim18L	17	2	e8b974
121	anim18L	18	1	f2c56a
121	anim18L	19	2	ffff80
121	anim18L	20	2	ffff00
121	anim18L	21	3	cd3d20
121	anim18L	22	2	f2c56a
121	anim18L	23	2	ffc671
121	anim18R	1	2	e09b44
121	anim18R	2	2	ffaa55
121	anim18R	3	2	e9bb52
121	anim18R	4	1	ff0000
121	anim18R	5	1	cd3d20
121	anim18R	6	1	bf4020
121	anim18R	7	1	db4924
121	anim18R	8	1	d52b2b
121	anim18R	9	2	e3a448
121	anim18R	10	1	cc3333
121	anim18R	11	2	ffbf60
121	anim18R	12	1	aa5500
121	anim18R	13	2	ffcc66
121	anim18R	14	2	ffd555
121	anim18R	15	2	ffb66d
121	anim18R	16	1	f2c56a
121	anim18R	17	2	f2c56a
121	anim18R	18	2	ffff00
121	anim18R	19	2	ffbf80
121	anim18R	20	2	ffff80
121	anim18R	21	2	ffc671
121	anim18R	22	2	e8b974
121	anim18R	23	2	e6cc66
121	anim18R	24	3	cd3d20
121	anim1L	1	1	aa5500
121	anim1L	2	1	cc3333
121	anim1L	3	1	cd3d20
121	anim1L	4	1	db4924
121	anim1L	5	1	bf4020
121	anim1L	6	1	ff0000
121	anim1L	7	2	e9bb52
121	anim1L	8	2	ffff00
121	anim1L	9	2	ffff80
121	anim1L	10	2	ffcc66
121	anim1L	11	2	f2c56a
121	anim1L	12	2	e8b974
121	anim1L	13	2	ffbf60
121	anim1L	14	2	e09b44
121	anim1L	15	3	cd3d20
121	anim1L	16	2	ffd555
121	anim1L	17	2	ffaa55
121	anim1R	1	1	cc3333
121	anim1R	2	1	cd3d20
121	anim1R	3	1	bf4020
121	anim1R	4	1	aa5500
121	anim1R	5	1	db4924
121	anim1R	6	1	ff0000
121	anim1R	7	2	ffaa55
121	anim1R	8	2	e09b44
121	anim1R	9	2	ffff00
121	anim1R	10	2	ffcc66
121	anim1R	11	2	e9bb52
121	anim1R	12	2	ffd555
121	anim1R	13	2	e8b974
121	anim1R	14	2	ffbf60
121	anim1R	15	2	f2c56a
121	anim1R	16	2	ffff80
121	anim1R	17	3	cd3d20
121	anim2L	1	1	aa5500
121	anim2L	2	1	cc3333
121	anim2L	3	1	cd3d20
121	anim2L	4	1	db4924
121	anim2L	5	1	bf4020
121	anim2L	6	1	ff0000
121	anim2L	7	2	e9bb52
121	anim2L	8	2	ffff00
121	anim2L	9	2	ffff80
121	anim2L	10	2	ffcc66
121	anim2L	11	2	f2c56a
121	anim2L	12	2	e8b974
121	anim2L	13	2	ffbf60
121	anim2L	14	2	e09b44
121	anim2L	15	3	cd3d20
121	anim2L	16	2	ffd555
121	anim2L	17	2	ffaa55
121	anim2R	1	1	cc3333
121	anim2R	2	1	cd3d20
121	anim2R	3	1	bf4020
121	anim2R	4	1	aa5500
121	anim2R	5	1	db4924
121	anim2R	6	1	ff0000
121	anim2R	7	2	ffaa55
121	anim2R	8	2	e09b44
121	anim2R	9	2	ffff00
121	anim2R	10	2	ffcc66
121	anim2R	11	2	e9bb52
121	anim2R	12	2	ffd555
121	anim2R	13	2	e8b974
121	anim2R	14	2	ffbf60
121	anim2R	15	2	f2c56a
121	anim2R	16	2	ffff80
121	anim2R	17	3	cd3d20
121	anim3L	1	1	ff0000
121	anim3L	2	1	cd3d20
121	anim3L	3	1	db4924
121	anim3L	4	1	bf4020
121	anim3L	5	1	cc3333
121	anim3L	6	3	cd3d20
121	anim3L	7	2	e9bb52
121	anim3L	8	2	e3a648
121	anim3L	9	2	ffd555
121	anim3L	10	2	ffb66d
121	anim3L	11	2	ffcc66
121	anim3L	12	2	ffbf60
121	anim3L	13	2	ffaa55
121	anim3L	14	2	e09b44
121	anim3L	15	2	ffff80
121	anim3L	16	2	e8b974
121	anim3L	17	2	f2c56a
121	anim3L	18	2	ffff00
121	anim3R	1	1	cc3333
121	anim3R	2	1	cd3d20
121	anim3R	3	1	db4924
121	anim3R	4	1	aa5500
121	anim3R	5	1	bf4020
121	anim3R	6	1	ff0000
121	anim3R	7	2	f2c56a
121	anim3R	8	2	ffd555
121	anim3R	9	2	ffff80
121	anim3R	10	2	e9bb52
121	anim3R	11	2	ffcc66
121	anim3R	12	3	cd3d20
121	anim3R	13	2	ffb66d
121	anim3R	14	2	ffbf60
121	anim3R	15	2	ffff00
121	anim3R	16	2	e3a648
121	anim3R	17	2	ffaa55
121	anim3R	18	2	e09b44
121	anim3R	19	2	e8b974
121	dieL	1	3	cd3d20
121	dieL	2	2	ffff80
121	dieL	3	2	ffcc66
121	dieL	4	2	f2c56a
121	dieL	5	2	e09b44
121	dieL	6	2	e9bb52
121	dieL	7	2	ffd555
121	dieL	8	2	ffbf60
121	dieL	9	2	ffaa55
121	dieL	10	2	e8b974
121	dieL	11	2	ffff00
121	dieL	12	1	cd3d20
121	dieL	13	1	bf4020
121	dieL	14	1	db4924
121	dieL	15	1	cc3333
121	dieL	16	1	ff0000
121	dieR	1	2	e09b44
121	dieR	2	2	e9bb52
121	dieR	3	1	cd3d20
121	dieR	4	2	ffaa55
121	dieR	5	2	ffff00
121	dieR	6	1	bf4020
121	dieR	7	2	ffd555
121	dieR	8	1	ff0000
121	dieR	9	3	cd3d20
121	dieR	10	1	cc3333
121	dieR	11	2	ffbf60
121	dieR	12	2	f2c56a
121	dieR	13	2	ffcc66
121	dieR	14	1	db4924
121	dieR	15	2	ffff80
121	dieR	16	2	e8b974
121	hitL	1	1	cd3d20
121	hitL	2	1	db4924
121	hitL	3	1	bf4020
121	hitL	4	2	e9bb52
121	hitL	5	2	e09b44
121	hitL	6	3	cd3d20
121	hitL	7	2	f2c56a
121	hitL	8	2	ffbf60
121	hitL	9	2	ffd555
121	hitL	10	2	ffff80
121	hitR	1	1	ff0000
121	hitR	2	1	cd3d20
121	hitR	3	1	bf4020
121	hitR	4	2	f2c56a
121	hitR	5	2	e09b44
121	hitR	6	2	ffff00
121	hitR	7	1	db4924
121	hitR	8	2	e9bb52
121	hitR	9	2	ffbf60
121	hitR	10	3	cd3d20
121	hitR	11	2	ffd555
121	hitR	12	2	ffaa55
121	hitR	13	2	ffff80
121	runB	1	2	ffbf60
121	runB	2	2	e9bb52
121	runB	3	2	f2c56a
121	runB	4	1	cd3d20
121	runB	5	1	bf4020
121	runB	6	2	ffff80
121	runB	7	1	ff0000
121	runB	8	1	db4924
121	runB	9	2	ffaa55
121	runB	10	2	ffff00
121	runB	11	2	e09b44
121	runB	12	3	cd3d20
121	runF	1	2	e9bb52
121	runF	2	2	f2c56a
121	runF	3	1	cd3d20
121	runF	4	1	bf4020
121	runF	5	1	db4924
121	runF	6	1	ff0000
121	runF	7	2	ffff00
121	runF	8	2	ffaa55
121	runF	9	3	cd3d20
121	runF	10	2	ffff80
121	runF	11	2	e09b44
121	runL	1	1	db4924
121	runL	2	1	cd3d20
121	runL	3	1	bf4020
121	runL	4	2	e9bb52
121	runL	5	2	e09b44
121	runL	6	2	ffff80
121	runL	7	2	f2c56a
121	runL	8	2	ffff00
121	runL	9	2	ffaa55
121	runL	10	3	cd3d20
121	runR	1	1	db4924
121	runR	2	2	e09b44
121	runR	3	1	cd3d20
121	runR	4	2	e9bb52
121	runR	5	2	ffff00
121	runR	6	1	bf4020
121	runR	7	1	ff0000
121	runR	8	2	f2c56a
121	runR	9	2	ffaa55
121	runR	10	2	ffff80
121	runR	11	3	cd3d20
121	runS	1	1	cd3d20
121	runS	2	1	db4924
121	runS	3	1	ff0000
121	runS	4	1	bf4020
121	runS	5	2	e9bb52
121	runS	6	2	e09b44
121	runS	7	2	ffaa55
121	runS	8	2	f2c56a
121	runS	9	2	ffff80
121	runS	10	3	cd3d20
121	runS	11	2	ffff00
121	staticB	1	1	cd3d1f
121	staticB	2	2	f2c56a
121	staticB	3	3	cd3d20
121	staticF	1	1	cd3d1f
121	staticF	2	2	f2c56a
121	staticF	3	3	cd3d20
121	staticL	1	1	cd3d1f
121	staticL	2	3	cd3d20
121	staticL	3	2	f2c56a
121	staticR	1	1	cd3d1f
121	staticR	2	2	f2c56a
121	staticR	3	3	cd3d20
121	staticS	1	1	cd3d1f
121	staticS	2	2	e9bb52
121	staticS	3	3	cd3d20
121	walkB	1	1	cd3d20
121	walkB	2	1	db4924
121	walkB	3	1	bf4020
121	walkB	4	1	ff0000
121	walkB	5	2	e9bb52
121	walkB	6	2	f2c56a
121	walkB	7	2	ffaa55
121	walkB	8	2	ffff00
121	walkB	9	2	e09b44
121	walkB	10	3	cd3d20
121	walkF	1	1	cd3d20
121	walkF	2	1	bf4020
121	walkF	3	1	ff0000
121	walkF	4	2	f2c56a
121	walkF	5	2	e9bb52
121	walkF	6	2	ffff00
121	walkF	7	3	cd3d20
121	walkF	8	2	e09b44
121	walkL	1	1	cd3d20
121	walkL	2	1	ff0000
121	walkL	3	3	cd3d20
121	walkL	4	2	e9bb52
121	walkL	5	2	f2c56a
121	walkL	6	2	e09b44
121	walkL	7	2	ffff00
121	walkR	1	1	cd3d20
121	walkR	2	1	ff0000
121	walkR	3	2	f2c56a
121	walkR	4	2	e9bb52
121	walkR	5	2	ffff00
121	walkR	6	3	cd3d20
121	walkR	7	2	e09b44
121	walkS	1	1	cd3d20
121	walkS	2	1	ff0000
121	walkS	3	2	f2c56a
121	walkS	4	2	e9bb52
121	walkS	5	3	cd3d20
121	walkS	6	2	e09b44
1002	anim0L	1	1	444466
1002	anim0L	2	3	000000
1002	anim0L	3	2	ffdb24
1002	anim0R	1	1	444466
1002	anim0R	2	3	000000
1002	anim0R	3	2	ffdb24
1002	dieL	1	2	ffdb24
1002	dieL	2	3	000000
1002	dieL	3	1	444466
1002	dieR	1	1	444466
1002	dieR	2	3	000000
1002	dieR	3	2	ffdb24
1002	hitL	1	1	444466
1002	hitL	2	3	000000
1002	hitR	1	1	444466
1002	hitR	2	3	000000
1002	runL	1	1	444466
1002	runL	2	3	000000
1002	runL	3	2	ffdb24
1002	runR	1	1	444466
1002	runR	2	3	000000
1002	runR	3	2	ffdb24
1002	staticL	1	2	ffdb24
1002	staticL	2	3	000000
1002	staticL	3	1	444466
1002	staticR	1	1	444466
1002	staticR	2	3	000000
1002	staticR	3	2	ffdb24
1002	walkL	1	3	000000
1002	walkL	2	1	444466
1002	walkL	3	2	ffdb24
1002	walkR	1	1	444466
1002	walkR	2	3	000000
1002	walkR	3	2	ffdb24
1013	anim0L	1	1	a39550
1013	anim0L	2	1	aaaa55
1013	anim0L	3	1	ffff00
1013	anim0L	4	2	a27446
1013	anim0L	5	2	a37d46
1013	anim0R	1	1	a39550
1013	anim0R	2	1	aaaa55
1013	anim0R	3	2	a37d46
1013	anim0R	4	1	ffff00
1013	anim0R	5	2	a27446
1013	dieL	1	1	a39550
1013	dieL	2	1	aaaa55
1013	dieL	3	2	a37d46
1013	dieR	1	1	a39550
1013	dieR	2	1	aaaa55
1013	dieR	3	2	a37d46
1013	dieR	4	2	a27446
1013	hitL	1	1	a39550
1013	hitL	2	1	aaaa55
1013	hitL	3	2	a37d46
1013	hitL	4	2	a27446
1013	hitR	1	1	a39550
1013	hitR	2	2	a27446
1013	hitR	3	2	a37d46
1013	runL	1	1	a39550
1013	runL	2	2	a37d46
1013	runL	3	2	a27446
1013	runR	1	1	a39550
1013	runR	2	2	a37d46
1013	runR	3	2	a27446
1013	staticL	1	1	a39550
1013	staticL	2	2	a37d46
1013	staticR	1	1	a39550
1013	staticR	2	2	a37d46
1013	walkL	1	1	a39550
1013	walkL	2	2	a37d46
1013	walkR	1	1	a39550
1013	walkR	2	2	a37d46
1108	anim0L	1	1	bbbb77
1108	anim0L	2	1	b6c47b
1108	anim0L	3	1	adbf7a
1108	anim0L	4	1	bfbf80
1108	anim0L	5	3	734731
1108	anim0L	6	1	cccc66
1108	anim0L	7	1	ffff80
1108	anim0L	8	1	ffff00
1108	anim0L	9	1	aac671
1108	anim0L	10	3	473218
1108	anim0L	11	3	000000
1108	anim0L	12	1	aaaa55
1108	anim0L	13	1	b6b66d
1108	anim0L	14	1	9ead76
1108	anim0L	15	1	80ff80
1108	anim0L	16	1	99cc66
1108	anim0L	17	1	808080
1108	anim0L	18	1	a2a274
1108	anim0L	19	2	cc9900
1108	anim0L	20	2	aaaa00
1108	anim0L	21	2	ffff00
1108	anim0L	22	2	e3b30f
1108	anim0L	23	2	db9200
1108	anim0L	24	2	ffcc00
1108	anim0L	25	2	efbb07
1108	anim0L	26	2	f8bf01
1108	anim0L	27	2	bf8000
1108	anim0L	28	2	ffb600
1108	anim0L	29	2	ff8000
1108	anim0L	30	2	ffaa00
1108	anim0R	1	1	aac671
1108	anim0R	2	1	80ff80
1108	anim0R	3	1	b6c47b
1108	anim0R	4	1	bfbf80
1108	anim0R	5	3	734731
1108	anim0R	6	3	473218
1108	anim0R	7	1	ffff80
1108	anim0R	8	1	adbf7a
1108	anim0R	9	1	cccc66
1108	anim0R	10	1	aaaa55
1108	anim0R	11	1	ffff00
1108	anim0R	12	1	bbbb77
1108	anim0R	13	1	b6b66d
1108	anim0R	14	1	9ead76
1108	anim0R	15	1	808080
1108	anim0R	16	1	99cc66
1108	anim0R	17	1	a2a274
1108	anim0R	18	3	000000
1108	anim0R	19	2	efbb07
1108	anim0R	20	2	ffff00
1108	anim0R	21	2	cc9900
1108	anim0R	22	2	e3b30f
1108	anim0R	23	2	ff8000
1108	anim0R	24	2	bf8000
1108	anim0R	25	2	ffcc00
1108	anim0R	26	2	f8bf01
1108	anim0R	27	2	ffb600
1108	anim0R	28	2	ffaa00
1108	anim0R	29	2	aaaa00
1108	dieL	1	1	ffff80
1108	dieL	2	1	bfbf80
1108	dieL	3	1	b6c47b
1108	dieL	4	3	734731
1108	dieL	5	1	adbf7a
1108	dieL	6	1	9ead76
1108	dieL	7	1	b6b66d
1108	dieL	8	1	aac671
1108	dieL	9	1	cccc66
1108	dieL	10	1	bbbb77
1108	dieL	11	1	ffff00
1108	dieL	12	1	80ff80
1108	dieL	13	1	aaaa55
1108	dieL	14	3	473218
1108	dieL	15	1	99cc66
1108	dieL	16	1	a2a274
1108	dieL	17	1	808080
1108	dieL	18	3	000000
1108	dieL	19	2	f8bf01
1108	dieL	20	2	ffb300
1108	dieL	21	2	ffff00
1108	dieL	22	2	ffcc00
1108	dieL	23	2	e3b30f
1108	dieL	24	2	cc9900
1108	dieL	25	2	ffaa00
1108	dieL	26	2	ff8000
1108	dieL	27	2	ff0000
1108	dieL	28	2	bf8000
1108	dieL	29	2	aaaa00
1108	dieL	30	1	000000
1108	dieR	1	1	80ff80
1108	dieR	2	1	b6c47b
1108	dieR	3	3	734731
1108	dieR	4	1	adbf7a
1108	dieR	5	1	aac671
1108	dieR	6	1	bbbb77
1108	dieR	7	1	9ead76
1108	dieR	8	1	aaaa55
1108	dieR	9	1	ffff00
1108	dieR	10	1	808080
1108	dieR	11	3	473218
1108	dieR	12	1	a2a274
1108	dieR	13	2	e3b30f
1108	dieR	14	2	f8bf01
1108	dieR	15	2	cc9900
1108	dieR	16	2	ffb300
1108	dieR	17	2	ffaa00
1108	dieR	18	3	000000
1108	dieR	19	2	ffff00
1108	dieR	20	2	cccc00
1108	dieR	21	2	ffcc00
1108	dieR	22	2	ff8000
1108	dieR	23	2	bf8000
1108	dieR	24	2	aaaa00
1108	dieR	25	1	000000
1108	dieR	26	1	00ff00
1108	dieR	27	2	ff0000
1108	hitL	1	3	734731
1108	hitL	2	1	bbbb77
1108	hitL	3	3	473218
1108	hitL	4	1	adbf7a
1108	hitL	5	1	80ff80
1108	hitL	6	1	9ead76
1108	hitL	7	1	a2a274
1108	hitL	8	1	ffff00
1108	hitL	9	2	ffff00
1108	hitL	10	2	cc9900
1108	hitL	11	2	f8bf01
1108	hitL	12	2	ffcc00
1108	hitL	13	2	e3b30f
1108	hitL	14	2	ffaa00
1108	hitL	15	2	ff8000
1108	hitL	16	2	ffb300
1108	hitR	1	1	adbf7a
1108	hitR	2	1	bbbb77
1108	hitR	3	3	473218
1108	hitR	4	3	734731
1108	hitR	5	1	ffff00
1108	hitR	6	1	a2a274
1108	hitR	7	1	9ead76
1108	hitR	8	2	cc9900
1108	hitR	9	2	e3b30f
1108	hitR	10	2	ffcc00
1108	hitR	11	2	bf8000
1108	hitR	12	2	f8bf01
1108	hitR	13	2	ff8000
1108	hitR	14	2	ffff00
1108	hitR	15	2	ffb300
1108	runL	1	1	bbbb77
1108	runL	2	1	adbf7a
1108	runL	3	3	734731
1108	runL	4	1	a2a274
1108	runL	5	3	000000
1108	runL	6	1	ffff00
1108	runL	7	1	aaaa55
1108	runL	8	1	9ead76
1108	runL	9	1	80ff80
1108	runL	10	3	473218
1108	runL	11	2	ffb300
1108	runL	12	2	f8bf01
1108	runL	13	2	ff8000
1108	runL	14	2	ffff00
1108	runL	15	2	e3b30f
1108	runL	16	2	cc9900
1108	runL	17	2	ffaa00
1108	runR	1	3	734731
1108	runR	2	1	bbbb77
1108	runR	3	3	000000
1108	runR	4	1	adbf7a
1108	runR	5	1	ffff00
1108	runR	6	1	9ead76
1108	runR	7	3	473218
1108	runR	8	1	a2a274
1108	runR	9	1	80ff80
1108	runR	10	1	aaaa55
1108	runR	11	2	ffff00
1108	runR	12	2	f8bf01
1108	runR	13	2	cc9900
1108	runR	14	2	e3b30f
1108	runR	15	2	ffaa00
1108	runR	16	2	ff8000
1108	runR	17	2	cccc00
1108	staticL	1	1	adbf7a
1108	staticL	2	3	734731
1108	staticL	3	2	cc9900
1108	staticL	4	2	f8bf01
1108	staticR	1	1	adbf7a
1108	staticR	2	3	734731
1108	staticR	3	3	473218
1108	staticR	4	1	9ead76
1108	staticR	5	2	cc9900
1108	staticR	6	2	ffff00
1108	staticR	7	2	f8bf01
1108	walkL	1	1	adbf7a
1108	walkL	2	1	bbbb77
1108	walkL	3	3	734731
1108	walkL	4	1	ffff00
1108	walkL	5	1	aaaa55
1108	walkL	6	1	9ead76
1108	walkL	7	1	a2a274
1108	walkL	8	3	473218
1108	walkL	9	1	80ff80
1108	walkL	10	3	000000
1108	walkL	11	2	cc9900
1108	walkL	12	2	f8bf01
1108	walkL	13	2	ffff00
1108	walkL	14	2	e3b30f
1108	walkL	15	2	ff8000
1108	walkR	1	1	adbf7a
1108	walkR	2	3	473218
1108	walkR	3	3	734731
1108	walkR	4	1	ffff00
1108	walkR	5	1	80ff80
1108	walkR	6	1	aaaa55
1108	walkR	7	1	9ead76
1108	walkR	8	1	a2a274
1108	walkR	9	2	cc9900
1108	walkR	10	2	f8bf01
1108	walkR	11	2	e3b30f
1108	walkR	12	2	ff8000
1108	walkR	13	2	ffff00
1108	walkR	14	2	cccc00
1205	anim0L	1	3	991818
1205	anim0R	1	3	991818
1205	dieR	1	3	991818
1205	hitR	1	3	991818
1205	runR	1	3	991818
1205	staticR	1	3	991818
1205	walkR	1	3	991818
1205	walkR	2	1	9c7f25
1212	anim0L	1	1	80aaff
1212	anim0L	2	1	8080ff
1212	anim0L	3	1	6da3f2
1212	anim0L	4	1	75adff
1212	anim0L	5	1	609fdf
1212	anim0L	6	2	d6c9a0
1212	anim0L	7	2	ffaaaa
1212	anim0L	8	1	6db6ff
1212	anim0L	9	1	6a95d5
1212	anim0L	10	1	718ee3
1212	anim0L	11	1	00ffff
1212	anim0L	12	1	6594de
1212	anim0L	13	1	55aaff
1212	anim0L	14	1	5e87cf
1212	anim0L	15	2	cccc99
1212	anim0L	16	1	ffffff
1212	anim0L	17	1	5982c4
1212	anim0L	18	1	6a9ae7
1212	anim0L	19	1	6090d4
1212	anim0L	20	1	5580d5
1212	anim0L	21	1	8080bf
1212	anim0L	22	2	dfbf9f
1212	anim0L	23	2	d5d5aa
1212	anim0L	24	1	6699cc
1212	anim0R	1	1	6db6ff
1212	anim0R	2	1	75adff
1212	anim0R	3	1	6da3f2
1212	anim0R	4	1	80aaff
1212	anim0R	5	1	00ffff
1212	anim0R	6	1	6594de
1212	anim0R	7	1	5580d5
1212	anim0R	8	1	6a9ae7
1212	anim0R	9	1	5e87cf
1212	anim0R	10	1	718ee3
1212	anim0R	11	1	5982c4
1212	anim0R	12	2	d5d5aa
1212	anim0R	13	1	6a95d5
1212	anim0R	14	1	6090d4
1212	anim0R	15	2	d6c9a0
1212	anim0R	16	1	55aaff
1212	anim0R	17	1	609fdf
1212	anim0R	18	1	ffffff
1212	anim0R	19	2	cccc99
1212	anim0R	20	1	404080
1212	anim0R	21	1	4d71aa
1212	anim0R	22	1	456598
1212	anim0R	23	1	3f5d8b
1212	anim0R	24	1	8080ff
1212	anim0R	25	1	557bbb
1212	anim0R	26	1	6699cc
1212	anim0R	27	1	8080bf
1212	anim0R	28	1	008080
1212	anim0R	29	1	0000ff
1212	dieL	1	1	80aaff
1212	dieL	2	1	75adff
1212	dieL	3	1	00ffff
1212	dieL	4	1	6db6ff
1212	dieL	5	1	8080ff
1212	dieL	6	1	3a5681
1212	dieL	7	1	365078
1212	dieL	8	1	55aaff
1212	dieL	9	1	6da3f2
1212	dieL	10	1	000000
1212	dieL	11	1	6a95d5
1212	dieL	12	1	456598
1212	dieL	13	1	008080
1212	dieL	14	1	3f5d8b
1212	dieL	15	1	609fdf
1212	dieL	16	1	6594de
1212	dieL	17	1	5e87cf
1212	dieL	18	1	6090d4
1212	dieL	19	1	557bbb
1212	dieL	20	1	6a9ae7
1212	dieL	21	1	5982c4
1212	dieL	22	1	4d71aa
1212	dieL	23	2	cccc99
1212	dieL	24	2	d6c9a0
1212	dieL	25	1	8080bf
1212	dieL	26	1	ffffff
1212	dieL	27	1	5580d5
1212	dieL	28	1	6699cc
1212	dieL	29	1	0000ff
1212	dieL	30	2	dfbf9f
1212	dieR	1	1	80aaff
1212	dieR	2	1	75adff
1212	dieR	3	1	00ffff
1212	dieR	4	1	8080ff
1212	dieR	5	1	55aaff
1212	dieR	6	1	5580d5
1212	dieR	7	1	6da3f2
1212	dieR	8	1	557bbb
1212	dieR	9	1	6090d4
1212	dieR	10	1	8080bf
1212	dieR	11	1	5982c4
1212	dieR	12	1	5e87cf
1212	dieR	13	1	496db6
1212	dieR	14	1	6699cc
1212	dieR	15	1	456598
1212	dieR	16	1	6a9ae7
1212	dieR	17	1	6594de
1212	dieR	18	1	4d71aa
1212	dieR	19	1	3a5681
1212	dieR	20	1	718ee3
1212	dieR	21	1	6a95d5
1212	dieR	22	2	d6c9a0
1212	dieR	23	2	dfbf9f
1212	dieR	24	1	000000
1212	hitL	1	1	75adff
1212	hitL	2	1	365078
1212	hitL	3	1	6da3f2
1212	hitL	4	1	8080ff
1212	hitL	5	1	6594de
1212	hitL	6	1	3a5681
1212	hitL	7	1	557bbb
1212	hitL	8	2	d6c9a0
1212	hitL	9	1	4d71aa
1212	hitL	10	1	5982c4
1212	hitL	11	1	6a9ae7
1212	hitL	12	1	00ffff
1212	hitL	13	1	6090d4
1212	hitL	14	1	5e87cf
1212	hitL	15	2	cccc99
1212	hitR	1	1	557bbb
1212	hitR	2	1	5e87cf
1212	hitR	3	1	5982c4
1212	hitR	4	1	75adff
1212	hitR	5	1	00ffff
1212	hitR	6	1	6090d4
1212	hitR	7	1	6a95d5
1212	hitR	8	1	6a9ae7
1212	hitR	9	1	70a5f6
1212	hitR	10	1	6594de
1212	hitR	11	2	d6c9a0
1212	hitR	12	1	609fdf
1212	hitR	13	1	55aaff
1212	hitR	14	2	dfbf9f
1212	runL	1	1	75adff
1212	runL	2	1	365078
1212	runL	3	1	24496d
1212	runL	4	1	55aaff
1212	runL	5	1	404080
1212	runL	6	1	008080
1212	runL	7	1	4a6da5
1212	runL	8	1	6090d4
1212	runL	9	1	000000
1212	runL	10	1	6594de
1212	runL	11	1	00ffff
1212	runL	12	1	456598
1212	runL	13	1	6a9ae7
1212	runL	14	1	70a5f4
1212	runL	15	1	5580d5
1212	runL	16	1	557bbb
1212	runL	17	1	3a5681
1212	runL	18	1	5e87cf
1212	runL	19	1	496db6
1212	runL	20	1	6a95d5
1212	runL	21	1	609fdf
1212	runL	22	1	5982c4
1212	runL	23	1	8080ff
1212	runL	24	2	dfbf9f
1212	runL	25	2	d6c9a0
1212	runL	26	1	718ee3
1212	runL	27	1	6699cc
1212	runL	28	1	8080bf
1212	runR	1	1	365078
1212	runR	2	1	24496d
1212	runR	3	1	75adff
1212	runR	4	1	557bbb
1212	runR	5	1	8080ff
1212	runR	6	1	5075b1
1212	runR	7	1	00ffff
1212	runR	8	1	6fa4f2
1212	runR	9	1	5982c4
1212	runR	10	1	5e87cf
1212	runR	11	1	6a9ae7
1212	runR	12	1	6594de
1212	runR	13	1	8080bf
1212	runR	14	1	5580d5
1212	runR	15	2	d6c9a0
1212	staticL	1	1	75adff
1212	staticL	2	1	6594de
1212	staticL	3	2	d4ca9f
1212	staticR	1	1	75adff
1212	staticR	2	2	d6c9a0
1212	walkL	1	1	75adff
1212	walkL	2	1	00ffff
1212	walkL	3	1	6594de
1212	walkL	4	1	5e87cf
1212	walkL	5	1	6a9ae7
1212	walkL	6	2	d6c9a0
1212	walkL	7	1	8080ff
1212	walkL	8	1	8080bf
1212	walkR	1	1	75adff
1212	walkR	2	1	6594de
1212	walkR	3	1	00ffff
1212	walkR	4	2	d6c9a0
1226	anim0L	1	3	f7eccb
1226	anim0L	2	3	d5c4a4
1226	anim0L	3	3	efe0bf
1226	anim0L	4	3	deccac
1226	anim0L	5	3	e1d5b3
1226	anim0L	6	3	cbbd9e
1226	anim0L	7	3	aa9979
1226	anim0L	8	3	b3a282
1226	anim0L	9	1	a75c30
1226	anim0L	10	1	9e562d
1226	anim0L	11	3	bcab8b
1226	anim0L	12	3	c4b494
1226	anim0L	13	3	ffff80
1226	anim0L	14	1	8f4d29
1226	anim0R	1	3	f7eccb
1226	anim0R	2	3	deccac
1226	anim0R	3	3	d5c4a4
1226	anim0R	4	3	cbbd9e
1226	anim0R	5	3	eedfc2
1226	anim0R	6	1	9e562d
1226	anim0R	7	1	a75c30
1226	anim0R	8	1	8f4d29
1226	anim0R	9	3	e1d5b3
1226	anim0R	10	3	aa9979
1226	anim0R	11	3	bcab8b
1226	anim0R	12	3	ffff80
1226	anim0R	13	3	c4b494
1226	anim0R	14	3	b3a282
1226	dieL	1	3	f7eccb
1226	dieL	2	3	daccad
1226	dieL	3	1	a75c30
1226	dieL	4	3	d5c4a4
1226	dieL	5	1	99542c
1226	dieL	6	3	e1d5b3
1226	dieL	7	3	aa9979
1226	dieL	8	3	b3a282
1226	dieL	9	3	eedfc2
1226	dieL	10	3	cbbd9e
1226	dieL	11	3	c4b494
1226	dieL	12	3	baab8d
1226	dieL	13	1	8f4d29
1226	dieR	1	1	a75c30
1226	dieR	2	1	99542c
1226	dieR	3	3	f7eccb
1226	dieR	4	3	e8d9ba
1226	dieR	5	3	d5c4a4
1226	dieR	6	3	decfb0
1226	dieR	7	3	bbab8b
1226	dieR	8	3	c4b494
1226	dieR	9	3	cbbd9e
1226	dieR	10	1	8f4d29
1226	dieR	11	3	aa9979
1226	dieR	12	3	b3a282
1226	hitL	1	3	f7eccb
1226	hitL	2	3	d5c4a4
1226	hitL	3	3	e8d9ba
1226	hitL	4	3	decfb0
1226	hitL	5	1	a75c30
1226	hitL	6	1	9e562d
1226	hitL	7	3	cbbd9e
1226	hitL	8	1	8f4d29
1226	hitL	9	3	bbab8b
1226	hitR	1	1	a75c30
1226	hitR	2	3	decfb0
1226	hitR	3	3	cbbd9e
1226	hitR	4	3	d5c4a4
1226	hitR	5	3	e8d9ba
1226	hitR	6	1	8f4d29
1226	hitR	7	3	f7eccb
1226	hitR	8	1	9e562d
1226	hitR	9	3	b3a282
1226	hitR	10	3	bbab8b
1226	hitR	11	3	aa9979
1226	hitR	12	3	c4b494
1226	runL	1	3	f7eccb
1226	runL	2	3	e8d9ba
1226	runL	3	3	d5c4a4
1226	runL	4	3	decfb0
1226	runL	5	3	cbbd9e
1226	runL	6	1	99542c
1226	runL	7	1	a75c30
1226	runL	8	3	c4b494
1226	runL	9	3	aa9979
1226	runL	10	3	bbab8b
1226	runL	11	3	b3a282
1226	runL	12	1	8f4d29
1226	runR	1	1	a75c30
1226	runR	2	3	ccbd9d
1226	runR	3	3	e6d6b7
1226	runR	4	3	b3a282
1226	runR	5	3	d5c4a4
1226	runR	6	1	99542c
1226	runR	7	3	f7eccb
1226	runR	8	3	c4b494
1226	runR	9	3	aa9979
1226	runR	10	1	8f4d29
1226	staticL	1	3	d5c4a4
1226	staticL	2	3	aa9979
1226	staticL	3	1	a75c30
1226	staticL	4	1	8c4c28
1226	staticR	1	1	8c4c28
1226	staticR	2	1	a75c30
1226	staticR	3	3	d5c4a4
1226	walkL	1	3	f7eccb
1226	walkL	2	3	d5c4a4
1226	walkL	3	1	99542c
1226	walkL	4	1	a75c30
1226	walkL	5	3	b3a282
1226	walkL	6	3	aa9979
1226	walkL	7	1	8f4d29
1226	walkR	1	1	a75c30
1226	walkR	2	3	d5c4a4
1226	walkR	3	3	b3a282
1226	walkR	4	1	99542c
1226	walkR	5	3	aa9979
1226	walkR	6	1	8f4d29
1274	anim0L	1	1	c61616
1274	anim0L	2	1	cd3d20
1274	anim0L	3	1	ff0000
1274	anim0L	4	2	000000
1274	anim0L	5	2	545035
1274	anim0L	6	2	808000
1274	anim0L	7	2	606040
1274	anim0L	8	2	5d462e
1274	anim0L	9	2	494924
1274	anim0L	10	2	55552b
1274	anim0L	11	2	666633
1274	anim0L	12	2	404040
1274	anim0L	13	2	555555
1274	anim0R	1	1	c61616
1274	anim0R	2	1	cd3d20
1274	anim0R	3	1	ff0000
1274	anim0R	4	2	545035
1274	anim0R	5	2	000000
1274	anim0R	6	2	606040
1274	anim0R	7	2	808000
1274	anim0R	8	2	404040
1274	anim0R	9	2	555555
1274	anim0R	10	2	55552b
1274	anim0R	11	2	494924
1274	dieL	1	1	c61616
1274	dieL	2	1	ff0000
1274	dieL	3	1	cd3d20
1274	dieL	4	2	606040
1274	dieL	5	2	545035
1274	dieL	6	2	55552b
1274	dieL	7	2	555555
1274	dieL	8	2	808000
1274	dieL	9	2	494924
1274	dieL	10	2	404040
1274	dieL	11	2	000000
1274	dieR	1	1	c61616
1274	dieR	2	1	cd3d20
1274	dieR	3	1	ff0000
1274	dieR	4	2	545035
1274	dieR	5	2	000000
1274	dieR	6	2	494924
1274	dieR	7	2	55552b
1274	dieR	8	2	606040
1274	dieR	9	2	404040
1274	dieR	10	2	808000
1274	hitL	1	1	c61616
1274	hitL	2	2	808000
1274	hitL	3	2	545035
1274	hitL	4	2	55552b
1274	hitL	5	1	ff0000
1274	hitL	6	2	606040
1274	hitL	7	1	cd3d20
1274	hitR	1	1	c61616
1274	hitR	2	1	ff0000
1274	hitR	3	2	545035
1274	hitR	4	2	606040
1274	hitR	5	2	55552b
1274	hitR	6	1	cd3d20
1274	runL	1	1	c61616
1274	runL	2	1	cd3d20
1274	runL	3	1	ff0000
1274	runL	4	2	545035
1274	runL	5	2	000000
1274	runL	6	2	606040
1274	runR	1	1	c61616
1274	runR	2	1	cd3d20
1274	runR	3	2	545035
1274	runR	4	2	606040
1274	staticL	1	1	c61616
1274	staticL	2	1	cd3d20
1274	staticL	3	2	545035
1274	staticR	1	1	c61616
1274	staticR	2	1	cd3d20
1274	staticR	3	2	545035
1274	walkL	1	1	c61616
1274	walkL	2	1	cd3d20
1274	walkL	3	2	545035
1274	walkL	4	2	000000
1274	walkR	1	1	c61616
1274	walkR	2	1	cd3d20
1274	walkR	3	2	545035
1335	anim0L	1	2	635580
1335	anim0L	2	1	df1515
1335	anim0L	3	3	ede0b4
1335	anim0L	4	3	ddd2ab
1335	anim0L	5	3	c3b69d
1335	anim0L	6	3	000000
1335	anim0L	7	2	555580
1335	anim0R	1	1	df1515
1335	anim0R	2	2	635580
1335	anim0R	3	3	ede0b4
1335	anim0R	4	3	ddd2ab
1335	anim0R	5	3	c3b69d
1335	anim0R	6	2	555580
1335	anim0R	7	3	000000
1335	dieL	1	3	000000
1335	dieL	2	3	c3b69d
1335	dieL	3	3	ede0b4
1335	dieL	4	3	ddd2ab
1335	dieL	5	2	635580
1335	dieL	6	2	555580
1335	dieL	7	2	0000ff
1335	dieR	1	3	000000
1335	dieR	2	3	ede0b4
1335	dieR	3	3	ddd2ab
1335	dieR	4	3	c3b69d
1335	dieR	5	2	0000ff
1335	hitL	1	2	0000ff
1335	hitL	2	1	df1515
1335	hitL	3	3	ede0b4
1335	hitL	4	3	c3b69d
1335	hitL	5	3	ddd2ab
1335	hitR	1	1	df1515
1335	hitR	2	2	0000ff
1335	hitR	3	3	ede0b4
1335	hitR	4	3	ddd2ab
1335	hitR	5	3	c3b69d
1335	runL	1	2	0000ff
1335	runL	2	1	df1515
1335	runL	3	3	ede0b4
1335	runL	4	3	ddd2ab
1335	runL	5	3	c3b69d
1335	runR	1	1	df1515
1335	runR	2	2	0000ff
1335	runR	3	3	ede0b4
1335	runR	4	3	c3b69d
1335	runR	5	3	ddd2ab
1335	staticL	1	2	ffe5b9
1335	staticL	2	1	df1515
1335	staticL	3	3	ede0b4
1335	staticR	1	1	df1515
1335	staticR	2	2	ffe1b4
1335	staticR	3	3	ede0b4
1335	walkL	1	2	0000ff
1335	walkL	2	1	df1515
1335	walkL	3	3	ede0b4
1335	walkR	1	1	df1515
1335	walkR	2	2	0000ff
1335	walkR	3	3	ede0b4
1359	anim0L	1	3	cdeaf6
1359	anim0L	2	3	c3e7f4
1359	anim0L	3	3	b6e3f5
1359	anim0L	4	3	ace0f3
1359	anim0L	5	3	9fdcf3
1359	anim0L	6	3	94daf2
1359	anim0L	7	3	89d6f2
1359	anim0L	8	3	7bd5f2
1359	anim0L	9	3	72d5f2
1359	anim0L	10	3	68d4f2
1359	anim0L	11	1	bfc5d9
1359	anim0L	12	1	bfbfbf
1359	anim0L	13	1	80ffff
1359	anim0L	14	1	ffffff
1359	anim0L	15	2	ffffff
1359	anim0L	16	2	f6f6f6
1359	anim0L	17	2	e5e5e5
1359	anim0L	18	2	141414
1359	anim0L	19	2	acacac
1359	anim0L	20	2	606060
1359	anim0L	21	2	c8c8c8
1359	anim0L	22	2	898989
1359	anim0L	23	2	979797
1359	anim0L	24	2	000000
1359	anim0L	25	2	6a6a6a
1359	anim0L	26	2	b8b8b8
1359	anim0L	27	2	505050
1359	anim0L	28	2	3b3b3b
1359	anim0L	29	2	7a7a7a
1359	anim0R	1	3	cae8f4
1359	anim0R	2	3	94daf2
1359	anim0R	3	3	bce4f5
1359	anim0R	4	3	b2e1f3
1359	anim0R	5	3	a9dff3
1359	anim0R	6	3	9fdcf3
1359	anim0R	7	3	89d6f2
1359	anim0R	8	3	7bd5f2
1359	anim0R	9	3	72d5f2
1359	anim0R	10	3	68d4f2
1359	anim0R	11	1	ffffff
1359	anim0R	12	1	bfbfbf
1359	anim0R	13	1	bfc5d9
1359	anim0R	14	1	80ffff
1359	anim0R	15	2	ffffff
1359	dieL	1	3	cdeaf6
1359	dieL	2	3	bde4f5
1359	dieL	3	3	b2e1f3
1359	dieL	4	3	a9dff3
1359	dieL	5	3	9fdcf3
1359	dieL	6	3	94daf2
1359	dieL	7	3	89d6f2
1359	dieL	8	3	7cd5f2
1359	dieL	9	3	73d5f2
1359	dieL	10	3	6ad4f2
1359	dieL	11	2	000000
1359	dieL	12	2	7a7a7a
1359	dieL	13	2	acacac
1359	dieL	14	2	bababa
1359	dieL	15	2	989898
1359	dieL	16	2	333333
1359	dieL	17	2	ebebeb
1359	dieL	18	2	dddddd
1359	dieL	19	1	bfc5d9
1359	dieL	20	2	a3a3a3
1359	dieL	21	2	ffffff
1359	dieL	22	1	ffffff
1359	dieL	23	2	f6f6f6
1359	dieL	24	2	c4c4c4
1359	dieL	25	2	404040
1359	dieL	26	2	606060
1359	dieL	27	2	d2d2d2
1359	dieL	28	1	bfbfbf
1359	dieL	29	2	8f8f8f
1359	dieR	1	3	cae8f4
1359	dieR	2	3	94daf2
1359	dieR	3	3	7cd5f2
1359	dieR	4	3	6ad4f2
1359	dieR	5	3	a9dff3
1359	dieR	6	3	8ad8f2
1359	dieR	7	3	73d5f2
1359	dieR	8	3	bde4f5
1359	dieR	9	3	9fdcf3
1359	dieR	10	1	bfc5d9
1359	dieR	11	3	b2e1f3
1359	dieR	12	1	ffffff
1359	dieR	13	1	bfbfbf
1359	dieR	14	2	ffffff
1359	hitL	1	1	bfc5d9
1359	hitL	2	3	cdeaf6
1359	hitL	3	3	bce4f5
1359	hitL	4	3	8ad8f2
1359	hitL	5	3	a9dff3
1359	hitL	6	3	94daf2
1359	hitL	7	3	9fdcf3
1359	hitL	8	3	b2e1f3
1359	hitL	9	3	81d5f1
1359	hitL	10	3	75d5f3
1359	hitL	11	3	6ad4f2
1359	hitL	12	2	f6f6f6
1359	hitL	13	2	ffffff
1359	hitL	14	2	ebebeb
1359	hitL	15	2	000000
1359	hitR	1	3	c3e7f4
1359	hitR	2	3	cdeaf6
1359	hitR	3	3	b2e1f3
1359	hitR	4	3	a9dff3
1359	hitR	5	3	9fdcf3
1359	hitR	6	3	93daf2
1359	hitR	7	3	84d6f2
1359	hitR	8	1	bfc5d9
1359	hitR	9	3	75d5f3
1359	hitR	10	3	68d4f2
1359	hitR	11	2	ffffff
1359	runL	1	3	ceeaf4
1359	runL	2	3	ace0f3
1359	runL	3	3	c4e7f4
1359	runL	4	3	b6e3f5
1359	runL	5	3	9ddcf3
1359	runL	6	3	93daf2
1359	runL	7	3	84d6f2
1359	runL	8	3	73d5f2
1359	runL	9	1	bfc5d9
1359	runL	10	3	69d3f2
1359	runL	11	2	ffffff
1359	runL	12	2	f6f6f6
1359	runL	13	2	000000
1359	runR	1	3	ceeaf4
1359	runR	2	3	b6e3f5
1359	runR	3	3	c3e7f4
1359	runR	4	3	93daf2
1359	runR	5	3	ace0f3
1359	runR	6	3	9fdcf3
1359	runR	7	3	84d6f2
1359	runR	8	1	bfc5d9
1359	runR	9	3	73d5f2
1359	runR	10	3	6ad4f2
1359	runR	11	2	ffffff
1359	staticL	1	3	bce4f5
1359	staticL	2	3	b0e1f5
1359	staticL	3	3	9fdcf3
1359	staticL	4	3	82d6f2
1359	staticL	5	1	bfc5d9
1359	staticL	6	3	71d6f3
1359	staticL	7	2	ffffff
1359	staticR	1	3	b0e1f5
1359	staticR	2	3	9ddcf3
1359	staticR	3	3	82d6f2
1359	staticR	4	3	71d6f3
1359	staticR	5	1	bfc5d9
1359	staticR	6	2	ffffff
1359	walkL	1	3	ceeaf4
1359	walkL	2	3	c4e7f4
1359	walkL	3	3	b6e3f5
1359	walkL	4	3	aae0f3
1359	walkL	5	3	98dbf3
1359	walkL	6	3	a1dcf2
1359	walkL	7	3	7ed6f2
1359	walkL	8	3	88d6f2
1359	walkL	9	1	bfc5d9
1359	walkL	10	3	6ed5f3
1359	walkL	11	3	65d5f2
1359	walkL	12	2	ffffff
1359	walkL	13	2	000000
1359	walkR	1	3	ceeaf4
1359	walkR	2	3	c4e7f4
1359	walkR	3	3	bbe4f4
1359	walkR	4	3	b2e1f3
1359	walkR	5	3	9fdcf3
1359	walkR	6	3	8ed8f2
1359	walkR	7	3	84d6f2
1359	walkR	8	1	bfc5d9
1359	walkR	9	3	78d4f2
1359	walkR	10	3	6ed4f2
1359	walkR	11	3	65d5f2
1359	walkR	12	2	ffffff
1564	anim0L	1	3	2d2942
1564	anim0L	2	3	332e4b
1564	anim0L	3	3	00002b
1564	anim0L	4	3	444466
1564	anim0L	5	3	000000
1564	anim0L	6	2	404080
1564	anim0L	7	2	5555aa
1564	anim0L	8	2	808080
1564	anim0L	9	2	666699
1564	anim0L	10	2	555580
1564	anim0L	11	2	55558e
1564	anim0L	12	2	60558a
1564	anim0L	13	2	5e4c84
1564	anim0L	14	3	383853
1564	anim0L	15	3	222233
1564	anim0L	16	3	3e3e5c
1564	anim0L	17	3	2e2e2e
1564	anim0L	18	3	121224
1564	anim0L	19	3	1b1b28
1564	anim0L	20	2	0000ff
1564	anim0L	21	2	6d4992
1564	anim0L	22	2	606080
1564	anim0L	23	3	171717
1564	anim0L	24	3	242424
1564	anim0R	1	2	555580
1564	anim0R	2	3	000000
1564	anim0R	3	3	383853
1564	anim0R	4	2	666699
1564	anim0R	5	3	3e3e5c
1564	anim0R	6	3	332e4b
1564	anim0R	7	2	6d4992
1564	anim0R	8	2	808080
1564	anim0R	9	3	171717
1564	anim0R	10	2	664d80
1564	anim0R	11	2	55558e
1564	anim0R	12	3	2d2942
1564	anim0R	13	3	2e2e2e
1564	anim0R	14	2	5d468b
1564	anim0R	15	3	444466
1564	anim0R	16	2	606080
1564	anim0R	17	2	5555aa
1564	anim0R	18	2	0000ff
1564	anim0R	19	2	404080
1564	anim0R	20	3	242424
1564	anim0R	21	3	222233
1564	anim0R	22	3	15152b
1564	dieL	1	3	2d2942
1564	dieL	2	3	332e4b
1564	dieL	3	3	2e2e2e
1564	dieL	4	3	000000
1564	dieL	5	3	383853
1564	dieL	6	3	222233
1564	dieL	7	3	1b1b28
1564	dieL	8	2	555580
1564	dieL	9	2	6d4992
1564	dieL	10	3	444466
1564	dieL	11	2	5555aa
1564	dieL	12	2	606080
1564	dieL	13	2	0000ff
1564	dieL	14	2	5e4e85
1564	dieL	15	2	808080
1564	dieL	16	3	121224
1564	dieL	17	3	3d3d5c
1564	dieL	18	3	242424
1564	dieL	19	3	171717
1564	dieR	1	3	444466
1564	dieR	2	3	000000
1564	dieR	3	3	1b1b28
1564	dieR	4	3	242424
1564	dieR	5	3	2d2942
1564	dieR	6	3	383853
1564	dieR	7	3	332e4b
1564	dieR	8	3	222233
1564	dieR	9	3	3d3d5c
1564	dieR	10	2	808080
1564	dieR	11	2	5555aa
1564	dieR	12	2	5e4e85
1564	dieR	13	2	6d4992
1564	dieR	14	3	2e2e2e
1564	hitL	1	2	808080
1564	hitL	2	3	444466
1564	hitL	3	3	332e4b
1564	hitL	4	2	5e4e85
1564	hitL	5	3	2d2942
1564	hitL	6	3	3e3e5c
1564	hitL	7	3	383853
1564	hitL	8	3	1c1c1c
1564	hitL	9	2	5555aa
1564	hitL	10	2	6d4992
1564	hitL	11	3	1b1b28
1564	hitL	12	3	1d1d31
1564	hitL	13	3	000000
1564	hitR	1	2	5e4e85
1564	hitR	2	2	5555aa
1564	hitR	3	2	6d4992
1564	hitR	4	3	444466
1564	hitR	5	2	808080
1564	hitR	6	2	606080
1564	hitR	7	3	2b2b40
1564	hitR	8	3	383853
1564	hitR	9	3	3e3e5c
1564	hitR	10	3	332e4b
1564	hitR	11	3	1d1d31
1564	hitR	12	3	000000
1564	runL	1	3	444466
1564	runL	2	2	5e4e85
1564	runL	3	2	6d4992
1564	runL	4	2	808080
1564	runL	5	2	606080
1564	runL	6	2	0000ff
1564	runL	7	3	2d2842
1564	runL	8	3	3b3b58
1564	runL	9	3	332e4b
1564	runL	10	3	000000
1564	runL	11	3	1b1b28
1564	runL	12	3	1d1d31
1564	runR	1	3	2d2842
1564	runR	2	3	000000
1564	runR	3	3	332e4b
1564	runR	4	2	5e4c84
1564	runR	5	3	444466
1564	runR	6	3	3b3b58
1564	runR	7	2	606080
1564	runR	8	2	808080
1564	runR	9	3	15152b
1564	runR	10	3	222239
1564	runR	11	3	202030
1564	runR	12	3	1c1c1c
1564	runR	13	2	0000ff
1564	staticL	1	2	808080
1564	staticL	2	3	332e4b
1564	staticL	3	3	444466
1564	staticR	1	2	808080
1564	staticR	2	3	444466
1564	walkL	1	2	606080
1564	walkL	2	2	664d80
1564	walkL	3	3	444466
1564	walkL	4	3	3b3b58
1564	walkL	5	3	2d2842
1564	walkL	6	2	0000ff
1564	walkL	7	2	5d468b
1564	walkL	8	3	332e4b
1564	walkL	9	2	808080
1564	walkL	10	3	000000
1564	walkL	11	3	222233
1564	walkL	12	3	1b1b28
1564	walkR	1	3	332e4b
1564	walkR	2	2	606080
1564	walkR	3	3	444466
1564	walkR	4	2	808080
1564	walkR	5	2	0000ff
1564	walkR	6	3	3b3b58
1564	walkR	7	3	202030
1564	walkR	8	3	000000
