# type	id	xmin	ymin	largeur	hauteur	image
sol	2	-54	-16	109	57	1
sol	3	-27	-14	55	30	1
sol	4	-28	-15	56	30	1
sol	5	-28	-14	56	29	1
sol	6	-28	-15	58	30	1
sol	7	-27	-1	54	25	1
sol	8	-27	-1	54	25	1
sol	9	-27	-1	54	25	1
sol	10	-29	-14	57	29	1
sol	11	-27	-15	54	29	1
sol	12	-55	-42	110	57	1
sol	13	-28	-14	56	29	1
sol	14	-29	-14	57	29	1
sol	15	-29	-14	57	29	1
sol	16	-29	-14	57	29	1
sol	17	-29	-14	57	29	1
sol	18	-27	-14	27	22	1
sol	19	-27	-1	54	25	1
sol	20	-27	-12	54	36	1
sol	21	-27	-1	54	12	1
sol	22	-27	-14	1	1	1
sol	23	-27	-14	1	1	1
sol	24	-27	-14	54	22	1
sol	25	-27	-14	54	38	1
sol	26	-27	-14	54	38	1
sol	27	-30	-16	60	32	1
sol	28	-30	-16	60	32	1
sol	29	-32	-18	65	35	1
sol	30	-32	-17	65	35	1
sol	31	-31	-16	63	33	1
sol	32	-27	-13	54	37	1
sol	33	-29	-14	58	29	1
sol	34	-30	-15	60	30	1
sol	35	-27	-15	56	30	1
sol	36	-29	-15	59	30	1
sol	37	-29	-37	57	52	1
sol	39	-28	-15	56	30	1
sol	40	-29	-15	57	30	1
sol	41	-28	-15	55	30	1
sol	42	-29	-15	57	31	1
sol	43	0	0	1	1	1
sol	44	-30	-16	60	32	1
sol	45	-30	-16	61	32	1
sol	46	-31	-16	63	33	1
sol	47	-31	-16	63	33	1
sol	48	-31	-16	62	32	1
sol	49	-28	-15	56	30	1
sol	50	-27	-14	67	28	1
sol	51	-27	-14	64	28	1
sol	52	-27	-14	59	28	1
sol	53	-27	-14	54	28	1
sol	54	-27	-14	54	28	1
sol	55	-53	-41	106	55	1
sol	57	-28	-15	56	30	1
sol	58	-29	-15	57	30	1
sol	59	-28	-15	56	30	1
sol	60	-27	-14	1	1	1
sol	61	-55	-43	110	58	1
sol	62	-27	-14	1	1	1
sol	63	-27	-1	54	12	1
sol	64	-27	-14	54	38	1
sol	65	-27	-14	54	38	1
sol	66	-28	-15	57	30	1
sol	67	-158	-66	311	155	1
sol	68	-27	-14	54	38	1
sol	69	-29	-15	57	30	1
sol	70	-32	-17	64	34	1
sol	72	-109	-55	191	97	1
sol	74	-27	-14	54	28	1
sol	75	-27	-14	54	28	1
sol	76	-27	-14	54	28	1
sol	77	-28	-14	55	28	1
sol	78	-27	-14	67	28	1
sol	79	-27	-14	67	28	1
sol	80	-27	-14	54	28	1
sol	81	-27	-14	54	28	1
sol	82	-27	-14	54	28	1
sol	83	-30	-16	60	32	1
sol	84	-30	-16	60	32	1
sol	85	-30	-16	60	32	1
sol	86	-28	-15	56	30	1
sol	87	-27	-14	54	28	1
sol	88	-29	-211	60	226	1
sol	89	-1	-195	29	212	1
sol	90	1	-210	30	225	1
sol	91	-35	-18	70	34	1
sol	92	-35	-17	70	34	1
sol	93	-35	-17	70	34	1
sol	94	-36	-18	71	34	1
sol	95	-35	-17	70	34	1
sol	96	-35	-18	70	34	1
sol	97	-35	-17	70	34	1
sol	98	-35	-17	70	34	1
sol	99	-27	-14	54	28	1
sol	100	-27	-14	54	28	1
sol	101	-27	-14	54	28	1
sol	102	-27	-14	54	28	1
sol	103	-27	-14	54	28	1
sol	104	-55	-41	110	55	1
sol	107	-52	-22	126	55	1
sol	108	-55	-22	116	50	1
sol	109	-63	-26	126	52	1
sol	110	-79	-39	106	58	1
sol	111	-75	-39	107	57	1
sol	112	-79	-41	109	58	1
sol	115	-54	-15	109	57	1
sol	116	-47	-14	102	55	1
sol	117	-54	-14	111	51	1
sol	118	-27	-14	54	35	1
sol	119	-27	-14	54	28	1
sol	120	-27	-14	1	1	1
sol	121	-23	-12	47	25	1
sol	122	-27	-14	54	35	1
sol	123	-27	-15	54	35	1
sol	124	-27	-14	54	35	1
sol	125	-27	-14	1	1	1
sol	126	-27	-14	1	1	1
sol	127	-27	-14	1	1	1
sol	128	-27	-14	1	1	1
sol	129	-27	-14	54	38	1
sol	130	-25	-13	50	26	1
sol	131	-27	-14	55	28	1
sol	132	-26	-14	53	28	1
sol	133	-27	-14	54	30	1
sol	134	-27	-1	54	22	1
sol	136	-29	-15	58	30	1
sol	137	-30	-16	61	31	1
sol	138	-31	-15	62	31	1
sol	139	-30	-15	60	31	1
sol	140	-30	-16	60	31	1
sol	141	-30	-15	61	30	1
sol	142	-2	-15	29	24	1
sol	143	-27	-15	29	23	1
sol	144	-55	-10	111	51	1
sol	145	-45	-19	89	8	1
sol	146	-8	-36	14	43	1
sol	147	-5	-17	35	19	1
sol	148	-52	-27	105	54	1
sol	149	-52	-27	105	54	1
sol	150	-56	-17	113	59	1
sol	151	-55	-16	109	57	1
sol	152	-53	-15	107	57	1
sol	153	-47	-14	102	55	1
sol	154	-54	-14	111	42	1
sol	155	-55	-10	111	51	1
sol	156	-45	-19	89	8	1
sol	157	-8	-36	14	43	1
sol	158	-5	-17	35	19	1
sol	159	-54	-15	109	57	1
sol	160	-98	-53	199	110	1
sol	161	-101	-41	200	109	1
sol	162	-68	-32	128	66	1
sol	163	-56	-25	111	51	1
sol	164	-60	-27	111	51	1
sol	165	-30	-15	60	30	1
sol	166	-30	-15	60	30	1
sol	167	-92	-48	190	95	1
sol	168	-86	-81	242	140	1
sol	169	-192	-72	322	175	1
sol	170	-139	-32	270	60	1
sol	171	-50	-67	111	135	1
sol	173	-55	-28	106	62	1
sol	174	-48	-49	111	97	1
sol	175	-8	-27	71	61	1
sol	176	-66	-34	145	76	1
sol	177	-82	-41	146	74	1
sol	178	-30	-16	50	29	1
sol	179	-40	-27	122	55	1
sol	180	-79	-34	145	76	1
sol	181	-64	-41	146	74	1
sol	182	-51	-28	106	62	1
sol	183	-28	-15	55	30	1
sol	184	-31	-13	63	28	1
sol	185	-27	-17	57	39	1
sol	186	-203	-90	399	179	1
sol	187	-129	-65	274	132	1
sol	189	-51	-23	113	53	1
sol	190	-60	-28	121	62	1
sol	191	-29	-15	57	30	1
sol	192	-29	-15	57	30	1
sol	193	-29	-15	57	30	1
sol	194	-89	-47	181	93	1
sol	195	-31	-16	62	34	1
sol	196	-111	-71	224	115	1
sol	199	-91	-12	197	123	1
sol	200	-24	-51	188	113	1
sol	201	-27	-14	54	31	1
sol	202	-52	-13	185	101	1
sol	203	-106	-32	211	128	1
sol	204	-132	-13	185	101	1
sol	205	-107	-14	161	89	1
sol	206	-81	-14	161	102	1
sol	207	-79	-22	158	82	1
sol	208	-106	-142	211	128	1
sol	209	-27	-14	54	31	1
sol	210	-27	-14	54	31	1
sol	211	-26	-14	52	28	1
sol	213	-82	-12	188	113	1
sol	214	-24	-51	188	113	1
sol	215	-52	-13	185	101	1
sol	216	-106	-32	211	128	1
sol	217	-132	-13	185	101	1
sol	218	-107	-14	161	89	1
sol	219	-81	-14	161	102	1
sol	220	-79	-22	158	82	1
sol	221	-106	-142	211	128	1
sol	225	-76	-242	153	497	1
sol	226	-71	-202	138	405	1
sol	228	-109	-98	206	199	1
sol	229	-71	-208	170	168	1
sol	231	-90	-49	187	106	1
sol	232	-79	-176	156	160	1
sol	234	-27	-13	54	32	1
sol	235	-28	-39	128	73	1
sol	236	-55	-29	141	79	1
sol	237	-291	-155	459	418	1
sol	238	-84	-43	169	86	1
sol	239	-84	-43	169	86	1
sol	240	-86	-44	172	87	1
sol	241	-87	-44	173	87	1
sol	242	-142	-82	285	144	1
sol	243	-142	-82	285	144	1
sol	244	-44	-29	91	54	1
sol	245	-45	-30	91	55	1
sol	247	-87	-43	173	86	1
sol	248	-87	-44	173	87	1
sol	249	-87	-43	173	87	1
sol	250	-86	-43	172	87	1
sol	251	-87	-43	173	87	1
sol	254	-32	-18	64	34	1
sol	255	-32	-17	64	33	1
sol	256	-31	-15	67	33	1
sol	257	-31	-15	66	33	1
sol	258	-31	-17	66	35	1
sol	264	-32	-16	64	32	1
sol	265	-32	-16	64	32	1
sol	266	-24	-28	106	63	1
sol	267	-24	-28	105	63	1
sol	269	-67	-34	133	69	1
sol	270	-67	-34	133	69	1
sol	271	-49	39	101	58	1
sol	272	-30	-16	60	32	1
sol	273	-30	-16	60	32	1
sol	274	-52	-54	97	46	1
sol	275	-43	-50	79	38	1
sol	276	-166	-357	358	433	1
sol	277	-26	-29	114	58	1
sol	278	-26	-29	114	58	1
sol	279	-26	-29	114	58	1
sol	280	-26	-29	114	58	1
sol	281	-26	-29	114	58	1
sol	282	-28	31	325	169	1
sol	285	-27	-15	54	34	1
sol	286	-27	-14	54	34	1
sol	288	0	0	1	1	1
sol	290	0	0	1	1	1
sol	292	0	0	1	1	1
sol	293	-83	-44	168	116	1
sol	294	-83	-43	168	115	1
sol	295	-83	-58	220	115	1
sol	296	-29	-14	60	156	1
sol	297	-30	-122	60	156	1
sol	298	-30	-122	60	156	1
sol	299	-29	-14	60	156	1
sol	300	-30	-13	59	53	1
sol	301	-30	-13	59	53	1
sol	302	-30	-13	59	53	1
sol	303	-2	-14	31	28	1
sol	304	-29	-14	59	60	1
sol	305	-29	-13	58	53	1
sol	306	-30	-13	59	52	1
sol	307	-2	-14	31	29	1
sol	308	-29	-14	59	60	1
sol	309	-30	-13	59	53	1
sol	310	-30	-13	59	52	1
sol	311	-2	-14	31	29	1
sol	312	-29	-13	59	59	1
sol	313	-29	-13	59	52	1
sol	314	-29	-13	59	52	1
sol	315	-26	-14	54	75	1
sol	316	-53	-40	107	94	1
sol	317	-26	-14	54	76	1
sol	318	-26	-13	54	75	1
sol	319	-27	-14	55	76	1
sol	320	-26	-13	54	75	1
sol	321	-26	-13	54	75	1
sol	322	-8	-43	35	45	1
sol	323	-32	-19	29	29	1
sol	324	11	-34	15	44	1
sol	325	-12	-14	14	30	1
sol	326	-60	-45	121	113	1
sol	327	-61	-46	122	113	1
sol	328	-61	-45	121	113	1
sol	329	-61	-44	121	113	1
sol	330	-26	-13	54	75	1
sol	331	-26	-13	54	76	1
sol	332	-26	-13	54	76	1
sol	333	-53	-14	107	94	1
sol	334	-55	-40	109	101	1
sol	335	-54	-40	109	101	1
sol	336	-27	-14	54	67	1
sol	338	-53	-68	109	94	1
sol	339	-52	-78	108	103	1
sol	340	-49	-22	97	47	1
sol	342	-68	-9	153	175	1
sol	343	-79	0	168	226	1
sol	344	-90	-3	191	204	1
sol	345	-41	-3	88	93	1
sol	346	-51	-6	109	131	1
sol	347	-47	-6	104	231	1
sol	348	-35	-7	69	63	1
sol	349	-29	-14	58	30	1
sol	350	-53	-74	111	91	1
sol	351	-53	-19	111	90	1
sol	352	-54	-72	111	89	1
sol	353	-55	-18	111	89	1
sol	354	-56	-69	110	87	1
sol	355	-54	-17	111	87	1
sol	356	-55	-62	111	80	1
sol	357	-57	-11	110	80	1
sol	358	-57	-46	110	87	1
sol	359	-56	-16	110	87	1
sol	360	-54	-45	111	87	1
sol	361	-52	-14	110	87	1
sol	362	-52	-41	110	85	1
sol	363	-54	-12	111	84	1
sol	364	-60	-87	114	133	1
sol	365	-57	-95	115	133	1
sol	366	-54	-18	114	133	1
sol	367	-26	-14	55	54	1
sol	368	-26	-12	55	48	1
sol	369	-26	-12	55	60	1
sol	370	-26	-12	55	52	1
sol	371	-26	-12	55	60	1
sol	372	-55	-19	114	133	1
sol	373	-50	-20	107	226	1
sol	374	-52	-46	108	226	1
sol	375	-50	-20	107	226	1
sol	376	-49	-47	107	226	1
sol	377	-51	-18	107	226	1
sol	378	-50	-48	108	226	1
sol	379	-23	-12	49	83	1
sol	380	-20	-9	42	59	1
sol	381	-22	-8	46	87	1
sol	382	-20	-10	42	59	1
sol	383	-24	-13	50	81	1
sol	384	-22	-9	47	86	1
sol	385	-33	-18	69	131	1
sol	386	-35	-16	71	130	1
sol	387	-36	-19	76	131	1
sol	388	-27	-11	53	26	1
sol	389	-24	-13	50	25	1
sol	390	-25	-13	50	25	1
sol	391	-24	-12	50	25	1
sol	392	-24	-12	50	25	1
sol	393	-24	-12	50	25	1
sol	394	-25	-13	50	25	1
sol	395	-24	-12	50	25	1
sol	396	-24	-13	50	25	1
sol	397	-25	-13	50	25	1
sol	398	-24	-12	50	25	1
sol	399	-24	-12	50	25	1
sol	400	-25	-13	52	26	1
sol	401	-24	-12	50	25	1
sol	402	-25	-12	52	25	1
sol	403	-24	-12	50	25	1
sol	404	-24	-13	50	25	1
sol	405	-184	-55	369	114	1
sol	406	-254	-69	492	132	1
sol	407	-84	-55	203	117	1
sol	408	-53	-29	135	63	1
sol	409	-82	-23	154	50	1
sol	410	-125	-31	270	65	1
sol	412	-136	-31	270	66	1
sol	413	-134	-37	279	68	1
sol	414	-130	-36	279	68	1
sol	415	-130	-34	279	68	1
sol	416	-24	-11	51	25	1
sol	417	-25	-12	51	26	1
sol	418	-24	-11	51	25	1
sol	419	-24	-11	49	25	1
sol	420	-24	-11	51	25	1
sol	421	-26	-13	84	47	1
sol	422	-54	-13	110	62	1
sol	423	-24	-13	50	25	1
sol	424	-28	-13	54	28	1
sol	425	-106	-11	196	123	1
sol	426	-107	-93	195	123	1
sol	427	-76	-33	160	60	1
sol	431	-100	-30	207	330	1
sol	432	-40	-18	84	32	1
sol	434	-30	-12	61	36	1
sol	435	-30	-13	61	37	1
sol	436	-52	-13	107	82	1
sol	439	-116	-64	250	132	1
sol	440	-161	-92	364	179	1
sol	443	-72	-25	160	59	1
sol	444	-39	-18	84	32	1
sol	446	-55	-41	108	63	1
sol	447	-53	-41	110	65	1
sol	448	-55	-42	110	65	1
sol	449	-54	-41	108	64	1
sol	450	-27	-15	54	29	1
sol	451	-27	-15	54	29	1
sol	452	-27	-15	54	29	1
sol	453	-27	-15	54	30	1
sol	454	-27	-14	54	28	1
sol	455	-27	-14	54	28	1
sol	456	-27	-14	54	28	1
sol	457	-27	-14	54	28	1
sol	458	-27	-14	54	28	1
sol	459	-27	-14	54	28	1
sol	460	-55	-41	108	64	1
sol	461	-54	-41	108	63	1
sol	462	-27	-14	54	28	1
sol	463	-27	-14	54	28	1
sol	464	-27	-14	54	28	1
sol	465	-27	-14	54	28	1
sol	466	-27	-14	54	28	1
sol	467	-27	-14	54	28	1
sol	468	-27	-14	54	28	1
sol	469	-27	-14	54	28	1
sol	472	-95	-135	286	150	1
sol	473	-188	-16	286	150	1
sol	474	-27	-14	54	28	1
sol	475	-27	-14	54	28	1
sol	476	-27	-14	54	28	1
sol	477	-27	-14	54	28	1
sol	478	-27	-14	54	28	1
sol	479	-27	-14	54	28	1
sol	480	-27	-14	54	28	1
sol	481	-27	-14	54	28	1
sol	482	-27	-14	54	28	1
sol	483	-27	-15	54	30	1
sol	484	-27	-14	54	28	1
sol	485	-27	-14	54	28	1
sol	486	-27	-14	54	28	1
sol	489	-27	-14	54	28	1
sol	490	-27	-14	54	28	1
sol	491	-27	-14	54	28	1
sol	492	-31	-16	62	32	1
sol	493	-10	-12	28	17	1
sol	494	-82	-43	173	84	1
sol	495	-79	-41	174	83	1
sol	496	-83	-43	174	84	1
sol	497	-159	-84	344	165	1
sol	498	-159	-81	344	166	1
sol	499	-54	-42	108	64	1
sol	500	-28	-15	56	30	1
sol	501	-29	-15	57	30	1
sol	502	-28	-15	56	30	1
sol	503	-28	-15	56	30	1
sol	504	-28	-15	56	30	1
sol	505	-28	-15	56	30	1
sol	506	-29	-15	58	30	1
sol	507	-28	-15	56	30	1
sol	508	-28	-15	56	31	1
sol	509	-28	-15	56	30	1
sol	510	-28	-15	56	30	1
sol	511	-28	-15	56	30	1
sol	512	-51	-27	78	60	1
sol	513	-55	-25	108	43	1
sol	514	-27	-27	77	59	1
sol	515	-55	-14	110	44	1
sol	516	-53	-41	108	64	1
sol	517	-55	-14	111	44	1
sol	518	-52	-28	78	60	1
sol	519	-54	-26	108	43	1
sol	520	-26	-28	78	60	1
sol	523	-23	-24	68	55	1
sol	524	-56	-69	163	92	1
sol	525	-54	-42	108	63	1
sol	526	-50	-27	78	60	1
sol	527	-55	-24	108	43	1
sol	528	-27	-27	77	59	1
sol	529	-55	-41	110	45	1
sol	530	-75	-70	182	94	1
sol	531	-182	-83	352	172	1
sol	534	-114	-63	216	119	1
sol	535	-63	-38	122	66	1
sol	536	-59	-29	121	65	1
sol	537	-54	-40	108	63	1
sol	538	-54	-41	108	63	1
sol	539	-54	-41	107	55	1
sol	540	-54	-42	108	55	1
sol	541	-54	-41	107	55	1
sol	542	-54	-42	108	55	1
sol	543	-54	-41	107	55	1
sol	544	-55	-41	108	55	1
sol	545	-54	-27	107	41	1
sol	546	-66	-54	119	68	1
sol	547	-22	-41	75	57	1
sol	548	-62	-42	115	61	1
sol	549	-54	-42	114	43	1
sol	550	-55	-27	107	41	1
sol	551	-65	-53	119	68	1
sol	552	-22	-41	75	57	1
sol	553	-61	-41	114	61	1
sol	554	-52	-41	114	43	1
sol	555	-53	-26	107	41	1
sol	556	-66	-54	119	68	1
sol	557	-22	-41	75	57	1
sol	558	-62	-41	115	61	1
sol	559	-54	-40	114	43	1
sol	560	-55	-41	108	63	1
sol	561	-2	-41	55	63	1
sol	562	-55	-41	108	37	1
sol	563	-55	-14	108	37	1
sol	564	-56	-45	111	45	1
sol	565	-54	-42	78	60	1
sol	566	-56	-25	108	43	1
sol	568	-70	11	244	375	1
sol	569	-178	12	244	376	1
sol	570	-237	6	302	485	1
sol	572	-110	12	225	327	1
sol	573	-20	-258	43	466	1
sol	575	-249	6	260	146	1
sol	576	-249	5	279	146	1
sol	577	-429	9	436	244	1
sol	578	-120	-68	259	145	1
sol	579	-249	5	279	146	1
sol	580	-223	-108	435	243	1
sol	586	-56	-41	112	164	1
sol	587	-56	-41	112	164	1
sol	588	-56	-40	112	164	1
sol	589	-56	-42	110	63	1
sol	590	-56	-42	110	62	1
sol	591	-55	-42	110	63	1
sol	592	-54	-24	108	43	1
sol	593	-23	-41	77	60	1
sol	594	-54	-42	110	44	1
sol	595	-54	-24	108	43	1
sol	596	-23	-40	78	60	1
sol	597	-54	-42	110	45	1
sol	598	-54	-23	107	43	1
sol	599	-23	-40	77	60	1
sol	600	-55	-42	111	44	1
sol	601	-55	-29	106	115	1
sol	602	-10	-28	65	45	1
sol	603	-28	-61	83	79	1
sol	604	-77	-321	180	416	1
sol	605	-111	-150	225	258	1
sol	608	-249	-167	452	487	1
sol	610	-272	-176	452	487	1
sol	611	0	0	1	1	1
sol	615	-437	-6	445	453	1
sol	616	-6	-8	463	453	1
sol	622	-55	-14	110	63	1
sol	623	-55	-40	110	62	1
sol	625	-52	-42	106	58	1
sol	626	-53	-41	106	57	1
sol	627	-24	-12	45	24	1
sol	628	-77	-60	149	91	1
sol	629	-76	-33	150	91	1
fond	1	-4	-3	1000	632	1
fond	38	-8	-3	971	602	1
fond	56	-18	-11	991	619	1
fond	71	-22	-19	995	621	1
fond	73	-22	-21	998	613	1
fond	105	-1	-1	744	433	1
fond	106	-22	-19	1001	627	1
fond	113	-16	-9	771	451	1
fond	114	-1	-2	749	436	1
fond	135	-3	-3	747	436	1
fond	172	-24	-13	997	587	1
fond	188	-4	-5	780	454	1
fond	197	0	0	960	658	1
fond	198	-101	-49	903	519	1
fond	212	-2	-2	751	441	1
fond	222	-522	-113	1026	620	1
fond	223	-83	-354	156	709	1
fond	224	-107	-296	209	593	1
fond	227	-113	-283	223	566	1
fond	230	-71	-13	876	511	1
fond	233	-22	-19	940	626	1
fond	246	-2	-3	755	440	1
fond	252	-6	-7	760	458	1
fond	253	-2	-3	760	456	1
fond	259	-8	-3	971	602	1
fond	260	-8	-3	971	602	1
fond	261	-18	-11	991	619	1
fond	262	-18	-11	991	619	1
fond	263	-8	-3	971	602	1
fond	268	-7	-6	827	485	1
fond	283	-2	-1	801	464	1
fond	284	-2	-1	746	435	1
fond	287	-87	-73	1168	522	1
fond	289	-204	-92	930	541	1
fond	337	-149	-67	1252	772	1
fond	341	-56	-20	907	507	1
fond	411	-23	-16	990	620	1
fond	428	-244	-60	411	653	1
fond	429	-189	-53	317	504	1
fond	430	-451	-97	693	1102	1
fond	433	-4	-4	772	502	1
fond	437	-94	-300	207	577	1
fond	438	-2	-2	745	435	1
fond	441	0	0	759	457	1
fond	442	-188	-372	411	654	1
fond	445	0	0	751	441	1
fond	470	-396	-464	902	786	1
fond	471	-692	-599	902	785	1
fond	532	-260	-121	503	246	1
fond	533	-354	-165	688	337	1
fond	567	-3	-3	760	456	1
fond	571	-62	-10	463	744	1
fond	574	-29	-461	75	831	1
fond	581	-18	-18	801	601	1
fond	582	-22	-19	800	600	1
fond	583	-30	-32	800	600	1
fond	584	-21	-27	800	600	1
fond	585	-21	-32	800	600	1
fond	606	-120	-531	231	638	1
fond	607	-178	-499	522	517	1
fond	612	-6	-5	1177	696	1
fond	617	-10	-11	786	453	1
fond	618	-237	-320	648	626	1
fond	619	-241	-306	645	660	1
fond	620	-305	-512	528	699	1
fond	621	-1	-1	800	602	1
fond	630	-3	-3	792	458	1
objet	1	-93	-229	195	266	1
objet	2	-93	-273	195	310	1
objet	3	-58	-114	77	130	1
objet	4	-55	-116	83	130	1
objet	5	-58	-114	77	130	1
objet	6	-65	-120	95	140	1
objet	7	-58	-114	77	130	1
objet	8	-55	-116	83	130	1
objet	9	-58	-114	77	130	1
objet	10	-65	-120	95	140	1
objet	11	-58	-114	77	130	1
objet	12	-55	-116	83	130	1
objet	13	-58	-114	77	130	1
objet	14	-226	-248	392	347	1
objet	15	-121	-227	287	282	1
objet	16	-48	-302	256	324	1
objet	17	-36	-129	81	143	1
objet	18	-34	-67	69	58	1
objet	19	-19	-10	40	22	1
objet	20	-11	-17	21	23	1
objet	21	-19	-36	61	47	1
objet	22	-58	-26	119	40	1
objet	23	-17	-15	30	21	1
objet	24	-12	-26	18	28	1
objet	25	-7	-136	1	1	1
objet	26	0	0	1	1	1
objet	27	-19	-28	42	42	1
objet	28	-144	-155	201	161	1
objet	29	-42	-29	100	53	1
objet	30	-7	-16	38	21	1
objet	31	-15	-16	46	27	1
objet	32	-9	-9	23	19	1
objet	33	-7	-16	38	21	1
objet	34	-7	-16	38	32	1
objet	35	-7	-16	38	21	1
objet	36	-15	-16	46	27	1
objet	37	-9	-9	23	19	1
objet	38	-7	-16	38	21	1
objet	39	-7	-16	38	31	1
objet	40	-46	-92	82	106	1
objet	41	-33	-85	59	100	1
objet	42	-56	-183	112	197	1
objet	43	-45	-94	85	111	1
objet	44	-40	-75	84	93	1
objet	45	-15	-9	33	20	1
objet	46	-65	-120	95	140	1
objet	47	-58	-114	77	130	1
objet	48	-55	-116	83	130	1
objet	49	-58	-114	77	130	1
objet	50	-20	-14	47	25	1
objet	51	-20	-14	47	25	1
objet	52	-20	-14	47	25	1
objet	53	-21	-14	41	15	1
objet	54	-21	-14	41	15	1
objet	55	-27	-14	54	26	1
objet	56	-108	-186	215	230	1
objet	57	-71	-137	139	186	1
objet	58	-89	-156	124	196	1
objet	59	-95	-165	116	209	1
objet	60	-401	-234	465	230	1
objet	61	-50	-93	74	92	1
objet	62	-165	-166	305	301	1
objet	63	-90	-260	184	300	1
objet	64	-132	-203	219	278	1
objet	65	-76	-147	154	188	1
objet	66	-150	-159	321	232	1
objet	67	-106	-35	212	76	1
objet	68	-107	-68	214	108	1
objet	69	-37	-83	79	90	1
objet	70	-42	-38	72	60	1
objet	71	-47	-36	82	88	1
objet	72	-58	-12	106	72	1
objet	73	-159	-82	286	171	1
objet	74	1	-160	274	143	1
objet	75	-98	-238	235	290	1
objet	76	-160	-327	249	334	1
objet	77	-80	-51	160	53	1
objet	78	-123	-135	354	223	1
objet	79	-142	-254	332	377	1
objet	80	-57	-29	114	58	1
objet	81	-59	-11	118	22	1
objet	82	-15	4	42	36	1
objet	83	-12	-17	26	35	1
objet	84	-134	-72	268	144	1
objet	85	-93	-337	526	409	1
objet	86	-29	1	59	16	1
objet	87	-29	-12	59	16	1
objet	88	-3	-14	30	16	1
objet	89	-27	-14	30	16	1
objet	90	-28	-179	58	193	1
objet	91	-32	-180	58	195	1
objet	92	-30	-188	59	205	1
objet	93	-27	-164	56	179	1
objet	94	-32	-180	63	199	1
objet	95	-53	1	59	208	1
objet	96	-7	-4	59	211	1
objet	97	-56	-4	111	222	1
objet	98	-51	-14	53	195	1
objet	99	-31	-16	63	216	1
objet	100	-29	-164	56	179	1
objet	101	-27	-15	38	20	1
objet	102	-27	-3	53	19	1
objet	103	-81	-12	154	68	1
objet	104	-27	-15	36	28	1
objet	105	-27	-15	51	29	1
objet	106	-56	-41	113	53	1
objet	107	-64	-100	133	130	1
objet	108	-70	-99	134	131	1
objet	109	-28	-134	101	147	1
objet	110	-27	-107	55	120	1
objet	111	-34	-40	71	61	1
objet	112	-52	-50	79	76	1
objet	113	0	-63	79	77	1
objet	114	-86	-214	174	245	1
objet	115	-92	-241	194	279	1
objet	116	-11	-12	38	26	1
objet	117	-22	-11	42	19	1
objet	118	-17	-9	30	16	1
objet	119	-2	-63	432	74	1
objet	120	-28	-6	57	21	1
objet	121	-28	-11	57	26	1
objet	122	-22	-42	41	52	1
objet	123	-27	-14	54	28	1
objet	124	-26	-8	14	11	1
objet	125	-27	-35	58	49	1
objet	126	-28	-53	60	67	1
objet	127	-31	-171	62	183	1
objet	128	-30	-172	61	188	1
objet	129	-19	-18	39	33	1
objet	130	-19	-11	39	24	1
objet	131	-15	-13	21	16	1
objet	132	-151	-166	302	159	1
objet	133	-29	-156	432	171	1
objet	134	-112	-1	194	102	1
objet	135	-42	-187	86	185	1
objet	136	-154	-141	242	211	1
objet	137	-113	-43	202	123	1
objet	138	-56	-328	112	372	1
objet	139	-23	-12	44	23	1
objet	140	-25	-14	47	27	1
objet	141	-23	-9	47	21	1
objet	142	-23	-12	45	26	1
objet	143	-23	-12	45	25	1
objet	144	-18	-13	39	25	1
objet	145	-25	-9	42	22	1
objet	146	-22	-9	42	21	1
objet	147	-22	-9	42	18	1
objet	148	-48	-25	98	51	1
objet	149	-151	-64	301	159	1
objet	150	-114	-264	295	305	1
objet	151	-28	-92	35	106	1
objet	152	-33	-78	71	107	1
objet	153	-1	-96	34	110	1
objet	154	-32	-92	67	107	1
objet	155	-27	-92	54	93	1
objet	156	-18	-85	42	66	1
objet	157	-33	-105	42	58	1
objet	158	-54	-29	81	43	1
objet	159	-40	-23	83	45	1
objet	160	-1	-52	80	57	1
objet	161	-28	-100	56	113	1
objet	162	-27	-55	56	68	1
objet	163	-27	-36	48	47	1
objet	164	-95	-170	141	210	1
objet	165	-28	-137	36	151	1
objet	166	-1	-140	39	153	1
objet	167	-30	-125	65	152	1
objet	168	-29	-79	63	107	1
objet	169	-29	-82	41	110	1
objet	170	-29	-94	36	108	1
objet	171	-1	-140	39	153	1
objet	172	-30	-93	61	92	1
objet	173	-27	-14	54	28	1
objet	174	-27	-14	54	28	1
objet	175	-27	-14	54	28	1
objet	176	-1	-83	34	97	1
objet	177	-44	-160	93	174	1
objet	178	-1	-83	34	97	1
objet	179	-1	-153	34	167	1
objet	180	-1	-67	34	81	1
objet	181	-15	-160	31	166	1
objet	182	-1	-137	28	151	1
objet	183	-1	-137	28	151	1
objet	184	-1	-137	28	151	1
objet	185	-1	-136	28	150	1
objet	186	-60	-106	87	149	1
objet	187	-60	-106	87	149	1
objet	188	-1	-166	35	180	1
objet	189	-28	-75	41	90	1
objet	190	-42	-77	81	87	1
objet	191	-35	-76	57	56	1
objet	192	-32	-60	63	78	1
objet	193	-43	-69	102	86	1
objet	194	-84	-127	76	139	1
objet	195	-2	-166	80	194	1
objet	196	-81	-119	108	162	1
objet	197	-77	-52	69	64	1
objet	198	-82	-202	76	216	1
objet	199	-81	-119	108	162	1
objet	200	-78	-133	78	142	1
objet	201	-20	-23	38	38	1
objet	202	-29	-113	68	132	1
objet	203	-22	-38	50	58	1
objet	204	-19	-22	40	31	1
objet	205	-21	-42	42	48	1
objet	206	-43	-157	87	160	1
objet	207	-26	-39	53	50	1
objet	208	-1	-2	2	2	1
objet	209	-39	-118	75	141	1
objet	210	-1	-2	2	2	1
objet	211	-32	-120	67	127	1
objet	212	-32	-121	67	127	1
objet	213	-34	-122	67	128	1
objet	214	-32	-87	68	105	1
objet	215	-26	-86	71	91	1
objet	216	-37	-42	72	55	1
objet	217	-41	-103	95	108	1
objet	218	-25	-21	53	39	1
objet	219	-34	-127	68	127	1
objet	220	-14	-44	41	44	1
objet	221	-5	-34	27	31	1
objet	222	-38	-123	87	126	1
objet	223	-36	-161	79	166	1
objet	224	-83	-170	146	194	1
objet	225	-9	-86	37	101	1
objet	226	-35	-18	69	32	1
objet	227	-10	-33	24	16	1
objet	228	-46	-134	88	143	1
objet	229	-34	-130	78	140	1
objet	230	-48	-140	98	149	1
objet	231	-53	-138	99	148	1
objet	232	-32	-77	56	82	1
objet	233	-26	-75	50	80	1
objet	234	-31	-77	55	82	1
objet	235	-34	-77	57	80	1
objet	236	-38	-135	84	143	1
objet	237	-28	-120	76	130	1
objet	238	-40	-134	90	145	1
objet	239	-43	-134	92	143	1
objet	240	-164	-312	423	398	1
objet	241	-130	-229	305	304	1
objet	242	-137	-281	276	331	1
objet	243	-177	-267	352	366	1
objet	244	-200	-298	287	392	1
objet	245	-107	-237	319	412	1
objet	246	-179	-156	329	221	1
objet	247	-127	-275	296	349	1
objet	248	-149	-211	272	264	1
objet	249	-157	-150	327	239	1
objet	250	-225	-248	349	316	1
objet	251	-207	-434	416	611	1
objet	252	-107	-235	231	309	1
objet	253	-65	-120	95	140	1
objet	254	-199	-300	354	373	1
objet	255	-157	-270	319	335	1
objet	256	-202	-299	381	337	1
objet	257	-91	-182	219	238	1
objet	258	-169	-275	334	338	1
objet	259	-107	-192	221	250	1
objet	260	-15	-64	36	73	1
objet	261	-15	-68	36	77	1
objet	262	-16	-63	38	72	1
objet	263	-15	-69	37	78	1
objet	264	-15	-56	37	65	1
objet	265	-15	-57	37	66	1
objet	266	-15	-60	36	69	1
objet	267	-16	-59	37	68	1
objet	268	-15	-72	36	81	1
objet	269	-99	-237	246	293	1
objet	270	-16	-76	131	106	1
objet	271	-45	-74	164	102	1
objet	272	-71	-118	218	154	1
objet	273	-71	-95	141	117	1
objet	274	-88	-134	178	154	1
objet	275	-63	-120	187	156	1
objet	276	-18	-71	96	81	1
objet	277	-22	-76	99	87	1
objet	278	-27	-34	81	47	1
objet	279	-17	-24	41	33	1
objet	280	-24	-33	56	45	1
objet	281	-23	-52	60	67	1
objet	282	-62	-43	322	106	1
objet	283	-63	-35	317	100	1
objet	284	-41	-50	81	65	1
objet	285	-40	-50	81	65	1
objet	286	-41	-50	81	65	1
objet	287	-40	-50	80	65	1
objet	288	-91	-64	190	114	1
objet	289	-64	-42	126	70	1
objet	290	-88	-195	228	251	1
objet	291	-27	-36	48	47	1
objet	292	-27	-55	56	68	1
objet	293	-117	-155	220	238	1
objet	294	-103	-151	194	266	1
objet	295	-100	-245	194	310	1
objet	296	-214	-250	381	337	1
objet	297	-119	-186	221	250	1
objet	298	-158	-168	319	335	1
objet	299	-168	-177	328	338	1
objet	300	-46	-82	87	106	1
objet	301	-54	-82	95	106	1
objet	302	-68	-75	71	77	1
objet	303	-94	-224	222	278	1
objet	304	-119	-279	232	312	1
objet	305	-18	-43	40	50	1
objet	306	-20	-92	43	103	1
objet	307	-23	-77	49	88	1
objet	308	-21	-69	60	80	1
objet	309	-79	-130	198	192	1
objet	310	-123	-272	225	311	1
objet	311	-162	-272	330	338	1
objet	312	-186	-273	353	338	1
objet	313	-105	-183	220	234	1
objet	314	-133	-151	216	221	1
objet	315	-151	-271	309	344	1
objet	316	-146	-185	230	246	1
objet	317	-115	-97	242	195	1
objet	318	-133	-204	251	295	1
objet	319	-153	-262	294	339	1
objet	320	-279	-227	592	359	1
objet	321	-78	-281	203	337	1
objet	322	-58	-122	158	140	1
objet	323	-93	-119	158	140	1
objet	324	-84	-242	194	296	1
objet	325	-85	-339	112	357	1
objet	326	-36	-79	103	102	1
objet	327	-56	-42	81	58	1
objet	328	-30	-42	56	51	1
objet	329	-38	-29	66	46	1
objet	330	-31	-15	63	32	1
objet	331	-30	-5	68	23	1
objet	332	-31	-31	88	19	1
objet	333	-34	-44	61	61	1
objet	334	-31	-82	60	92	1
objet	335	-23	-83	61	86	1
objet	336	-30	-71	87	29	1
objet	337	-31	-82	60	32	1
objet	338	-55	-91	106	139	1
objet	339	-172	-343	229	377	1
objet	340	-287	-149	663	321	1
objet	341	-112	-148	273	217	1
objet	342	-129	-153	263	203	1
objet	343	-295	-301	523	383	1
objet	344	-119	-193	199	289	1
objet	345	-93	-213	202	253	1
objet	346	-61	-118	184	172	1
objet	347	-65	-180	158	210	1
objet	348	-32	-218	667	482	1
objet	349	-128	-137	268	203	1
objet	350	-171	-436	324	514	1
objet	351	-132	-115	244	204	1
objet	352	-46	-139	90	156	1
objet	353	-30	-126	90	155	1
objet	354	-45	-145	89	168	1
objet	355	-3	-145	89	168	1
objet	356	-30	-157	94	187	1
objet	357	-24	-157	93	187	1
objet	358	-18	-165	106	190	1
objet	359	-47	-167	116	190	1
objet	360	-46	-139	133	154	1
objet	361	-47	-139	135	156	1
objet	362	-46	-152	133	180	1
objet	363	-33	-218	107	249	1
objet	364	-86	-383	241	454	1
objet	365	-99	-273	238	326	1
objet	366	-115	-277	312	387	1
objet	367	-46	-275	133	290	1
objet	368	-264	-426	524	497	1
objet	369	-111	-179	239	258	1
objet	370	-23	-72	58	83	1
objet	371	-110	-220	112	216	1
objet	372	-242	-126	302	265	1
objet	373	-46	-139	302	265	1
objet	374	-7	-3	35	22	1
objet	375	-30	-3	35	20	1
objet	376	-35	11	67	22	1
objet	377	-20	-22	85	88	1
objet	378	-29	-17	74	99	1
objet	379	-41	-32	81	101	1
objet	380	-52	-30	95	85	1
objet	381	-50	-31	90	86	1
objet	382	-43	-30	78	98	1
objet	383	-32	-33	77	97	1
objet	384	-42	-49	164	123	1
objet	385	-51	-49	173	164	1
objet	386	-66	-18	126	171	1
objet	387	-93	-152	156	184	1
objet	388	-110	-144	218	213	1
objet	389	42	-24	7	28	1
objet	390	34	1	7	33	1
objet	391	-102	-67	214	419	1
objet	392	-102	-67	214	370	1
objet	393	-102	-67	214	312	1
objet	394	-102	-68	214	253	1
objet	395	-57	-47	168	113	1
objet	396	-84	-69	168	161	1
objet	397	5	-31	52	47	1
objet	398	10	-24	51	33	1
objet	399	-201	-262	514	364	1
objet	400	-26	-81	47	57	1
objet	401	-1	-53	83	76	1
objet	402	-51	-67	36	72	1
objet	403	-72	-39	102	74	1
objet	404	-10	-16	20	21	1
objet	405	-107	-108	107	135	1
objet	406	-16	-27	32	39	1
objet	407	-29	-51	13	25	1
objet	408	-7	-33	14	38	1
objet	409	-40	-44	59	61	1
objet	410	-17	-27	23	32	1
objet	411	-11	-20	25	31	1
objet	412	-31	-133	116	150	1
objet	413	23	-44	10	13	1
objet	414	18	-44	24	14	1
objet	415	-52	-84	68	105	1
objet	416	-24	-70	57	75	1
objet	417	-50	-69	129	101	1
objet	418	-17	-25	32	34	1
objet	419	-79	-72	207	119	1
objet	420	-1	-13	16	18	1
objet	421	-8	-173	229	178	1
objet	422	-221	-65	230	177	1
objet	423	-17	-22	32	33	1
objet	424	-78	-100	164	49	1
objet	425	-29	-85	86	44	1
objet	426	-22	-48	45	60	1
objet	427	-32	-106	56	68	1
objet	428	-25	-71	38	49	1
objet	429	-24	-82	40	27	1
objet	430	-116	-74	232	121	1
objet	431	-25	-118	41	131	1
objet	432	-21	-101	59	113	1
objet	433	-75	-47	73	59	1
objet	434	-21	-44	6	18	1
objet	435	-19	-25	41	36	1
objet	436	-19	-62	93	74	1
objet	437	0	-37	89	87	1
objet	438	0	-79	26	77	1
objet	439	-26	-34	43	45	1
objet	440	10	-73	43	75	1
objet	441	-25	-34	101	45	1
objet	442	10	-58	124	93	1
objet	443	-10	-29	34	35	1
objet	444	-22	-91	52	104	1
objet	445	-32	-62	53	72	1
objet	446	-22	-86	34	93	1
objet	447	6	-43	13	13	1
objet	448	-3	-72	12	25	1
objet	449	-7	-92	17	37	1
objet	450	-6	-82	28	85	1
objet	451	-6	-75	20	25	1
objet	452	12	-56	15	25	1
objet	453	-8	-18	17	21	1
objet	454	-15	-33	24	41	1
objet	455	-14	-30	25	37	1
objet	456	-67	-76	107	97	1
objet	457	-18	-50	25	33	1
objet	458	-45	-9	90	46	1
objet	459	-67	-268	233	168	1
objet	460	-25	-32	73	44	1
objet	461	-25	-53	205	275	1
objet	462	-71	-63	78	77	1
objet	463	-15	-161	29	50	1
objet	464	-20	-113	76	90	1
objet	465	-28	-49	119	99	1
objet	466	-22	-206	101	229	1
objet	467	-26	-41	44	51	1
objet	468	-45	-55	58	70	1
objet	469	-16	-40	32	49	1
objet	470	-27	-36	51	43	1
objet	471	-54	-33	107	72	1
objet	472	-70	-104	109	125	1
objet	473	-34	-62	47	66	1
objet	474	-15	-160	31	166	1
objet	475	-43	-172	103	180	1
objet	476	-23	-171	41	118	1
objet	477	-36	-85	143	102	1
objet	478	-7	-69	16	72	1
objet	479	-35	-133	40	135	1
objet	480	-60	-134	62	138	1
objet	481	-4	-70	10	22	1
objet	482	-27	-31	56	46	1
objet	483	-27	-31	56	46	1
objet	484	-89	-179	146	193	1
objet	485	-8	-77	17	79	1
objet	486	-3	-54	18	55	1
objet	487	-51	-77	68	101	1
objet	488	-22	-42	73	54	1
objet	489	-20	-54	57	60	1
objet	490	-25	-35	57	44	1
objet	491	4	-39	60	53	1
objet	492	5	-42	70	53	1
objet	493	-75	-47	84	61	1
objet	494	2	-131	109	153	1
objet	495	-26	-30	52	43	1
objet	496	-14	-47	37	50	1
objet	497	-12	-36	21	40	1
objet	498	-10	-16	20	21	1
objet	499	-22	-48	45	60	1
objet	500	-14	-47	36	50	1
objet	501	-4	-41	164	88	1
objet	502	-34	-22	68	44	1
objet	503	-33	-31	110	78	1
objet	504	-95	-136	196	279	1
objet	505	-42	-109	81	127	1
objet	506	-26	-111	79	122	1
objet	507	-18	-90	42	92	1
objet	508	-20	-122	78	143	1
objet	509	-118	-47	143	173	1
objet	510	-110	-47	224	162	1
objet	511	-111	-150	127	157	1
objet	512	-119	-150	133	157	1
objet	513	-111	-150	127	157	1
objet	514	-19	-19	43	30	1
objet	515	-51	-26	102	52	1
objet	516	-112	-122	155	147	1
objet	517	-180	-55	235	154	1
objet	518	-32	-103	55	114	1
objet	519	-27	-31	46	40	1
objet	520	-218	-270	403	387	1
objet	521	-14	-23	40	28	1
objet	522	13	-70	31	44	1
objet	523	-93	-97	102	114	1
objet	524	-26	-21	48	45	1
objet	525	-16	-16	32	30	1
objet	526	-16	-21	33	35	1
objet	527	-20	-38	37	47	1
objet	528	-14	-16	29	23	1
objet	529	-4	-8	9	11	1
objet	530	-15	-34	30	42	1
objet	531	0	-40	82	59	1
objet	532	-18	-51	36	62	1
objet	533	-29	-105	58	95	1
objet	534	-16	-28	32	40	1
objet	535	-13	-162	55	134	1
objet	536	-13	-161	55	133	1
objet	537	-36	-93	95	80	1
objet	538	-28	-48	53	62	1
objet	539	-15	-47	35	59	1
objet	540	-25	-27	47	37	1
objet	541	-10	-15	22	21	1
objet	542	-42	-85	56	92	1
objet	543	-13	-7	25	16	1
objet	544	-32	-34	53	52	1
objet	545	-30	-44	63	63	1
objet	546	-45	-34	100	60	1
objet	547	-32	-69	61	69	1
objet	548	-17	-14	22	20	1
objet	549	-24	-52	51	60	1
objet	550	-12	-40	103	58	1
objet	551	-65	-83	197	88	1
objet	552	-16	-29	34	33	1
objet	553	1	-95	116	100	1
objet	554	-14	-37	29	45	1
objet	555	-20	-37	42	52	1
objet	556	-31	-48	60	64	1
objet	557	-27	-111	115	134	1
objet	558	-37	-90	126	127	1
objet	559	-70	-110	113	132	1
objet	560	-227	-190	367	255	1
objet	561	-31	-70	64	75	1
objet	562	-3	-10	23	22	1
objet	563	-12	-23	26	31	1
objet	564	-15	-25	28	33	1
objet	565	-23	-44	74	56	1
objet	566	-32	-72	78	90	1
objet	567	-32	-27	19	31	1
objet	568	-71	-60	142	109	1
objet	569	-35	-127	76	150	1
objet	570	-34	-123	75	147	1
objet	571	-35	-117	75	133	1
objet	572	-39	-108	243	134	1
objet	573	-172	-39	244	133	1
objet	574	-25	-53	50	67	1
objet	575	-24	-16	49	30	1
objet	576	-232	1	233	123	1
objet	577	-18	-16	35	29	1
objet	578	-28	-34	52	46	1
objet	579	-20	-40	50	52	1
objet	580	-30	-20	65	32	1
objet	581	-11	-39	24	33	1
objet	582	-8	-44	12	38	1
objet	583	-9	-150	115	163	1
objet	584	-5	-107	39	121	1
objet	585	-33	-107	39	121	1
objet	586	-22	-139	44	106	1
objet	587	-31	-68	56	53	1
objet	588	-6	-65	12	42	1
objet	589	-19	-121	37	113	1
objet	590	-30	-131	59	130	1
objet	591	-61	-119	82	136	1
objet	592	-32	-136	89	138	1
objet	593	-9	-51	69	69	1
objet	594	-18	-31	72	54	1
objet	595	-37	-20	70	34	1
objet	596	-24	-48	128	69	1
objet	597	-56	-72	111	113	1
objet	598	-40	-73	69	86	1
objet	599	-12	-37	55	44	1
objet	600	-81	-119	108	162	1
objet	601	-17	-56	36	95	1
objet	602	-74	-117	98	131	1
objet	603	-36	-80	61	110	1
objet	604	-53	-94	61	111	1
objet	605	-39	-81	71	118	1
objet	606	-13	-30	35	40	1
objet	607	-284	-388	399	451	1
objet	608	-99	-130	88	130	1
objet	609	-44	-67	115	105	1
objet	610	-128	-179	154	193	1
objet	611	-1	-169	28	183	1
objet	612	-1	-18	28	31	1
objet	613	-28	-31	28	31	1
objet	614	-1	-107	28	121	1
objet	615	-10	-135	53	156	1
objet	616	-31	-114	85	144	1
objet	617	-5	-134	46	150	1
objet	618	-32	-126	65	131	1
objet	619	-1	-107	35	121	1
objet	620	-35	-107	36	121	1
objet	621	-34	-94	69	121	1
objet	622	-1	-116	35	130	1
objet	623	-33	-116	35	130	1
objet	624	-28	-102	56	130	1
objet	625	-42	-122	44	115	1
objet	626	-53	-136	56	156	1
objet	627	-35	-151	55	143	1
objet	628	-8	-113	39	127	1
objet	629	-8	-113	55	127	1
objet	630	-35	-106	67	120	1
objet	631	0	0	800	600	1
objet	632	0	0	800	600	1
objet	633	-27	-82	29	97	1
objet	634	-109	-123	111	138	1
objet	635	-14	-16	44	20	1
objet	636	-14	-16	41	30	1
objet	637	-30	-16	44	21	1
objet	638	-29	-17	44	33	1
objet	639	-27	-16	15	24	1
objet	640	-13	-16	27	7	1
objet	641	12	-16	15	24	1
objet	642	-15	-6	30	22	1
objet	643	-29	-16	45	32	1
objet	644	-29	-16	59	20	1
objet	645	-14	-17	43	32	1
objet	646	-28	-16	56	31	1
objet	647	-1	0	74	38	1
objet	648	0	-1	61	33	1
objet	649	-1	0	129	67	1
objet	650	-95	-116	118	156	1
objet	651	-49	-127	117	155	1
objet	652	-17	-96	49	110	1
objet	653	-32	-96	49	110	1
objet	654	-43	-89	86	116	1
objet	655	-26	-102	54	116	1
objet	656	-26	-102	54	116	1
objet	657	-26	-102	54	116	1
objet	658	-26	-102	54	116	1
objet	659	-20	-137	39	147	1
objet	660	-22	-69	68	77	1
objet	661	-35	-67	66	62	1
objet	662	-28	-109	85	122	1
objet	663	-12	-62	40	53	1
objet	664	-20	-11	44	18	1
objet	665	-21	-56	30	61	1
objet	666	-58	-149	138	194	1
objet	667	-55	-113	132	156	1
objet	668	-61	-110	135	156	1
objet	669	-49	-137	117	175	1
objet	670	-218	-327	387	395	1
objet	671	-59	-145	115	185	1
objet	672	-16	-36	36	43	1
objet	673	-17	-34	27	40	1
objet	674	-19	-34	33	40	1
objet	675	-15	-41	30	48	1
objet	676	-24	-45	41	51	1
objet	677	0	0	126	43	1
objet	678	-20	-119	24	120	1
objet	679	-15	-35	29	43	1
objet	680	-20	-36	35	44	1
objet	681	-14	-35	30	43	1
objet	682	-15	-30	29	37	1
objet	683	-15	-34	29	37	1
objet	684	-19	-65	34	79	1
objet	685	-26	-55	41	80	1
objet	686	-60	-26	89	40	1
objet	687	-31	-52	54	67	1
objet	688	-23	-57	55	75	1
objet	689	-53	-69	80	85	1
objet	690	-42	-46	88	50	1
objet	691	-48	-59	80	74	1
objet	692	-76	-71	183	83	1
objet	693	-43	-45	87	53	1
objet	694	-1	-153	55	167	1
objet	695	-34	-153	67	167	1
objet	696	-1	-153	34	167	1
objet	697	-1	-67	55	81	1
objet	698	-34	-67	67	81	1
objet	699	-1	-153	34	167	1
objet	700	-1	-67	34	81	1
objet	701	-13	-18	28	26	1
objet	702	-18	-31	36	41	1
objet	703	-26	-20	48	31	1
objet	704	-21	-33	39	43	1
objet	705	-17	-23	35	33	1
objet	706	-17	-32	35	42	1
objet	707	-19	-25	40	35	1
objet	708	-75	-168	118	180	1
objet	709	-215	-312	409	466	1
objet	710	-50	-87	112	109	1
objet	711	-49	-85	74	100	1
objet	712	-39	-95	65	85	1
objet	713	-314	-47	100	55	1
objet	714	-51	-44	100	55	1
objet	715	-51	-44	100	55	1
objet	716	-44	-64	117	95	1
objet	717	-36	-121	80	139	1
objet	718	-34	-55	63	65	1
objet	719	-34	-53	63	63	1
objet	720	-34	-53	63	63	1
objet	721	-13	-8	29	17	1
objet	722	-14	-15	37	22	1
objet	723	-26	-26	51	40	1
objet	724	-14	-29	30	37	1
objet	725	-24	-32	59	48	1
objet	726	-5	-10	19	25	1
objet	727	-17	-9	33	18	1
objet	728	-28	-28	95	48	1
objet	729	-37	-35	96	53	1
objet	730	-7	-15	26	21	1
objet	731	-24	-4	31	15	1
objet	732	-11	-17	24	22	1
objet	733	-24	-78	51	43	1
objet	734	-24	-88	51	53	1
objet	735	-24	-76	51	41	1
objet	736	-24	-81	51	46	1
objet	737	-24	-90	56	55	1
objet	738	-24	-76	51	41	1
objet	739	-25	-53	37	41	1
objet	740	-25	-58	37	46	1
objet	741	-25	-61	37	49	1
objet	742	-25	-63	37	51	1
objet	743	-25	-49	37	37	1
objet	744	-116	-271	217	313	1
objet	745	-36	-76	78	105	1
objet	746	-74	-63	171	105	1
objet	747	-29	-14	53	29	1
objet	748	-28	-41	67	61	1
objet	749	-190	-269	353	338	1
objet	750	-24	-42	53	58	1
objet	751	-21	-63	52	78	1
objet	752	-18	-18	44	34	1
objet	753	-32	-43	60	57	1
objet	754	-31	-64	59	79	1
objet	755	-30	-17	57	34	1
objet	756	-41	-72	73	78	1
objet	757	-49	-51	79	56	1
objet	758	-37	-27	63	34	1
objet	759	-25	-62	52	78	1
objet	760	-32	-63	60	80	1
objet	761	-45	-72	72	78	1
objet	762	-23	-42	52	59	1
objet	763	-31	-42	60	58	1
objet	764	-50	-52	79	56	1
objet	765	-16	-18	44	35	1
objet	766	-30	-18	57	35	1
objet	767	-37	-28	64	34	1
objet	768	-71	-86	132	112	1
objet	769	-64	-53	132	89	1
objet	770	-99	-50	200	110	1
objet	771	-58	-183	113	176	1
objet	772	-86	-169	236	171	1
objet	773	-161	-160	319	160	1
objet	774	-159	-156	331	145	1
objet	775	-163	-96	342	85	1
objet	776	-163	-123	339	125	1
objet	777	-58	-182	238	176	1
objet	778	-150	-169	236	171	1
objet	779	-159	-161	320	161	1
objet	780	-172	-156	331	145	1
objet	781	-180	-96	343	85	1
objet	782	-176	-123	339	125	1
objet	783	-181	-182	238	176	1
objet	784	-161	-191	299	153	1
objet	785	-191	-55	343	194	1
objet	786	-447	-133	556	281	1
objet	787	-92	-185	220	236	1
objet	788	-92	-272	195	304	1
objet	789	-157	-270	320	329	1
objet	790	-188	-270	350	334	1
objet	791	-203	-301	385	338	1
objet	792	-220	-268	437	350	1
objet	793	-216	-224	409	333	1
objet	794	-38	-293	133	311	1
objet	795	-232	-314	535	426	1
objet	796	-235	-366	470	457	1
objet	797	-69	-102	139	74	1
objet	798	-189	-232	374	300	1
objet	799	-43	-208	251	291	1
objet	800	-28	-208	237	291	1
objet	801	-28	-11	50	26	1
objet	802	-188	-252	376	335	1
objet	803	-122	-166	277	236	1
objet	804	-14	-15	44	20	1
objet	805	-14	-16	32	37	1
objet	806	-30	-16	44	21	1
objet	807	-17	-17	32	40	1
objet	808	-27	-16	15	24	1
objet	809	-13	-16	27	7	1
objet	810	10	-16	16	21	1
objet	811	-15	-6	30	25	1
objet	812	-29	-16	45	37	1
objet	813	-29	-16	59	20	1
objet	814	-14	-17	43	35	1
objet	815	-16	-16	31	31	1
objet	816	-49	-25	98	50	1
objet	817	-27	-42	135	70	1
objet	818	-19	-13	48	25	1
objet	819	-43	-42	87	54	1
objet	820	-43	-42	87	54	1
objet	821	-27	-35	59	46	1
objet	822	-17	-32	71	44	1
objet	823	-28	-61	168	123	1
objet	824	-54	-28	131	51	1
objet	825	-27	-1	54	41	1
objet	826	-28	-23	29	47	1
objet	827	-45	-33	87	52	1
objet	828	-74	-58	151	84	1
objet	829	-52	-27	80	42	1
objet	830	-25	-16	52	29	1
objet	831	-98	-229	189	237	1
objet	832	-51	-5	102	32	1
objet	833	-54	-32	111	35	1
objet	834	-1	-30	63	58	1
objet	835	-67	-57	125	70	1
objet	836	-66	-57	125	71	1
objet	837	-29	-75	41	90	1
objet	838	-43	-77	83	87	1
objet	839	-49	-44	76	74	1
objet	840	-16	-42	50	56	1
objet	841	-14	-45	40	56	1
objet	842	-25	-42	53	56	1
objet	843	-50	-62	72	92	1
objet	844	-16	-50	35	62	1
objet	845	-17	-42	44	54	1
objet	846	-30	-40	56	61	1
objet	847	-12	-49	30	61	1
objet	848	-16	-42	40	57	1
objet	849	-32	-41	56	60	1
objet	850	-62	-256	178	277	1
objet	851	-17	-112	102	147	1
objet	852	-38	-63	74	78	1
objet	853	-35	-123	123	173	1
objet	854	-21	-121	45	116	1
objet	855	-5	-184	9	173	1
objet	856	-27	-34	59	50	1
objet	857	-24	-40	56	53	1
objet	858	-26	-44	62	61	1
objet	859	-43	-83	69	78	1
objet	860	-13	-159	60	80	1
objet	861	-40	-97	77	101	1
objet	862	-15	-162	47	95	1
objet	863	-13	-65	38	70	1
objet	864	-13	-37	27	41	1
objet	865	-18	-47	42	60	1
objet	866	-16	-36	60	58	1
objet	867	-26	-73	36	78	1
objet	868	-13	-16	29	26	1
objet	869	-18	-10	38	20	1
objet	870	-16	-45	38	55	1
objet	871	-156	-148	291	191	1
objet	872	-16	-89	22	60	1
objet	873	-33	-72	32	48	1
objet	874	-28	-84	33	61	1
objet	875	-28	-24	82	51	1
objet	876	-13	-22	23	27	1
objet	877	-61	-208	121	245	1
objet	878	-34	-69	55	78	1
objet	879	-25	-107	40	108	1
objet	880	-5	-73	29	76	1
objet	881	-20	-51	40	63	1
objet	882	-80	-142	106	156	1
objet	883	-27	-88	61	102	1
objet	884	-19	-44	48	55	1
objet	885	-63	-98	108	123	1
objet	886	-81	-95	162	108	1
objet	887	-39	-94	68	109	1
objet	888	-11	-118	25	127	1
objet	889	-12	-24	25	33	1
objet	890	-6	-18	14	25	1
objet	891	-16	-120	44	133	1
objet	892	-30	-122	43	132	1
objet	893	-40	-130	82	134	1
objet	894	-43	-93	87	131	1
objet	895	-24	-90	26	66	1
objet	896	-15	-51	52	49	1
objet	897	-33	-150	67	156	1
objet	898	-14	-90	65	77	1
objet	899	-25	-105	41	60	1
objet	900	-36	-71	59	64	1
objet	901	-1	-140	47	167	1
objet	902	-27	-127	55	167	1
objet	903	-103	-170	124	151	1
objet	904	-26	-29	52	42	1
objet	905	-164	-57	331	152	1
objet	906	-32	-20	58	27	1
objet	907	-6	-17	50	119	1
objet	908	-129	-19	201	143	1
objet	909	-4	-18	61	121	1
objet	910	-6	-17	48	48	1
objet	911	-6	-17	50	84	1
objet	912	-43	-18	100	124	1
objet	913	-4	-18	61	121	1
objet	914	-21	-36	146	75	1
objet	915	-138	-262	282	315	1
objet	916	-233	-492	302	532	1
objet	917	-43	-208	627	482	1
objet	918	-32	-287	145	305	1
objet	919	-32	-287	145	523	1
objet	920	-28	-15	56	30	1
objet	921	-187	-376	347	440	1
objet	922	-65	-246	128	262	1
objet	923	-189	-287	361	337	1
objet	924	-101	-233	286	289	1
objet	925	-141	-90	284	190	1
objet	926	-189	-361	377	440	1
objet	927	-215	-484	421	569	1
objet	928	-45	-75	95	97	1
objet	929	-45	-99	95	126	1
objet	930	-85	-43	172	87	1
objet	931	-174	-85	344	171	1
objet	932	-222	-628	439	727	1
objet	933	-189	-181	377	440	1
objet	934	-154	-230	286	297	1
objet	935	-100	-289	234	344	1
objet	936	-105	-289	236	355	1
objet	937	-162	-264	322	333	1
objet	938	-23	-47	49	63	1
objet	939	-24	-46	50	61	1
objet	940	-24	-43	50	59	1
objet	941	-24	-57	50	74	1
objet	942	-23	-50	49	66	1
objet	943	-23	-49	52	65	1
objet	944	-23	-55	49	71	1
objet	945	-24	-41	50	57	1
objet	946	-24	-54	50	70	1
objet	947	-58	-107	118	115	1
objet	948	-44	-138	90	143	1
objet	949	-62	-114	101	123	1
objet	950	-64	-115	101	122	1
objet	951	-35	-123	76	128	1
objet	952	-119	-262	305	310	1
objet	953	-170	-381	379	393	1
objet	954	-11	-108	67	120	1
objet	955	-31	-38	64	53	1
objet	956	-14	-55	317	101	1
objet	957	-12	-50	317	101	1
objet	958	-17	-33	201	64	1
objet	959	-20	-33	201	64	1
objet	960	-27	-93	88	101	1
objet	961	-56	-141	149	154	1
objet	962	-113	-172	168	193	1
objet	963	-57	-24	101	54	1
objet	964	-52	-35	104	72	1
objet	965	-141	-264	268	330	1
objet	966	-101	-289	221	347	1
objet	967	-106	-285	213	322	1
objet	968	-143	-294	282	352	1
objet	969	-190	-221	377	440	1
objet	970	-103	-237	236	356	1
objet	971	-158	-228	282	352	1
objet	972	-141	-228	268	330	1
objet	973	-108	-235	234	344	1
objet	974	-165	-88	340	171	1
objet	975	-123	-294	242	354	1
objet	976	-91	-285	197	323	1
objet	977	-91	-230	197	323	1
objet	978	-123	-241	242	354	1
objet	979	-190	-287	414	337	1
objet	980	-154	-281	275	339	1
objet	981	-181	-281	340	347	1
objet	982	-104	-160	217	228	1
objet	983	-104	-124	205	195	1
objet	984	-72	-136	148	179	1
objet	985	-34	-184	90	200	1
objet	986	-149	-237	240	260	1
objet	987	-47	-33	242	80	1
objet	988	-47	-33	242	80	1
objet	989	-35	-33	242	80	1
objet	990	-47	-33	242	80	1
objet	991	-103	-21	230	118	1
objet	992	-57	-182	142	218	1
objet	993	-54	-40	105	72	1
objet	994	-38	-31	78	51	1
objet	995	-43	-47	87	67	1
objet	996	-44	-77	97	95	1
objet	997	-49	-93	123	119	1
objet	998	-45	-61	105	83	1
objet	999	-57	-64	111	91	1
objet	1000	-25	-110	60	125	1
objet	1001	-28	-39	42	52	1
objet	1002	-24	-43	39	56	1
objet	1003	-26	-36	27	49	1
objet	1004	-13	-40	28	48	1
objet	1005	-8	-67	22	69	1
objet	1006	-51	-83	55	53	1
objet	1007	-64	-34	141	68	1
objet	1008	-27	-17	39	23	1
objet	1009	-68	-37	161	148	1
objet	1010	-40	-92	125	104	1
objet	1011	-1	-92	34	109	1
objet	1012	-33	-93	34	109	1
objet	1013	-28	-80	55	110	1
objet	1014	-12	-32	26	33	1
objet	1015	-1	-47	23	39	1
objet	1016	-8	-41	17	45	1
objet	1017	-125	-119	111	129	1
objet	1018	-17	-26	34	35	1
objet	1019	-17	-26	34	35	1
objet	1020	-18	-26	35	35	1
objet	1021	-19	-45	36	54	1
objet	1022	-18	-64	36	73	1
objet	1023	-17	-44	35	53	1
objet	1024	-14	-64	34	82	1
objet	1025	-44	-43	92	69	1
objet	1026	4	-76	73	86	1
objet	1027	-61	-20	155	131	1
objet	1028	-124	-102	110	113	1
objet	1029	-13	-7	26	14	1
objet	1030	-13	-7	27	15	1
objet	1031	-61	-63	234	336	1
objet	1032	-27	-44	58	55	1
objet	1033	-18	-13	35	21	1
objet	1034	-22	-14	46	27	1
objet	1035	-208	-267	195	276	1
objet	1036	-60	-20	182	120	1
objet	1037	-119	-101	123	96	1
objet	1038	-22	-85	47	98	1
objet	1039	-28	-15	50	26	1
objet	1040	-106	-199	198	206	1
objet	1041	-115	-177	198	207	1
objet	1042	-39	-148	87	135	1
objet	1043	-73	-144	124	143	1
objet	1044	-39	-159	66	142	1
objet	1045	-39	-61	80	77	1
objet	1046	-87	-264	83	233	1
objet	1047	-50	-78	95	76	1
objet	1048	-198	-9	406	353	1
objet	1049	-363	-6	728	425	1
objet	1050	-77	-96	164	132	1
objet	1051	-92	-119	184	149	1
objet	1052	-30	-195	100	212	1
objet	1053	-36	-187	91	205	1
objet	1054	-28	-486	147	513	1
objet	1055	-33	-129	77	135	1
objet	1056	-355	-20	751	451	1
objet	1057	-62	-127	129	152	1
objet	1058	-162	-277	315	351	1
objet	1059	-44	-95	75	104	1
objet	1060	-44	-61	80	77	1
objet	1061	-181	-304	311	324	1
objet	1062	-187	-282	312	323	1
objet	1063	-10	-17	20	26	1
objet	1064	-46	-24	95	52	1
objet	1065	-46	-24	95	52	1
objet	1066	-52	-89	81	103	1
objet	1067	-53	-99	161	114	1
objet	1068	-129	-89	157	114	1
objet	1069	-53	-64	135	120	1
objet	1070	-15	-160	27	57	1
objet	1071	-19	-38	47	50	1
objet	1072	-147	-38	166	151	1
objet	1073	-21	-154	63	169	1
objet	1074	-140	-70	282	141	1
objet	1075	-84	-226	144	241	1
objet	1076	-31	-35	65	63	1
objet	1077	-61	-142	104	157	1
objet	1078	-66	-34	75	50	1
objet	1079	-53	-94	169	120	1
objet	1080	-72	-104	137	138	1
objet	1081	-96	-149	183	201	1
objet	1082	-203	-126	354	236	1
objet	1083	-38	-87	79	102	1
objet	1084	-58	-131	119	153	1
objet	1085	-22	-89	49	104	1
objet	1086	-18	-16	35	30	1
objet	1087	-19	-77	34	87	1
objet	1088	-17	-52	33	60	1
objet	1089	-16	-36	40	49	1
objet	1090	-27	-28	52	40	1
objet	1091	-8	-16	16	17	1
objet	1092	-45	-50	83	63	1
objet	1093	-17	-26	72	36	1
objet	1094	-34	-45	72	65	1
objet	1095	-27	-18	54	32	1
objet	1096	-14	-9	16	16	1
objet	1097	-25	-11	54	23	1
objet	1098	-22	-9	44	20	1
objet	1099	-19	-10	38	20	1
objet	1100	-9	-13	18	19	1
objet	1101	-45	-90	119	122	1
objet	1102	-13	-71	29	76	1
objet	1103	-9	-26	36	38	1
objet	1104	-25	-14	53	28	1
objet	1105	-25	-14	53	28	1
objet	1106	-25	-14	53	28	1
objet	1107	-25	-14	53	28	1
objet	1108	-25	-14	53	28	1
objet	1109	-25	-14	53	28	1
objet	1110	-25	-14	53	28	1
objet	1111	-25	-14	53	28	1
objet	1112	-25	-14	53	28	1
objet	1113	-25	-14	53	28	1
objet	1114	-25	-14	53	28	1
objet	1115	-25	-14	53	28	1
objet	1116	-181	-276	392	424	1
objet	1117	-10	-105	147	126	1
objet	1118	-27	-153	102	167	1
objet	1119	-60	-164	122	209	1
objet	1120	-60	-153	76	99	1
objet	1121	-7	-15	34	21	1
objet	1122	-53	-178	129	200	1
objet	1123	-58	-143	136	165	1
objet	1124	-23	-110	101	131	1
objet	1125	-26	-32	76	47	1
objet	1126	-21	-49	47	63	1
objet	1127	-248	-484	410	569	1
objet	1128	-57	-29	114	58	1
objet	1129	-25	-67	50	73	1
objet	1130	-25	-59	51	65	1
objet	1131	-54	-164	71	192	1
objet	1132	-17	-165	69	192	1
objet	1133	-44	-151	88	192	1
objet	1134	-25	-83	25	51	1
objet	1135	-58	-83	84	143	1
objet	1136	-70	-17	104	56	1
objet	1137	-78	-39	156	79	1
objet	1138	-107	-54	214	108	1
objet	1139	-23	-13	45	24	1
objet	1140	-8	-10	17	17	1
objet	1141	-9	-19	18	25	1
objet	1142	-8	-26	18	32	1
objet	1143	-9	-33	18	39	1
objet	1144	-8	-40	18	46	1
objet	1145	-8	-46	18	53	1
objet	1146	-80	-100	152	153	1
objet	1147	-93	-163	256	251	1
objet	1148	6	-46	136	146	1
objet	1149	-83	-22	124	129	1
objet	1150	-1	-45	32	61	1
objet	1151	-16	-27	53	69	1
objet	1152	-16	-27	53	69	1
objet	1153	-16	-27	53	69	1
objet	1154	-16	-27	53	69	1
objet	1155	-16	-27	53	69	1
objet	1156	-16	-27	31	48	1
objet	1157	-1	-45	31	61	1
objet	1158	-35	-100	71	39	1
objet	1159	-47	-74	107	112	1
objet	1160	-3	-40	29	153	1
objet	1161	-6	-16	63	141	1
objet	1162	-40	-53	67	167	1
objet	1163	-53	-53	53	81	1
objet	1164	-1	-53	32	67	1
objet	1165	-28	-39	56	81	1
objet	1166	-3	-37	32	39	1
objet	1167	-5	-38	34	40	1
objet	1168	-89	-138	123	188	1
objet	1169	-85	-110	158	192	1
objet	1170	-13	-199	216	215	1
objet	1171	-141	-198	467	319	1
objet	1172	-19	-342	47	352	1
objet	1173	-241	-122	481	482	1
objet	1174	-12	-252	190	260	1
objet	1175	-61	-112	143	114	1
objet	1176	-78	-113	163	153	1
objet	1177	-21	-35	40	46	1
objet	1178	-19	-69	92	91	1
objet	1179	-26	-82	50	88	1
objet	1180	-25	-38	50	76	1
objet	1181	-19	-23	38	46	1
objet	1182	-23	-33	46	66	1
objet	1183	-7	-12	14	24	1
objet	1184	-11	-21	22	42	1
objet	1185	-23	-17	46	34	1
objet	1186	-28	-78	37	93	1
objet	1187	-31	-78	40	93	1
objet	1188	-27	-89	67	104	1
objet	1189	-23	-89	75	100	1
objet	1190	-42	-102	77	109	1
objet	1191	-50	-16	75	42	1
objet	1192	-19	-15	89	54	1
objet	1193	-72	-13	120	64	1
objet	1194	43	76	43	35	1
objet	1195	-110	-82	178	136	1
objet	1196	-64	-75	71	92	1
objet	1197	-41	-69	34	34	1
objet	1198	-27	-35	48	41	1
objet	1199	-16	-19	29	26	1
objet	1200	-9	-1	16	8	1
objet	1201	-9	-1	16	8	1
objet	1202	-8	-7	23	13	1
objet	1203	-8	-7	23	13	1
objet	1204	-8	-7	23	13	1
objet	1205	-8	-7	23	13	1
objet	1206	-19	-13	37	23	1
objet	1207	-19	-13	37	23	1
objet	1208	-19	-13	37	23	1
objet	1209	-19	-13	37	23	1
objet	1210	-40	-97	69	111	1
objet	1211	-40	-97	69	111	1
objet	1212	-55	-76	110	104	1
objet	1213	-56	-78	111	106	1
objet	1214	-67	-110	133	111	1
objet	1215	-67	-110	133	111	1
objet	1216	-39	-58	72	89	1
objet	1217	-60	-119	81	118	1
objet	1218	-68	-115	97	83	1
objet	1219	-70	-125	88	124	1
objet	1220	-68	-137	90	92	1
objet	1221	-97	-159	123	85	1
objet	1222	-83	-30	133	49	1
objet	1223	-53	-43	97	68	1
objet	1224	-73	-57	147	87	1
objet	1225	-28	-28	53	48	1
objet	1226	-31	-28	65	41	1
objet	1227	-22	-20	44	29	1
objet	1228	-20	-15	40	26	1
objet	1229	-21	-16	43	30	1
objet	1230	-37	-100	61	115	1
objet	1231	-27	-101	60	115	1
objet	1232	-24	-65	60	81	1
objet	1233	-28	-70	52	85	1
objet	1234	-52	-115	91	129	1
objet	1235	-39	-116	91	130	1
objet	1236	-60	-104	84	118	1
objet	1237	-46	-101	89	116	1
objet	1238	-38	-97	81	68	1
objet	1239	-55	-101	106	115	1
objet	1240	-40	-115	78	54	1
objet	1241	-20	-13	42	25	1
objet	1242	-20	-13	42	25	1
objet	1243	-24	-3	37	16	1
objet	1244	-24	-4	37	17	1
objet	1245	21	-57	18	34	1
objet	1246	8	-54	15	34	1
objet	1247	-104	-160	130	86	1
objet	1248	-72	-146	93	102	1
objet	1249	-69	-137	100	92	1
objet	1250	-40	-97	69	111	1
objet	1251	-54	-89	69	97	1
objet	1252	-20	-73	45	84	1
objet	1253	-20	-74	45	84	1
objet	1254	-70	-113	196	237	1
objet	1255	-123	-123	196	244	1
objet	1256	-50	-73	166	92	1
objet	1257	-60	-51	96	130	1
objet	1258	-38	-96	130	116	1
objet	1259	-57	-95	165	125	1
objet	1260	-22	-59	58	75	1
objet	1261	-22	-63	56	76	1
objet	1262	-37	-59	71	83	1
objet	1263	-39	-59	58	73	1
objet	1264	-188	-101	221	196	1
objet	1265	-37	-100	223	192	1
objet	1266	-84	-118	167	167	1
objet	1267	-79	-114	143	148	1
objet	1268	-60	-119	175	163	1
objet	1269	-35	-96	79	110	1
objet	1270	-50	-99	81	113	1
objet	1271	-8	-58	81	103	1
objet	1272	-77	-8	160	148	1
objet	1273	-174	6	364	394	1
objet	1274	-110	-185	232	188	1
objet	1275	-10	-5	181	149	1
objet	1276	-79	-128	113	133	1
objet	1277	-37	-127	112	132	1
objet	1278	-262	-1	244	296	1
objet	1279	-22	10	84	43	1
objet	1280	-10	-5	133	95	1
objet	1281	-20	-23	53	42	1
objet	1282	-56	-2	57	40	1
objet	1283	-76	-55	81	89	1
objet	1284	-26	-6	87	72	1
objet	1285	-61	-56	76	61	1
objet	1286	-54	-21	100	61	1
objet	1287	-87	-68	93	192	1
objet	1288	-35	-41	39	42	1
objet	1289	-28	-7	59	58	1
objet	1290	-55	-2	56	28	1
objet	1291	-19	-12	37	23	1
objet	1292	-19	-12	37	23	1
objet	1293	-19	-12	37	23	1
objet	1294	-19	-12	37	23	1
objet	1295	-19	-12	37	23	1
objet	1296	-19	-12	37	23	1
objet	1297	-19	-12	37	23	1
objet	1298	-19	-12	37	23	1
objet	1299	-19	-12	37	23	1
objet	1300	-19	-12	37	23	1
objet	1301	-19	-12	37	23	1
objet	1302	-19	-12	37	23	1
objet	1303	-19	-12	37	23	1
objet	1304	-19	-12	37	23	1
objet	1305	-19	-12	37	23	1
objet	1306	-19	-12	37	23	1
objet	1307	-19	-12	37	23	1
objet	1308	-19	-12	37	23	1
objet	1309	-19	-12	37	23	1
objet	1310	-19	-12	37	23	1
objet	1311	-19	-12	37	23	1
objet	1312	-19	-12	37	23	1
objet	1313	-19	-12	37	23	1
objet	1314	-19	-12	37	23	1
objet	1315	-19	-12	37	23	1
objet	1316	-19	-12	37	23	1
objet	1317	-112	-24	160	45	1
objet	1318	-15	-54	31	61	1
objet	1319	-119	-299	295	355	1
objet	1320	-19	-5	30	14	1
objet	1321	-12	-5	34	11	1
objet	1322	-168	-227	374	306	1
objet	1323	-22	-40	40	51	1
objet	1324	-20	-60	38	71	1
objet	1325	-25	-37	45	40	1
objet	1326	-19	-13	37	23	1
objet	1327	-173	-272	268	336	1
objet	1328	-154	-270	439	405	1
objet	1329	-108	-251	188	282	1
objet	1330	-75	-101	76	119	1
objet	1331	-15	-15	50	39	1
objet	1332	-33	-17	58	42	1
objet	1333	-35	-18	72	41	1
objet	1334	-40	-16	71	45	1
objet	1335	-31	-4	62	21	1
objet	1336	-31	-4	59	21	1
objet	1337	-30	-19	72	31	1
objet	1338	-26	-15	48	33	1
objet	1339	-25	-15	47	30	1
objet	1340	-30	-5	46	31	1
objet	1341	-20	6	38	10	1
objet	1342	-13	-17	47	43	1
objet	1343	-27	-58	52	70	1
objet	1344	-21	-93	33	97	1
objet	1345	-13	-75	29	78	1
objet	1346	-8	-49	20	52	1
objet	1347	-29	-59	58	69	1
objet	1348	-14	-50	30	59	1
objet	1349	-30	-15	60	24	1
objet	1350	-15	-13	30	20	1
objet	1351	-38	-88	86	108	1
objet	1352	-359	-399	771	415	1
objet	1353	-30	-67	64	84	1
objet	1354	-93	-89	165	136	1
objet	1355	-153	-111	143	119	1
objet	1356	-364	-82	713	78	1
objet	1357	-47	-15	95	28	1
objet	1358	-53	-21	32	51	1
objet	1359	-47	-30	95	29	1
objet	1360	-39	-15	76	18	1
objet	1361	17	-18	37	48	1
objet	1362	-177	-283	385	396	1
objet	1363	-36	-96	70	120	1
objet	1364	-70	-55	148	80	1
objet	1365	-104	-224	205	278	1
objet	1366	-31	-55	63	71	1
objet	1367	-35	-55	66	71	1
objet	1368	-34	-56	67	73	1
objet	1369	-28	-79	106	103	1
objet	1370	-26	-51	105	82	1
objet	1371	-29	-72	62	92	1
objet	1372	-36	-74	66	101	1
objet	1373	-48	-123	83	158	1
objet	1374	-33	-170	64	196	1
objet	1375	-56	-79	131	101	1
objet	1376	-67	-79	157	113	1
objet	1377	-53	-85	144	107	1
objet	1378	-24	-81	51	101	1
objet	1379	-18	-100	36	114	1
objet	1380	-50	-162	90	182	1
objet	1381	-45	-207	82	226	1
objet	1382	-42	-200	116	219	1
objet	1383	-47	-90	94	114	1
objet	1384	-33	-160	220	181	1
objet	1385	-31	-244	54	251	1
objet	1386	-30	-233	37	240	1
objet	1387	-30	-156	37	163	1
objet	1388	-28	-94	32	102	1
objet	1390	-32	-180	63	199	1
objet	1391	-27	-164	56	179	1
objet	1392	-28	-179	58	193	1
objet	1393	-30	-188	59	205	1
objet	1394	-32	-180	58	195	1
objet	1395	-29	-164	56	179	1
objet	1396	-51	-14	53	195	1
objet	1397	-53	1	59	208	1
objet	1398	-56	-4	111	222	1
objet	1399	-7	-4	59	211	1
objet	1400	-31	-16	63	216	1
objet	1401	-32	-180	63	199	1
objet	1402	-27	-164	56	179	1
objet	1403	-28	-179	58	193	1
objet	1404	-30	-188	59	205	1
objet	1405	-32	-180	58	195	1
objet	1406	-29	-164	56	179	1
objet	1407	-51	-14	53	195	1
objet	1408	-53	1	59	208	1
objet	1409	-56	-4	111	222	1
objet	1410	-7	-4	59	211	1
objet	1411	-31	-16	63	216	1
objet	1412	-32	-180	63	199	1
objet	1413	-27	-164	56	179	1
objet	1414	-28	-179	58	193	1
objet	1415	-30	-188	59	205	1
objet	1416	-32	-180	58	195	1
objet	1417	-29	-164	56	179	1
objet	1418	-51	-14	53	195	1
objet	1419	-53	1	59	208	1
objet	1420	-56	-4	111	222	1
objet	1421	-7	-4	59	211	1
objet	1422	-31	-16	63	216	1
objet	1423	-27	-14	30	16	1
objet	1424	-3	-14	30	16	1
objet	1425	-29	-12	59	16	1
objet	1426	-29	1	59	16	1
objet	1427	-27	-3	53	19	1
objet	1428	-27	-14	30	16	1
objet	1429	-3	-14	30	16	1
objet	1430	-29	-12	59	16	1
objet	1431	-29	1	59	16	1
objet	1432	-27	-3	53	19	1
objet	1433	-27	-14	30	16	1
objet	1434	-3	-14	30	16	1
objet	1435	-29	-12	59	16	1
objet	1436	-29	1	59	16	1
objet	1437	-27	-3	53	19	1
objet	1438	-28	-179	58	193	1
objet	1439	-29	-179	59	193	1
objet	1440	-28	-179	58	193	1
objet	1441	-57	-218	139	218	1
objet	1442	-111	-96	792	661	1
objet	1443	-239	-554	640	582	1
objet	1444	-325	-77	541	305	1
objet	1445	-29	-102	74	124	1
objet	1446	-27	-67	58	81	1
objet	1447	-48	-141	98	167	1
objet	1448	-58	-78	116	106	1
objet	1449	-17	-74	45	83	1
objet	1450	-114	-121	205	223	1
objet	1451	-60	-132	128	222	1
objet	1453	-44	-167	92	176	1
objet	1454	-34	-157	77	165	1
objet	1455	-166	-206	331	303	1
objet	1456	-81	-213	382	274	1
objet	1457	-82	-213	259	244	1
objet	1458	-103	-121	204	296	1
objet	1460	-13	-34	384	179	1
objet	1461	-93	-23	469	235	1
objet	1462	-365	-327	748	681	1
objet	1463	-102	-69	201	93	1
objet	1464	-40	-52	172	97	1
objet	1465	-95	-42	208	102	1
objet	1466	-33	-131	66	169	1
objet	1467	-77	-41	156	83	1
objet	1468	-86	-42	172	89	1
objet	1469	-115	-93	211	194	1
objet	1470	-43	-215	136	243	1
objet	1471	-27	-290	493	489	1
objet	1472	-37	-145	88	157	1
objet	1473	-25	-92	48	105	1
objet	1474	-131	-174	162	188	1
objet	1476	-45	-178	111	182	1
objet	1477	-47	-177	111	182	1
objet	1478	-43	-117	72	130	1
objet	1479	-25	-26	50	39	1
objet	1480	-121	-277	254	322	1
objet	1481	-94	-223	223	281	1
objet	1482	-23	-26	49	39	1
objet	1483	-23	-25	50	39	1
objet	1484	-30	-85	61	100	1
objet	1485	-49	-197	109	238	1
objet	1486	-50	-298	133	338	1
objet	1487	-49	-244	102	296	1
objet	1488	-95	-120	190	181	1
objet	1489	-71	-146	197	190	1
objet	1490	-79	-67	159	133	1
objet	1491	-180	-179	391	316	1
objet	1492	-126	-132	209	199	1
objet	1493	-190	-232	376	300	1
objet	1494	-18	-27	34	43	1
objet	1495	-123	-181	232	241	1
objet	1496	-87	-216	175	245	1
objet	1497	-42	-188	86	186	1
objet	1498	-139	-158	167	171	1
objet	1499	-130	-59	133	71	1
objet	1500	-130	-209	257	245	1
objet	1501	-35	-55	74	124	1
objet	1502	-19	-66	36	72	1
objet	1503	-18	-60	36	72	1
objet	1504	-59	-59	118	98	1
objet	1505	-31	-87	61	97	1
objet	1506	-85	-91	108	134	1
objet	1507	-45	-26	70	50	1
objet	1508	-46	-27	68	50	1
objet	1509	-45	-29	70	50	1
objet	1510	-44	-30	70	52	1
objet	1511	-43	-54	70	76	1
objet	1512	-47	-45	78	68	1
objet	1513	-17	-40	34	49	1
objet	1514	-14	-76	28	86	1
objet	1515	-13	-40	54	64	1
objet	1516	-40	-50	56	74	1
objet	1517	-50	-96	68	110	1
objet	1518	-39	-125	64	138	1
objet	1519	-50	-41	100	52	1
objet	1520	-23	-32	46	46	1
objet	1521	-21	-55	42	76	1
objet	1522	-15	-100	34	109	1
objet	1523	-17	-100	35	109	1
objet	1524	-51	-108	67	114	1
objet	1525	-48	-101	63	107	1
objet	1526	-141	-347	267	393	1
objet	1527	-8	-36	23	56	1
objet	1528	12	-36	21	17	1
objet	1529	9	-33	25	11	1
objet	1530	12	-35	23	18	1
objet	1531	-33	-48	21	17	1
objet	1532	-35	-43	25	10	1
objet	1533	-36	-46	23	17	1
objet	1534	-131	-263	247	300	1
objet	1535	-251	-207	457	167	1
objet	1536	-30	-37	140	165	1
objet	1537	-114	-88	111	76	1
objet	1538	-33	-60	31	62	1
objet	1539	-149	-308	443	387	1
objet	1540	-75	-256	291	269	1
objet	1541	-11	-105	66	116	1
objet	1542	-178	-238	383	337	1
objet	1543	-110	-220	230	166	1
objet	1544	-29	-245	57	289	1
objet	1545	-30	-245	58	289	1
objet	1546	-29	-245	57	289	1
objet	1547	-30	-245	59	289	1
objet	1548	-69	-45	146	228	1
objet	1549	-19	-48	39	61	1
objet	1550	-23	-198	50	229	1
objet	1551	-21	-92	41	106	1
objet	1552	-23	-198	50	229	1
objet	1553	-62	-238	92	266	1
objet	1554	-62	-238	91	266	1
objet	1555	-27	-198	90	226	1
objet	1556	-27	-198	90	226	1
objet	1557	-28	-129	55	144	1
objet	1558	-27	-195	107	195	1
objet	1559	-22	-79	41	93	1
objet	1560	-82	-51	162	101	1
objet	1561	-122	-62	244	124	1
objet	1562	-29	-66	58	82	1
objet	1563	-27	-195	107	195	1
objet	1564	-14	-37	28	49	1
objet	1565	-17	-30	35	45	1
objet	1566	-14	-38	28	64	1
objet	1567	-15	-23	28	49	1
objet	1568	-27	-30	54	50	1
objet	1569	-119	-61	193	237	1
objet	1570	-29	-181	77	196	1
objet	1571	-28	-15	57	30	1
objet	1572	-30	-64	31	78	1
objet	1573	-53	-98	106	111	1
objet	1574	-31	-136	62	92	1
objet	1575	-28	-14	57	29	1
objet	1576	-40	-77	101	84	1
objet	1577	-46	-24	59	32	1
objet	1578	-75	-59	151	119	1
objet	1579	-54	-42	56	289	1
objet	1580	-28	-29	58	289	1
objet	1581	-29	-25	57	289	1
objet	1582	-30	-24	59	289	1
objet	1583	-26	-212	76	227	1
objet	1584	-22	-84	41	98	1
objet	1585	-21	-90	57	104	1
objet	1586	-19	-93	57	107	1
objet	1587	-27	-132	114	181	1
objet	1588	-26	-132	118	176	1
objet	1589	-25	-132	113	151	1
objet	1590	45	-26	90	52	1
objet	1591	-51	-205	121	220	1
objet	1592	-25	-184	73	199	1
objet	1593	-18	-97	60	113	1
objet	1594	-117	-26	194	213	1
objet	1595	-33	-200	204	240	1
objet	1596	-27	-160	203	203	1
objet	1597	-25	-116	76	131	1
objet	1598	-23	-175	143	189	1
objet	1599	-14	-37	28	49	1
objet	1600	-27	-195	107	195	1
objet	1601	-27	-14	54	28	1
objet	1602	-76	-60	153	120	1
objet	1603	-285	-231	454	404	1
objet	1604	-26	-132	118	176	1
objet	1605	-25	-132	113	151	1
objet	1606	-36	-29	72	58	1
objet	1607	-28	-129	55	144	1
objet	1608	-61	-62	261	132	1
objet	1609	-76	-60	153	120	1
objet	1610	-15	-23	28	49	1
objet	1611	-28	-129	55	144	1
objet	1612	-119	-61	193	237	1
objet	1613	-117	-26	194	213	1
objet	1614	-33	-200	204	240	1
objet	1615	-27	-160	203	203	1
objet	1616	-24	-84	44	98	1
objet	1617	-33	-89	62	104	1
objet	1618	-25	-132	116	152	1
objet	1619	-28	-142	120	186	1
objet	1620	-26	-132	114	152	1
objet	1621	-18	-97	60	113	1
objet	1622	-61	-62	261	132	1
objet	1624	-151	-170	315	255	1
objet	1625	-206	-117	417	213	1
objet	1626	-108	-71	212	143	1
objet	1627	-17	9	78	441	1
objet	1628	-19	-26	34	31	1
objet	1629	-31	-14	34	276	1
objet	1630	-26	-48	41	53	1
objet	1631	-10	-17	38	29	1
objet	1632	-90	-201	192	193	1
objet	1633	-98	-178	193	194	1
objet	1634	-74	-203	166	174	1
objet	1635	-38	-304	73	305	1
objet	1636	-95	-448	233	475	1
objet	1637	-95	2	127	68	1
objet	1638	-72	-114	222	118	1
objet	1639	-21	-27	55	40	1
objet	1640	-106	-61	212	122	1
objet	1641	-10	-28	38	40	1
objet	1642	-21	-38	55	51	1
objet	1643	-52	-73	143	73	1
objet	1644	-17	-10	40	102	1
objet	1645	-19	-31	70	45	1
objet	1646	-81	-93	141	115	1
objet	1647	-148	-223	318	249	1
objet	1648	-16	-276	29	283	1
objet	1649	-147	-114	222	118	1
objet	1650	-211	-117	417	213	1
objet	1651	-236	-114	222	118	1
objet	1652	-109	-239	236	305	1
objet	1653	-32	-44	97	64	1
objet	1654	-25	-24	48	190	1
objet	1655	-25	-173	48	191	1
objet	1656	-79	-60	106	60	1
objet	1657	-41	-104	95	109	1
objet	1658	-25	-86	70	91	1
objet	1659	-3	-8	25	15	1
objet	1660	-3	-8	25	15	1
objet	1661	-3	-8	25	15	1
objet	1662	-3	-8	25	15	1
objet	1663	-29	-42	70	55	1
objet	1664	-29	-42	70	55	1
objet	1665	-29	-42	70	55	1
objet	1666	-25	-86	70	91	1
objet	1667	-25	-86	70	91	1
objet	1668	-40	-103	94	108	1
objet	1669	-40	-103	94	108	1
objet	1670	-15	14	42	38	1
objet	1671	-15	15	42	37	1
objet	1672	-16	12	43	40	1
objet	1673	-58	-19	99	42	1
objet	1674	-56	-20	90	34	1
objet	1675	-58	-20	83	30	1
objet	1676	-32	0	63	32	1
objet	1678	-25	-44	49	56	1
objet	1679	-53	-79	93	101	1
objet	1680	-14	-28	41	36	1
objet	1681	-60	-298	198	559	1
objet	1682	-130	-128	241	511	1
objet	1683	-275	-153	466	336	1
objet	1684	-30	-28	57	42	1
objet	1685	-18	-187	158	211	1
objet	1686	-67	-41	73	80	1
objet	1687	-20	-55	73	80	1
objet	1688	-64	-102	104	68	1
objet	1689	-30	-83	64	38	1
objet	1690	-30	-85	65	38	1
objet	1691	-564	-446	579	403	1
objet	1692	3	-52	579	403	1
objet	1693	-59	-93	112	197	1
objet	1694	-45	-172	100	193	1
objet	1695	-24	-159	84	183	1
objet	1696	-113	-387	363	443	1
objet	1697	-14	-201	193	279	1
objet	1698	-62	-134	128	164	1
objet	1699	-119	-125	104	100	1
objet	1700	-19	-136	29	142	1
objet	1701	-109	-448	182	483	1
objet	1702	-17	-54	34	72	1
objet	1703	-17	-54	34	72	1
objet	1704	-22	-187	96	202	1
objet	1705	-189	-124	190	123	1
objet	1706	-97	-129	195	174	1
objet	1707	-84	-143	161	197	1
objet	1708	-22	-16	44	32	1
objet	1709	-96	-139	163	178	1
objet	1710	-139	-135	246	214	1
objet	1711	-76	-477	135	537	1
objet	1712	-53	-304	75	317	1
objet	1713	-35	-344	91	312	1
objet	1714	-23	-227	49	192	1
objet	1715	-50	-115	68	129	1
objet	1716	-65	-151	85	163	1
objet	1717	-94	-127	168	166	1
objet	1718	-78	-133	161	175	1
objet	1719	-95	-112	171	148	1
objet	1720	-62	-46	126	91	1
objet	1721	-32	-25	63	37	1
objet	1722	-33	-26	62	37	1
objet	1723	-64	-163	113	179	1
objet	1724	-245	-454	393	465	1
objet	1725	-95	-98	187	139	1
objet	1726	-162	-123	175	98	1
objet	1727	-60	-52	120	32	1
objet	1728	-257	-550	530	643	1
objet	1729	-161	-368	331	382	1
objet	1730	-160	-367	329	381	1
objet	1731	-32	-5	64	37	1
objet	1732	-28	-41	48	48	1
objet	1733	-41	-47	77	64	1
objet	1734	-16	-24	28	28	1
objet	1735	-54	-101	114	114	1
objet	1736	-93	-145	179	135	1
objet	1737	-23	-96	71	89	1
objet	1738	-91	-145	153	140	1
objet	1739	-62	-168	169	169	1
objet	1740	-93	-97	185	86	1
objet	1741	-103	-146	204	135	1
objet	1742	-269	-226	538	392	1
objet	1743	-179	-201	286	233	1
objet	1745	-57	-126	177	150	1
objet	1746	-386	-407	773	554	1
objet	1747	-110	-150	216	228	1
objet	1748	-11	-34	23	43	1
objet	1749	-43	-59	82	80	1
objet	1750	-12	-30	23	36	1
objet	1751	-10	-32	22	38	1
objet	1752	-27	-33	51	47	1
objet	1753	-136	-629	300	646	1
objet	1754	-323	-227	693	345	1
objet	1755	-24	-41	72	59	1
objet	1756	-23	-47	49	63	1
objet	1757	-287	-274	626	448	1
objet	1758	-168	-391	394	468	1
objet	1759	-242	-392	392	477	1
objet	1760	-243	-369	392	454	1
objet	1761	-89	-161	199	206	1
objet	1762	-45	-57	103	87	1
objet	1763	-23	-48	37	64	1
objet	1764	-19	-21	54	35	1
objet	1765	-11	-30	23	36	1
objet	1766	-11	-35	23	42	1
objet	1767	-13	-32	25	39	1
objet	1768	-10	-34	22	41	1
objet	1769	-23	-37	47	46	1
objet	1770	-122	-230	333	282	1
objet	1771	-46	-92	81	113	1
objet	1773	-22	-59	43	58	1
objet	1774	-10	-17	22	24	1
objet	1775	-59	-162	114	101	1
objet	1776	-21	-46	68	63	1
objet	1777	-71	-43	135	86	1
objet	1778	-24	-46	68	63	1
objet	1779	-20	-41	68	63	1
objet	1780	-18	-17	37	29	1
objet	1781	-18	-11	37	22	1
objet	1782	-18	-13	37	24	1
objet	1783	-25	-33	52	44	1
objet	1784	-35	-197	74	210	1
objet	1785	-60	-67	143	110	1
objet	1786	-64	-165	113	183	1
objet	1787	-51	-166	119	183	1
objet	1788	-35	-253	81	274	1
objet	1789	-86	-153	163	187	1
objet	1790	-98	-125	122	167	1
objet	1791	-24	-125	121	167	1
objet	1792	-39	-115	68	127	1
objet	1793	-29	-51	78	65	1
objet	1794	-130	-341	294	408	1
objet	1795	-24	-33	64	50	1
objet	1796	-25	-34	65	50	1
objet	1797	-23	-28	54	42	1
objet	1798	-23	-28	54	42	1
objet	1799	-25	-43	65	61	1
objet	1800	-29	-36	66	50	1
objet	1801	-49	-28	109	62	1
objet	1802	-66	-37	135	70	1
objet	1803	-25	-74	105	102	1
objet	1804	-24	-113	105	141	1
objet	1805	-26	-113	106	141	1
objet	1806	-194	-17	392	200	1
objet	1807	-24	-115	105	141	1
objet	1808	-24	-113	105	141	1
objet	1810	-28	-113	106	141	1
objet	1811	-26	-114	105	141	1
objet	1812	-26	-114	105	142	1
objet	1813	-27	-115	105	142	1
objet	1814	-39	-50	68	53	1
objet	1815	-52	-60	104	73	1
objet	1816	-138	-85	277	139	1
objet	1817	-59	-51	187	94	1
objet	1818	-128	-51	187	94	1
objet	1819	-59	-41	168	84	1
objet	1820	-109	-41	168	84	1
objet	1821	-82	-55	161	112	1
objet	1822	-79	-55	162	112	1
objet	1823	-110	-40	220	82	1
objet	1824	-109	-39	221	80	1
objet	1825	-61	-72	171	115	1
objet	1826	-109	-72	171	115	1
objet	1827	-242	-382	452	476	1
objet	1828	-98	-337	247	389	1
objet	1829	-124	-230	304	308	1
objet	1830	-271	-264	422	317	1
objet	1832	-102	-297	263	347	1
objet	1833	-102	-297	258	347	1
objet	1834	-12	-18	27	26	1
objet	1835	-6	-18	13	23	1
objet	1836	-20	-35	42	47	1
objet	1837	-22	-61	63	82	1
objet	1838	-39	-42	59	59	1
objet	1839	-29	-22	52	38	1
objet	1840	-18	-40	59	59	1
objet	1841	-58	-61	89	74	1
objet	1842	-32	-51	89	66	1
objet	1843	-94	-126	130	160	1
objet	1844	-94	-238	221	304	1
objet	1845	-50	-202	118	214	1
objet	1846	-185	-100	452	477	1
objet	1847	-111	-73	248	325	1
objet	1848	-78	-19	82	48	1
objet	1849	-60	-14	78	42	1
objet	1850	-100	-227	267	284	1
objet	1851	-102	-297	256	349	1
objet	1852	-102	-297	272	373	1
objet	1853	-66	-168	141	182	1
objet	1854	-33	-138	109	153	1
objet	1855	-38	-175	78	206	1
objet	1856	-32	-139	128	150	1
objet	1857	-45	-168	102	179	1
objet	1858	-39	-153	92	187	1
objet	1859	-42	-179	95	211	1
objet	1860	-47	-243	101	253	1
objet	1861	-37	-131	104	161	1
objet	1862	-80	-163	118	194	1
objet	1863	-85	-191	226	259	1
objet	1864	-85	-191	226	259	1
objet	1865	-85	-191	225	259	1
objet	1866	-85	-191	225	259	1
objet	1867	-16	-27	56	52	1
objet	1868	-21	-35	53	47	1
objet	1869	-22	-45	50	57	1
objet	1870	-18	-40	63	62	1
objet	1871	-18	-75	42	84	1
objet	1872	-32	-70	78	80	1
objet	1873	-35	-48	63	63	1
objet	1874	-32	-50	63	63	1
objet	1875	-36	-47	63	62	1
objet	1876	-33	-49	63	63	1
objet	1877	-234	-213	390	355	1
objet	1878	-105	-297	251	347	1
objet	1879	-35	-133	69	143	1
objet	1880	0	0	1	1	1
objet	1881	-25	-29	54	42	1
objet	1882	-12	-28	33	40	1
objet	1883	-231	-286	417	382	1
objet	1884	-24	-32	63	50	1
objet	1885	-17	-74	69	96	1
objet	1886	-31	-134	53	145	1
objet	1887	-16	-15	32	28	1
objet	1888	-14	-52	60	75	1
objet	1889	-21	-26	54	48	1
objet	1890	4	-65	101	80	1
objet	1891	-24	-50	79	71	1
objet	1892	-15	-66	37	77	1
objet	1893	-26	-50	79	71	1
objet	1894	-26	-112	105	141	1
objet	1895	-28	-113	106	141	1
objet	1896	-26	-27	54	44	1
objet	1897	-26	-27	54	44	1
objet	1898	-23	-24	48	39	1
objet	1899	-25	-27	57	44	1
objet	1900	-27	-113	106	141	1
objet	1901	-28	-112	106	141	1
objet	1902	-24	-112	105	142	1
objet	1904	-34	-132	191	167	1
objet	1905	-22	-165	44	224	1
objet	1906	-26	-35	65	51	1
objet	1907	-25	-33	53	46	1
objet	1908	-24	-27	53	42	1
objet	1909	-24	-29	53	42	1
objet	1910	-24	-27	53	42	1
objet	1911	-25	-34	65	50	1
objet	1912	-24	-34	65	50	1
objet	1913	-24	-36	65	51	1
objet	1914	-26	-36	65	50	1
objet	1915	-27	-40	66	55	1
objet	1916	-26	-38	65	53	1
objet	1917	-26	-29	54	42	1
objet	1918	-24	-30	53	42	1
objet	1919	-27	-29	54	44	1
objet	1920	6	-47	69	54	1
objet	1921	3	-52	72	59	1
objet	1922	6	-53	67	60	1
objet	1923	9	-54	61	62	1
objet	1924	-24	-27	49	41	1
objet	1925	-22	-26	45	38	1
objet	1926	-85	-191	226	259	1
objet	1927	-86	-191	226	259	1
objet	1928	-86	-191	226	258	1
objet	1929	-86	-191	226	259	1
objet	1930	-275	-125	311	253	1
objet	1931	-155	-68	310	140	1
objet	1932	-171	-336	316	406	1
objet	1933	-24	-28	54	42	1
objet	1934	-26	-30	55	44	1
objet	1935	-28	-34	65	51	1
objet	1936	-25	-115	106	142	1
objet	1937	-103	-272	272	328	1
objet	1938	-103	-272	272	328	1
objet	1939	-103	-272	272	328	1
objet	1940	-103	-272	272	328	1
objet	1941	-103	-272	272	328	1
objet	1942	-103	-272	272	328	1
objet	1943	-103	-272	272	328	1
objet	1944	-103	-272	272	328	1
objet	1945	-27	-115	105	142	1
objet	1946	-27	-115	105	142	1
objet	1947	-27	-115	105	142	1
objet	1948	-27	-115	105	142	1
objet	1949	-27	-115	105	142	1
objet	1950	-27	-115	105	142	1
objet	1951	-27	-115	105	142	1
objet	1952	-27	-115	105	142	1
objet	1953	-1	-89	34	103	1
objet	1954	-27	-115	105	142	1
objet	1955	-27	-115	105	142	1
objet	1956	-27	-115	105	142	1
objet	1957	-27	-115	105	142	1
objet	1958	-83	-192	238	257	1
objet	1959	-27	-115	105	142	1
objet	1960	-27	-115	105	142	1
objet	1961	-107	-202	226	258	1
objet	1962	-26	-114	105	141	1
objet	1963	-100	-273	272	328	1
objet	1964	-32	-90	34	104	1
objet	1965	-104	-295	264	348	1
objet	1966	-32	-90	34	104	1
objet	1967	-7	-113	18	116	1
objet	1968	-109	-302	253	372	1
objet	1969	-34	-32	191	167	1
objet	1970	-363	-385	513	507	1
objet	1971	-104	-238	222	289	1
objet	1972	-41	-105	60	126	1
objet	1973	-19	-105	60	126	1
objet	1974	-46	-91	92	126	1
objet	1975	-32	-120	52	113	1
objet	1976	-11	-76	21	42	1
objet	1977	-103	-291	257	349	1
objet	1978	-103	-293	273	373	1
objet	1979	-102	-295	259	348	1
objet	1980	-102	-292	264	348	1
objet	1981	-103	-292	252	347	1
objet	1982	-101	-293	265	348	1
objet	1983	-194	-17	392	200	1
objet	1984	-20	-62	50	71	1
objet	1985	11	-64	18	27	1
objet	1986	-26	-43	14	25	1
objet	1987	-44	-248	152	280	1
objet	1988	-37	-72	85	89	1
objet	1989	-28	-6	57	13	1
objet	1990	-10	-6	20	10	1
objet	1991	-112	-229	305	308	1
objet	1992	-17	-86	95	108	1
objet	1993	-24	-113	105	141	1
objet	1996	-91	-248	222	289	1
objet	1997	-19	-179	162	213	1
objet	1998	-61	-132	136	196	1
objet	1999	-52	-196	184	268	1
objet	2000	-9	-52	18	55	1
objet	2001	-10	-51	30	56	1
objet	2002	-63	-136	136	195	1
objet	2003	-40	-48	277	155	1
objet	2004	-30	-37	105	65	1
objet	2005	8	-107	90	117	1
objet	2006	-33	-88	224	123	1
objet	2007	-12	-62	25	69	1
objet	2008	-16	-103	48	97	1
objet	2011	-14	-34	45	40	1
objet	2012	-15	-33	45	41	1
objet	2013	-13	-32	45	40	1
objet	2014	-16	-33	45	41	1
objet	2015	-13	-33	45	41	1
objet	2016	-14	-32	45	41	1
objet	2017	-12	-31	45	40	1
objet	2018	-16	-32	45	41	1
objet	2019	-13	-27	44	35	1
objet	2020	-13	-27	44	35	1
objet	2021	-13	-26	43	35	1
objet	2022	-16	-27	47	36	1
objet	2023	-13	-27	45	35	1
objet	2024	-13	-26	44	35	1
objet	2025	-13	-25	43	35	1
objet	2026	-16	-26	47	35	1
objet	2027	-15	-31	56	41	1
objet	2028	-15	-31	56	41	1
objet	2029	-12	-56	42	64	1
objet	2030	-16	-56	45	64	1
objet	2031	-11	-57	42	65	1
objet	2032	-15	-57	45	65	1
objet	2033	-16	-37	45	46	1
objet	2034	-13	-38	44	46	1
objet	2035	-14	-44	45	52	1
objet	2036	-11	-59	42	66	1
objet	2037	-13	-49	44	57	1
objet	2038	-15	-37	45	43	1
objet	2039	-14	-41	45	49	1
objet	2040	-13	-36	45	44	1
objet	2041	-13	-36	45	44	1
objet	2042	-14	-30	46	37	1
objet	2043	-14	-48	45	56	1
objet	2044	-14	-37	45	45	1
objet	2045	-13	-44	44	52	1
objet	2046	-15	-34	45	41	1
objet	2047	-18	-31	48	39	1
objet	2048	-17	-32	47	40	1
objet	2049	-29	-56	90	70	1
objet	2050	-13	-39	43	46	1
objet	2051	-18	-46	48	54	1
objet	2052	-12	-40	43	48	1
objet	2053	-156	-205	371	423	1
objet	2054	-50	-151	88	162	1
objet	2055	-163	-220	279	281	1
objet	2056	-190	-246	328	348	1
objet	2057	-162	-177	364	281	1
objet	2058	-35	-64	75	80	1
objet	2059	-164	-284	283	350	1
objet	2060	-17	-19	32	28	1
objet	2061	-43	-33	60	45	1
objet	2062	-58	-21	72	41	1
objet	2063	-30	-35	51	40	1
objet	2064	-33	-21	74	43	1
objet	2065	-56	-94	75	108	1
objet	2066	-20	-91	75	108	1
objet	2067	-124	11	248	235	1
objet	2068	-43	14	155	165	1
objet	2069	-47	-46	82	168	1
objet	2070	-85	-28	123	109	1
objet	2071	-116	-187	187	379	1
objet	2072	-42	-319	134	380	1
objet	2073	-33	-317	176	332	1
objet	2074	-118	-212	176	332	1
objet	2075	-118	-317	157	166	1
objet	2076	-69	-86	156	166	1
objet	2077	-20	-225	30	18	1
objet	2078	-19	-159	62	172	1
objet	2079	-81	-39	150	88	1
objet	2080	-55	-19	145	83	1
objet	2081	-134	-36	198	74	1
objet	2082	-64	-8	185	63	1
objet	2083	-110	-8	158	50	1
objet	2084	-183	-102	359	202	1
objet	2085	-69	-39	150	88	1
objet	2086	-90	-19	145	83	1
objet	2087	-64	-36	198	74	1
objet	2088	-81	-39	150	88	1
objet	2089	-55	-19	145	83	1
objet	2090	-134	-36	198	74	1
objet	2091	-95	-9	185	63	1
objet	2092	-110	-8	158	48	1
objet	2093	-69	-39	150	88	1
objet	2094	-90	-19	143	83	1
objet	2095	-64	-36	198	74	1
objet	2096	-59	-30	94	118	1
objet	2097	-32	-34	90	117	1
objet	2098	-65	-30	107	106	1
objet	2099	-51	-31	103	107	1
objet	2100	-45	-32	97	125	1
objet	2101	-41	-16	98	121	1
objet	2102	-20	-49	99	118	1
objet	2103	-56	14	105	85	1
objet	2104	-105	28	229	110	1
objet	2105	-73	-26	153	57	1
objet	2106	-75	-27	153	57	1
objet	2107	-31	-16	71	33	1
objet	2108	-80	-28	165	58	1
objet	2109	-71	-29	152	58	1
objet	2110	-30	-10	69	27	1
objet	2111	-72	-28	152	58	1
objet	2112	-71	-28	152	58	1
objet	2113	-46	-220	130	246	1
objet	2114	-70	-221	176	245	1
objet	2115	-10	-83	76	103	1
objet	2116	-27	-86	54	98	1
objet	2117	-34	-45	71	58	1
objet	2118	-22	-38	62	48	1
objet	2119	-33	-32	64	46	1
objet	2120	-26	-22	50	32	1
objet	2121	-21	-11	41	21	1
objet	2122	-17	-13	38	21	1
objet	2123	-59	-86	133	51	1
objet	2124	-15	-84	109	105	1
objet	2125	-37	-87	91	101	1
objet	2126	-32	-47	74	59	1
objet	2127	-29	-38	69	50	1
objet	2128	-27	-29	63	46	1
objet	2129	-24	-16	49	32	1
objet	2130	-17	-13	34	24	1
objet	2131	-66	-73	133	51	1
objet	2132	-65	-469	161	483	1
objet	2133	-91	-516	146	525	1
objet	2134	-47	-433	145	445	1
objet	2135	-71	-424	160	435	1
objet	2136	-70	-426	160	436	1
objet	2137	-42	-102	123	118	1
objet	2138	-47	-101	124	112	1
objet	2139	-48	-167	104	176	1
objet	2140	-13	-68	32	76	1
objet	2141	-6	-49	32	46	1
objet	2142	-11	-39	15	36	1
objet	2143	-13	-85	33	85	1
objet	2144	-90	-588	216	602	1
objet	2145	-94	-515	147	527	1
objet	2146	-59	-425	143	436	1
objet	2147	-51	-432	156	445	1
objet	2148	-42	-261	81	265	1
objet	2149	-43	-161	68	166	1
objet	2150	-60	-432	173	447	1
objet	2151	-31	-177	98	190	1
objet	2152	-43	-92	99	101	1
objet	2153	-15	-87	33	77	1
objet	2154	-9	-55	32	45	1
objet	2155	-8	-45	16	35	1
objet	2156	-20	-80	49	77	1
objet	2157	-41	-259	79	263	1
objet	2158	-37	-164	67	167	1
objet	2159	-199	-14	401	158	1
objet	2160	-177	-14	364	158	1
objet	2161	-19	-10	37	19	1
objet	2162	-18	-9	38	19	1
objet	2163	-23	-36	38	14	1
objet	2164	-19	-37	38	14	1
objet	2165	-19	-34	37	14	1
objet	2166	-17	-34	35	22	1
objet	2167	-46	-237	247	151	1
objet	2168	-118	-377	251	558	1
objet	2169	-125	-313	221	623	1
objet	2170	-114	-376	230	706	1
objet	2171	-124	-339	228	684	1
objet	2172	-34	6	75	57	1
objet	2173	-34	6	74	58	1
objet	2174	-37	6	77	42	1
objet	2175	-37	6	77	42	1
objet	2176	-124	-44	248	235	1
objet	2177	-49	-123	80	71	1
objet	2178	-24	-65	73	75	1
objet	2179	-32	-92	51	103	1
objet	2180	-149	-235	193	243	1
objet	2181	-53	-74	133	94	1
objet	2182	-16	-33	59	42	1
objet	2183	-14	-29	58	38	1
objet	2184	-15	-29	31	36	1
objet	2185	-27	-82	78	91	1
objet	2186	-14	-48	63	55	1
objet	2187	-13	-36	25	43	1
objet	2188	-39	-53	98	59	1
objet	2189	-76	-24	153	57	1
objet	2190	-15	-86	94	113	1
objet	2191	-13	-85	93	112	1
objet	2192	-13	-90	89	115	1
objet	2193	-46	-72	151	118	1
objet	2194	-75	-89	89	112	1
objet	2195	-74	-89	89	112	1
objet	2196	-73	-85	89	109	1
objet	2197	-14	-94	139	120	1
objet	2198	-281	-26	521	209	1
objet	2199	-279	-28	521	209	1
objet	2200	-79	-31	154	57	1
objet	2201	-89	-28	178	57	1
objet	2202	-89	-28	178	57	1
objet	2203	-89	-28	178	57	1
objet	2204	-79	-30	154	57	1
objet	2205	-24	-258	48	263	1
objet	2206	-23	-177	77	187	1
objet	2207	-32	-103	86	113	1
objet	2208	-9	-120	33	126	1
objet	2209	-9	-42	33	47	1
objet	2210	-165	-356	357	428	1
objet	2211	-65	-256	173	300	1
objet	2212	-51	-153	142	187	1
objet	2213	-63	-144	133	176	1
objet	2214	-32	-100	62	115	1
objet	2215	-34	-37	92	67	1
objet	2216	-29	-65	59	80	1
objet	2217	-26	-43	52	55	1
objet	2218	-23	-257	48	263	1
objet	2219	-13	-111	122	85	1
objet	2220	-92	-108	119	79	1
objet	2221	-230	-49	346	441	1
objet	2222	-102	-65	165	249	1
objet	2223	-113	-55	265	310	1
objet	2224	-171	-88	342	171	1
objet	2225	-64	-60	127	62	1
objet	2226	-76	-31	153	61	1
objet	2227	-134	-37	198	75	1
objet	2228	-134	-37	198	75	1
objet	2229	-106	-59	215	296	1
objet	2230	-110	-60	210	324	1
objet	2231	-238	-110	402	323	1
objet	2232	-57	-43	137	77	1
objet	2233	-88	-59	234	118	1
objet	2234	-150	-81	296	233	1
objet	2235	-126	-97	314	221	1
objet	2236	-83	-44	175	102	1
objet	2237	-131	-45	237	173	1
objet	2238	-86	-42	163	88	1
objet	2239	-110	-43	210	200	1
objet	2240	-81	-39	195	203	1
objet	2241	-46	-95	186	140	1
objet	2242	-65	-83	178	140	1
objet	2243	-74	-83	189	140	1
objet	2244	-33	-100	175	144	1
objet	2245	-48	-99	190	144	1
objet	2246	-93	-98	155	69	1
objet	2247	-118	-172	281	282	1
objet	2248	-186	-180	330	348	1
objet	2249	-184	-152	365	281	1
objet	2250	-82	-42	160	84	1
objet	2251	-81	-54	218	114	1
objet	2252	-182	-260	326	302	1
objet	2253	-28	-39	71	55	1
objet	2254	-28	-34	71	49	1
objet	2255	-27	-32	72	49	1
objet	2256	-28	-40	62	53	1
objet	2257	-26	-60	70	74	1
objet	2258	-24	-73	80	97	1
objet	2259	-30	-36	67	57	1
objet	2260	-30	-39	67	57	1
objet	2261	-28	-40	67	60	1
objet	2262	-48	-13	101	55	1
objet	2263	-27	-30	80	88	1
objet	2264	-104	-65	260	174	1
objet	2265	-53	-117	142	173	1
objet	2266	-163	-216	312	355	1
objet	2268	-130	-153	261	225	1
objet	2269	-129	-149	168	211	1
objet	2270	-79	-45	113	217	1
objet	2271	-95	-56	156	216	1
objet	2272	-55	-182	113	187	1
objet	2273	-61	-71	105	79	1
objet	2275	-168	-366	394	466	1
objet	2276	-96	-196	161	247	1
objet	2277	-97	-197	161	247	1
objet	2278	-24	-16	46	31	1
objet	2279	-27	-14	55	45	1
objet	2280	-29	-14	58	57	1
objet	2281	-24	-12	48	45	1
objet	2282	-29	-15	58	57	1
objet	2283	-26	-12	52	49	1
objet	2284	-28	-14	55	48	1
objet	2285	-28	-13	57	75	1
objet	2286	-25	-9	48	74	1
objet	2287	-23	-12	43	76	1
objet	2288	-30	-15	56	75	1
objet	2289	-27	-10	55	34	1
objet	2290	-27	-9	55	34	1
objet	2291	-24	-12	48	24	1
objet	2292	-29	-14	55	41	1
objet	2293	-26	-20	107	109	1
objet	2294	-57	-44	82	140	1
objet	2295	-150	-41	281	256	1
objet	2296	-96	-128	165	156	1
objet	2297	-79	-110	147	154	1
objet	2298	-24	-32	58	47	1
objet	2299	-202	-212	293	299	1
objet	2300	-31	-122	113	130	1
objet	2301	-108	-222	227	265	1
objet	2302	-23	-52	55	80	1
objet	2303	-13	-58	53	81	1
objet	2304	-34	-269	62	277	1
objet	2305	-24	-224	54	230	1
objet	2306	-30	-160	54	168	1
objet	2307	-28	-162	52	167	1
objet	2308	-25	-128	51	134	1
objet	2309	-10	-114	20	125	1
objet	2310	-191	-368	440	473	1
objet	2311	-189	-251	414	360	1
objet	2312	-26	-30	114	59	1
objet	2313	-26	-30	114	59	1
objet	2314	-26	-30	114	59	1
objet	2315	-26	-30	114	59	1
objet	2316	-26	-30	114	59	1
objet	2317	-80	-147	157	216	1
objet	2318	-234	-197	492	397	1
objet	2319	-97	-140	177	189	1
objet	2320	-115	-281	323	363	1
objet	2321	-15	-22	34	32	1
objet	2322	-28	-28	95	55	1
objet	2323	-27	-35	86	63	1
objet	2324	-30	-22	88	57	1
objet	2325	-27	-28	48	37	1
objet	2326	-44	-74	70	90	1
objet	2327	-39	-70	64	93	1
objet	2328	-68	-54	90	80	1
objet	2329	-65	-64	83	74	1
objet	2330	-128	-322	244	360	1
objet	2331	-166	-280	339	354	1
objet	2332	-37	-41	100	66	1
objet	2333	-75	-233	190	262	1
objet	2334	-16	-85	52	146	1
objet	2335	-72	-135	137	182	1
objet	2336	-46	-90	78	178	1
objet	2337	-37	-41	100	66	1
objet	2338	-37	-41	100	66	1
objet	2339	-42	-166	92	178	1
objet	2340	-60	-269	93	281	1
objet	2341	-38	-153	92	163	1
objet	2342	74	-319	56	73	1
objet	2344	-32	-50	65	68	1
objet	2345	-10	-7	20	15	1
objet	2346	-10	-7	21	16	1
objet	2347	-9	-7	21	13	1
objet	2348	-9	-5	21	11	1
objet	2349	-39	-60	75	70	1
objet	2350	-70	-106	160	134	1
objet	2351	-39	-19	74	36	1
objet	2352	-17	-66	35	74	1
objet	2353	73	-322	57	75	1
objet	2354	-179	-242	541	327	1
objet	2355	-93	-349	281	404	1
objet	2356	-27	-20	95	40	1
objet	2357	-22	-8	28	34	1
objet	2358	-67	-44	77	82	1
objet	2359	-28	-26	43	56	1
objet	2360	-26	-12	29	35	1
objet	2361	-32	-48	65	63	1
objet	2362	-18	-30	39	38	1
objet	2363	-45	-86	143	124	1
objet	2364	-51	-232	141	257	1
objet	2365	-23	-38	47	47	1
objet	2366	-39	-65	120	93	1
objet	2367	-43	-97	130	118	1
objet	2368	-41	-78	120	96	1
objet	2369	-45	-91	87	110	1
objet	2370	-26	-58	105	79	1
objet	2371	-31	-33	61	49	1
objet	2372	-42	-53	83	71	1
objet	2373	-32	-90	75	108	1
objet	2374	-51	-34	80	50	1
objet	2375	-48	-31	77	64	1
objet	2376	-70	-122	133	158	1
objet	2377	-50	-54	109	75	1
objet	2378	-26	-43	79	58	1
objet	2379	-93	-169	144	235	1
objet	2380	-14	-54	26	60	1
objet	2381	-37	-39	60	55	1
objet	2382	-54	-112	79	133	1
objet	2383	-118	-279	217	321	1
objet	2384	-24	-45	70	59	1
objet	2385	-45	-34	66	48	1
objet	2386	-20	-24	46	38	1
objet	2387	73	-322	57	75	1
objet	2388	-26	-42	163	111	1
objet	2389	7	-36	43	40	1
objet	2390	-19	-24	43	40	1
objet	2391	-38	-30	79	51	1
objet	2392	-37	-120	70	20	1
objet	2393	-38	-79	139	110	1
objet	2394	-47	-143	139	180	1
objet	2395	-30	-125	131	149	1
objet	2396	-42	-97	129	148	1
objet	2397	-42	-94	83	114	1
objet	2398	-34	-108	67	139	1
objet	2399	-98	-54	199	111	1
objet	2400	-41	-74	103	99	1
objet	2401	-53	-160	187	206	1
objet	2402	-99	-29	173	128	1
objet	2403	-82	-67	173	108	1
objet	2404	-14	-9	30	33	1
objet	2405	-104	-207	248	335	1
objet	2406	-123	-121	228	148	1
objet	2407	-137	-237	256	272	1
objet	2408	-101	-209	253	240	1
objet	2409	-102	-212	173	247	1
objet	2410	-163	-277	290	338	1
objet	2411	-162	-222	364	326	1
objet	2412	-190	-294	328	396	1
objet	2413	-129	-228	292	338	1
objet	2414	-186	-229	330	397	1
objet	2415	-184	-198	365	327	1
objet	2416	-18	-151	37	157	1
objet	2417	-19	-124	37	130	1
objet	2418	-36	-74	67	83	1
objet	2419	-31	-62	73	78	1
objet	2420	-33	-84	73	110	1
objet	2421	-17	-34	40	48	1
objet	2422	-21	-45	46	62	1
objet	2423	-75	-109	159	129	1
objet	2424	0	0	1	1	1
objet	2425	-86	-222	202	261	1
objet	2426	-292	-175	311	325	1
objet	2427	-80	-28	170	89	1
objet	2428	-87	-45	173	91	1
objet	2429	-87	-73	116	62	1
objet	2430	-115	-130	141	161	1
objet	2431	-42	-135	94	150	1
objet	2432	-75	-245	119	231	1
objet	2433	-71	-124	133	168	1
objet	2434	-50	-137	89	161	1
objet	2435	-37	-131	56	144	1
objet	2436	-19	-108	56	114	1
objet	2437	-72	-232	119	231	1
objet	2440	-18	-54	41	60	1
objet	2441	-22	-40	40	47	1
objet	2442	-105	-161	253	210	1
objet	2443	-117	-149	253	210	1
objet	2444	-232	-357	357	428	1
objet	2445	-127	-357	357	428	1
objet	2446	-20	-58	43	67	1
objet	2447	-41	-66	86	89	1
objet	2448	-41	-42	87	65	1
objet	2449	-18	-37	41	45	1
objet	2450	-23	-101	92	109	1
objet	2451	-23	-101	93	109	1
objet	2452	73	-320	58	75	1
objet	2453	-51	-41	102	58	1
objet	2454	-31	-230	67	169	1
objet	2455	-39	-131	68	62	1
objet	2456	-180	-266	518	349	1
objet	2457	-70	-150	269	234	1
objet	2458	-63	-158	216	177	1
objet	2459	-93	-187	151	250	1
objet	2460	-14	-19	37	31	1
objet	2461	-47	-146	249	218	1
objet	2462	-47	-146	248	219	1
objet	2463	-63	-156	215	177	1
objet	2464	-64	-157	216	177	1
objet	2465	-144	-301	529	471	1
objet	2466	-408	-311	517	481	1
objet	2467	-144	-279	521	573	1
objet	2468	-381	-306	555	487	1
objet	2469	-86	-376	535	547	1
objet	2470	-465	-381	577	553	1
objet	2471	-140	-275	613	545	1
objet	2472	-434	-291	625	549	1
objet	2473	-25	-76	80	118	1
objet	2474	-25	-45	79	87	1
objet	2475	-10	-17	64	57	1
objet	2476	-16	-17	45	30	1
objet	2477	-25	-78	79	119	1
objet	2478	-24	-46	78	87	1
objet	2479	-10	-17	64	59	1
objet	2480	-17	-15	45	29	1
objet	2481	-16	-11	30	19	1
objet	2482	-13	-11	27	20	1
objet	2483	-12	-12	29	22	1
objet	2484	-18	-50	36	58	1
objet	2485	-19	-30	34	38	1
objet	2486	-19	-41	37	51	1
objet	2487	-47	-191	166	249	1
objet	2488	-41	-183	79	204	1
objet	2489	-40	-187	158	242	1
objet	2490	-31	-70	59	85	1
objet	2491	-28	-55	49	69	1
objet	2492	-14	-14	29	22	1
objet	2493	-28	-34	56	50	1
objet	2494	-28	-34	56	50	1
objet	2495	-28	-34	56	50	1
objet	2496	-28	-34	56	50	1
objet	2497	-19	-12	37	23	1
objet	2499	-19	-12	37	23	1
objet	2500	-19	-12	37	23	1
objet	2501	-19	-12	37	23	1
objet	2502	-18	-10	37	22	1
objet	2503	-19	-12	37	23	1
objet	2504	-19	-12	37	23	1
objet	2505	-19	-12	37	23	1
objet	2506	-19	-12	37	23	1
objet	2508	-19	-12	37	23	1
objet	2509	-122	-7	137	77	1
objet	2510	-19	-28	39	39	1
objet	2511	-19	-43	38	53	1
objet	2512	-18	-55	37	64	1
objet	2513	-19	-52	38	58	1
objet	2514	-9	-50	28	61	1
objet	2515	-14	-30	27	38	1
objet	2516	-13	-26	26	34	1
objet	2517	-12	-27	26	34	1
objet	2518	-14	-28	29	36	1
objet	2519	-16	-45	32	53	1
objet	2520	-25	-56	48	67	1
objet	2521	-27	-56	49	66	1
objet	2522	-26	-57	49	66	1
objet	2523	-25	-56	49	66	1
objet	2524	-27	-56	49	66	1
objet	2525	-26	-57	49	66	1
objet	2526	-24	-57	49	66	1
objet	2527	-25	-56	49	64	1
objet	2528	-25	-56	49	66	1
objet	2529	-25	-56	49	66	1
objet	2530	-25	-56	49	66	1
objet	2531	-25	-56	49	66	1
objet	2532	-25	-56	49	66	1
objet	2533	-25	-56	49	66	1
objet	2534	-24	-56	49	66	1
objet	2535	-26	-57	49	66	1
objet	2536	-25	-56	49	66	1
objet	2537	-24	-59	49	72	1
objet	2538	-24	-59	49	72	1
objet	2539	-24	-59	49	72	1
objet	2540	-24	-59	49	72	1
objet	2541	-23	-59	49	72	1
objet	2542	-23	-58	48	71	1
objet	2543	-24	-59	49	72	1
objet	2544	-24	-58	49	72	1
objet	2545	-24	-59	49	72	1
objet	2546	-24	-59	49	72	1
objet	2547	-24	-59	49	72	1
objet	2548	-24	-59	49	72	1
objet	2549	-24	-60	49	72	1
objet	2550	-23	-59	48	72	1
objet	2551	-23	-59	49	72	1
objet	2552	-24	-59	49	72	1
objet	2553	-23	-48	48	61	1
objet	2554	-24	-48	50	61	1
objet	2555	-23	-48	48	61	1
objet	2556	-23	-48	50	61	1
objet	2557	-24	-48	50	61	1
objet	2558	-24	-48	50	61	1
objet	2559	-24	-48	50	61	1
objet	2560	-24	-48	50	61	1
objet	2561	-24	-48	50	61	1
objet	2562	-23	-48	50	61	1
objet	2563	-23	-48	50	61	1
objet	2564	-24	-60	49	72	1
objet	2565	-24	-59	50	72	1
objet	2566	-25	-59	50	72	1
objet	2567	-24	-59	50	72	1
objet	2568	-25	-59	50	72	1
objet	2569	-25	-59	50	72	1
objet	2570	-25	-59	50	72	1
objet	2571	-25	-59	50	72	1
objet	2572	-25	-59	50	72	1
objet	2573	-25	-59	50	72	1
objet	2574	-25	-59	50	72	1
objet	2575	-25	-59	50	72	1
objet	2576	-24	-59	50	72	1
objet	2577	-25	-59	50	72	1
objet	2578	-25	-59	50	72	1
objet	2579	-25	-59	50	72	1
objet	2580	-30	-50	46	57	1
objet	2581	-30	-50	46	57	1
objet	2582	-30	-51	46	58	1
objet	2583	-30	-50	46	57	1
objet	2584	-30	-51	46	58	1
objet	2585	-30	-51	46	58	1
objet	2586	-30	-51	46	58	1
objet	2587	-30	-51	46	58	1
objet	2588	-30	-51	46	58	1
objet	2589	-30	-51	46	58	1
objet	2590	-30	-51	46	58	1
objet	2591	-30	-51	46	58	1
objet	2592	-30	-51	46	58	1
objet	2593	-30	-51	46	58	1
objet	2594	-30	-51	46	58	1
objet	2595	-30	-51	46	58	1
objet	2596	-30	-51	46	58	1
objet	2597	-17	-55	61	66	1
objet	2598	-17	-61	55	71	1
objet	2599	-17	-58	50	68	1
objet	2600	-17	-58	51	69	1
objet	2601	-17	-59	51	69	1
objet	2602	-17	-57	50	68	1
objet	2603	-16	-55	49	66	1
objet	2604	-16	-53	47	63	1
objet	2605	-18	-58	53	68	1
objet	2606	-17	-57	52	67	1
objet	2607	-18	-58	54	69	1
objet	2608	-16	-52	48	63	1
objet	2609	-16	-52	47	63	1
objet	2610	-17	-53	47	63	1
objet	2611	-18	-54	50	65	1
objet	2612	-17	-53	46	62	1
objet	2613	-18	-56	51	67	1
objet	2614	-16	-52	46	62	1
objet	2615	-18	-30	35	39	1
objet	2616	-17	-43	38	53	1
objet	2617	-18	-31	35	40	1
objet	2618	-17	-43	38	53	1
objet	2619	-17	-25	34	34	1
objet	2620	-19	-42	37	52	1
objet	2621	-18	-70	35	83	1
objet	2622	-18	-33	36	44	1
objet	2623	-13	-33	37	44	1
objet	2626	0	-67	34	81	1
objet	2627	0	-83	34	97	1
objet	2628	0	-82	28	71	1
objet	2629	-55	-32	107	71	1
objet	2630	-67	-103	110	125	1
objet	2631	-65	-78	107	97	1
objet	2632	-1	-161	52	175	1
objet	2633	-16	-158	31	166	1
objet	2634	-1	-83	35	97	1
objet	2635	-1	-153	35	167	1
objet	2636	5	-34	16	25	1
objet	2637	-34	-66	49	71	1
objet	2638	-13	-43	23	48	1
objet	2639	-8	-15	18	21	1
objet	2640	-20	-75	62	90	1
objet	2641	-61	-44	142	103	1
objet	2642	-35	-147	103	180	1
objet	2643	1	-87	28	71	1
objet	2644	3	-136	42	119	1
objet	2645	3	-134	42	118	1
objet	2646	-27	-14	54	28	1
objet	2647	-27	-14	54	28	1
objet	2648	-27	-14	54	28	1
objet	2649	0	-157	159	178	1
objet	2650	-32	-168	82	185	1
objet	2651	-31	-167	81	184	1
objet	2652	-32	-168	82	184	1
objet	2653	-18	-68	39	78	1
objet	2654	-23	-212	98	237	1
objet	2655	-33	-234	115	261	1
objet	2656	-186	-300	334	385	1
objet	2657	-203	-190	383	279	1
objet	2658	-99	-316	363	387	1
objet	2659	-87	-121	363	386	1
objet	2660	-108	-319	282	373	1
objet	2661	-102	-183	282	372	1
objet	2662	-81	-188	174	230	1
objet	2663	-80	-78	174	230	1
objet	2664	-16	-26	33	33	1
objet	2665	-11	-25	22	31	1
objet	2666	-1	-132	93	148	1
objet	2667	-108	-69	239	130	1
objet	2668	-96	-67	213	121	1
objet	2669	-15	-24	31	31	1
objet	2670	-139	-498	269	553	1
objet	2671	-29	-96	31	44	1
objet	2672	0	-67	34	81	1
objet	2673	-27	-53	54	81	1
objet	2674	-34	-67	69	81	1
objet	2675	-156	-148	291	191	1
objet	2676	-34	-153	68	167	1
objet	2677	-1	-153	54	167	1
objet	2678	-13	-162	55	134	1
objet	2679	-13	-161	55	133	1
objet	2680	-29	-136	111	177	1
objet	2681	-28	-137	111	177	1
objet	2682	-2	-140	37	157	1
objet	2683	-25	-134	109	174	1
objet	2684	-1	-145	39	164	1
objet	2685	-29	-14	60	156	1
objet	2686	-30	-122	60	156	1
objet	2687	-29	-14	60	156	1
objet	2688	-30	-122	60	156	1
objet	2689	-238	-195	426	294	1
objet	2690	-262	-352	522	482	1
objet	2691	-225	-368	438	484	1
objet	2692	-117	-288	219	354	1
objet	2693	-141	-184	268	305	1
objet	2694	-224	-277	516	383	1
objet	2695	-233	-283	559	399	1
objet	2696	-123	-194	270	265	1
objet	2697	-116	-190	271	261	1
objet	2698	-205	-632	410	732	1
objet	2699	-304	-454	628	610	1
objet	2700	-262	-384	538	536	1
objet	2701	-28	-46	52	56	1
objet	2702	-274	-520	515	610	1
objet	2703	-212	-436	462	511	1
objet	2704	-155	-216	334	314	1
objet	2705	-156	-194	326	305	1
objet	2706	-22	-111	106	142	1
objet	2707	-22	-111	106	142	1
objet	2708	-22	-112	105	141	1
objet	2709	-22	-112	105	141	1
objet	2710	-95	-258	221	314	1
objet	2711	-92	-237	176	284	1
objet	2712	-83	-112	156	133	1
objet	2713	-63	-207	143	220	1
objet	2714	-100	-244	137	259	1
objet	2715	-95	-258	221	314	1
objet	2716	-92	-237	176	284	1
objet	2717	-83	-112	156	133	1
objet	2718	-63	-207	143	220	1
objet	2719	-100	-244	137	259	1
objet	2720	-20	-15	39	24	1
objet	2721	-26	-17	47	30	1
objet	2722	-27	-27	61	39	1
objet	2723	-25	-37	52	51	1
objet	2724	-19	-23	39	35	1
objet	2725	-12	-14	26	26	1
objet	2726	-34	-86	69	106	1
objet	2727	-44	-116	81	130	1
objet	2728	-41	-174	88	183	1
objet	2729	-72	-282	152	298	1
objet	2730	-27	-34	53	41	1
objet	2731	-30	-28	56	42	1
objet	2732	-40	-174	87	183	1
objet	2733	-72	-282	152	298	1
objet	2734	-54	-180	169	216	1
objet	2735	-190	-199	330	248	1
objet	2736	-139	-411	275	461	1
objet	2737	-52	-159	183	194	1
objet	2738	-127	-363	300	438	1
objet	2739	-54	-180	169	216	1
objet	2740	-190	-199	330	248	1
objet	2741	-139	-411	275	461	1
objet	2742	-52	-159	183	194	1
objet	2743	-127	-363	300	438	1
objet	2744	-20	-102	45	114	1
objet	2745	-23	-102	45	114	1
objet	2746	-23	-103	45	113	1
objet	2747	-20	-103	45	114	1
objet	2748	-23	-60	49	72	1
objet	2749	-25	-59	50	71	1
objet	2750	-24	-102	48	114	1
objet	2751	-23	-102	56	114	1
objet	2752	-30	-29	58	39	1
objet	2753	-23	-18	43	30	1
objet	2754	-32	-55	66	67	1
objet	2755	-24	-56	58	67	1
objet	2756	-26	-38	51	52	1
objet	2757	-23	-31	49	47	1
objet	2758	-30	-37	74	54	1
objet	2759	-33	-44	76	63	1
objet	2760	-34	-46	76	63	1
objet	2761	-37	-95	114	138	1
objet	2762	-53	-101	114	134	1
objet	2763	-53	-102	115	133	1
objet	2764	-39	-93	115	133	1
objet	2765	-26	-30	54	50	1
objet	2766	-22	-13	45	23	1
objet	2767	-21	-17	63	27	1
objet	2768	-21	-6	22	9	1
objet	2769	-9	-8	32	11	1
objet	2770	-20	-27	41	38	1
objet	2771	-19	-26	41	38	1
objet	2772	-25	-22	48	34	1
objet	2773	-22	-46	56	57	1
objet	2774	-25	-39	65	68	1
objet	2775	-34	-106	60	111	1
objet	2776	-31	-109	59	110	1
objet	2777	-32	-109	60	111	1
objet	2778	-32	-110	60	111	1
objet	2779	-32	-111	60	111	1
objet	2780	-31	-110	59	111	1
objet	2781	-41	-107	69	114	1
objet	2782	-42	-108	69	115	1
objet	2783	-42	-108	69	115	1
objet	2784	-43	-108	69	115	1
objet	2785	-44	-107	69	114	1
objet	2786	-43	-108	69	115	1
objet	2787	-27	-19	54	33	1
objet	2788	-27	-20	54	34	1
objet	2789	-32	-72	42	88	1
objet	2790	-31	-72	41	89	1
objet	2791	-74	-68	101	95	1
objet	2792	-13	-35	28	43	1
objet	2793	-13	-32	28	40	1
objet	2794	-9	-49	23	55	1
objet	2795	-31	-33	58	46	1
objet	2796	-67	-45	97	72	1
objet	2797	-52	-109	82	137	1
objet	2798	-64	-34	130	67	1
objet	2799	-56	-34	113	71	1
objet	2800	-31	-17	61	38	1
objet	2801	-64	-27	110	55	1
objet	2802	-47	-87	70	102	1
objet	2803	-38	-20	64	34	1
objet	2804	-296	6	443	337	1
objet	2805	-181	-174	385	257	1
objet	2806	-95	-154	181	288	1
objet	2807	-144	-234	267	291	1
objet	2808	-243	-208	442	337	1
objet	2809	-193	-142	414	353	1
objet	2810	-77	-109	179	263	1
objet	2811	-78	-93	179	237	1
objet	2812	-48	-71	95	111	1
objet	2813	-72	-42	164	311	1
objet	2814	-151	-79	305	157	1
objet	2815	-72	-39	252	267	1
objet	2816	-86	-48	170	99	1
objet	2817	-191	-149	414	354	1
objet	2818	-26	-136	98	152	1
objet	2819	-26	-136	98	150	1
objet	2820	-56	-112	118	142	1
objet	2821	-28	-144	143	158	1
objet	2822	-65	-134	86	149	1
objet	2823	0	0	1	1	1
objet	2824	-26	-101	104	115	1
objet	2825	-46	-83	71	94	1
objet	2826	-27	-119	49	132	1
objet	2827	-32	-144	62	157	1
objet	2828	-32	-45	62	58	1
objet	2829	-41	-85	79	98	1
objet	2830	-48	-48	89	74	1
objet	2831	-31	-86	65	105	1
objet	2832	-32	-84	66	105	1
objet	2833	4	-76	26	44	1
objet	2834	-21	-9	43	21	1
objet	2835	-28	-15	54	29	1
objet	2836	-33	-39	118	51	1
objet	2837	-21	-39	39	30	1
objet	2838	-32	-22	65	35	1
objet	2839	-32	-39	64	51	1
objet	2840	-37	-19	77	40	1
objet	2841	-33	-48	77	62	1
objet	2842	-24	-30	49	47	1
objet	2843	-22	-14	46	23	1
objet	2844	-26	-38	51	52	1
objet	2845	-31	-46	77	63	1
objet	2846	-33	-46	76	62	1
objet	2847	-63	-130	90	146	1
objet	2848	-44	-126	87	133	1
objet	2849	-21	-11	43	23	1
objet	2850	-107	-32	231	118	1
objet	2851	-211	-70	938	555	1
objet	2852	-14	-15	44	20	1
objet	2853	-14	-16	32	37	1
objet	2854	-30	-16	44	21	1
objet	2855	-17	-17	32	40	1
objet	2856	-13	-16	27	7	1
objet	2857	10	-16	16	21	1
objet	2858	-15	-6	30	25	1
objet	2859	-31	-16	47	38	1
objet	2860	-29	-16	59	20	1
objet	2861	-14	-17	45	36	1
objet	2862	-16	-16	31	31	1
objet	2863	-27	-16	15	24	1
objet	2864	-95	-67	196	142	1
objet	2865	-31	-37	65	46	1
objet	2866	-17	-36	29	44	1
objet	2867	-39	-28	87	74	1
objet	2868	-17	-15	44	37	1
objet	2869	-66	-47	138	100	1
objet	2870	-47	-32	91	66	1
objet	2871	-14	-13	28	19	1
objet	2872	-11	-9	28	14	1
objet	2873	-22	-132	59	150	1
objet	2874	-22	-132	59	149	1
objet	2875	-34	-132	59	150	1
objet	2876	-34	-132	59	150	1
objet	2877	-41	-109	83	138	1
objet	2878	-7	-81	50	82	1
objet	2879	-20	-71	78	83	1
objet	2880	-28	-54	77	81	1
objet	2881	-25	-49	55	64	1
objet	2882	-26	-48	55	63	1
objet	2883	-25	-49	54	64	1
objet	2884	-27	-48	55	64	1
objet	2885	-29	-49	58	64	1
objet	2886	-27	-50	55	64	1
objet	2887	-27	-50	55	64	1
objet	2888	-26	-50	54	64	1
objet	2889	-26	-81	107	108	1
objet	2890	-26	-86	107	115	1
objet	2891	-28	-97	81	112	1
objet	2892	-80	-129	176	173	1
objet	2893	-25	-119	56	133	1
objet	2894	1	-73	22	75	1
objet	2895	0	-74	24	76	1
objet	2896	-28	-32	86	59	1
objet	2897	-18	-25	44	35	1
objet	2898	-23	-22	53	33	1
objet	2899	-27	-29	54	46	1
objet	2900	-29	-17	57	35	1
objet	2901	-21	-18	40	32	1
objet	2902	-20	-10	39	19	1
objet	2903	-21	-11	44	22	1
objet	2904	-11	-9	23	16	1
objet	2905	-71	-39	143	76	1
objet	2906	-19	-81	38	75	1
objet	2907	-14	-39	56	53	1
objet	2908	-14	-40	55	53	1
objet	2909	-16	-77	57	100	1
objet	2910	-30	-138	62	153	1
objet	2911	-27	-137	54	153	1
objet	2912	-27	-138	54	153	1
objet	2913	-21	-118	42	130	1
objet	2914	-23	-118	44	130	1
objet	2915	-21	-118	42	130	1
objet	2916	-21	-118	42	130	1
objet	2917	-21	-118	41	130	1
objet	2918	-21	-118	41	130	1
objet	2919	-21	-118	41	130	1
objet	2920	-34	-55	67	74	1
objet	2921	-51	-77	84	102	1
objet	2922	-25	-77	53	92	1
objet	2923	-25	-88	53	103	1
objet	2924	-15	-15	43	23	1
objet	2925	-21	-35	39	44	1
objet	2926	-21	-35	40	44	1
objet	2927	-20	-26	57	38	1
objet	2928	-12	-16	26	25	1
objet	2929	-15	-9	30	21	1
objet	2930	-15	-10	30	23	1
objet	2931	-15	-9	30	21	1
objet	2932	-10	-6	19	13	1
objet	2933	-10	-15	21	20	1
objet	2934	-17	-13	36	22	1
objet	2935	-17	-13	36	22	1
objet	2936	-17	-13	36	22	1
objet	2937	-17	-12	36	22	1
objet	2938	-17	-13	36	22	1
objet	2939	-17	-12	36	22	1
objet	2940	-17	-12	36	22	1
objet	2941	-16	-13	36	22	1
objet	2942	-17	-13	36	22	1
objet	2943	-33	-72	69	86	1
objet	2944	-35	-105	71	121	1
objet	2945	-51	-61	79	76	1
objet	2946	-37	-135	81	149	1
objet	2947	-35	-122	79	137	1
objet	2948	-53	-71	107	86	1
objet	2949	-53	-46	107	61	1
objet	2950	-26	-50	53	66	1
objet	2951	-26	-35	53	52	1
objet	2952	-33	-81	66	88	1
objet	2953	-25	-110	57	117	1
objet	2954	-32	-126	66	132	1
objet	2955	-25	-125	57	133	1
objet	2956	-23	-47	56	54	1
objet	2957	-23	-23	49	36	1
objet	2958	-20	-15	43	24	1
objet	2959	-17	-9	31	13	1
objet	2960	-19	-19	36	30	1
objet	2961	-19	-17	37	26	1
objet	2962	-20	-30	38	42	1
objet	2963	-20	-29	38	42	1
objet	2964	-17	-31	38	42	1
objet	2965	-18	-30	38	42	1
objet	2966	-52	-183	122	210	1
objet	2967	-50	-184	121	211	1
objet	2968	-50	-181	122	210	1
objet	2969	-26	-167	83	145	1
objet	2970	-26	-166	83	114	1
objet	2971	-28	-109	56	116	1
objet	2972	-27	-109	55	100	1
objet	2973	-13	-21	34	30	1
objet	2974	-19	-15	36	25	1
objet	2975	-26	-64	27	55	1
objet	2976	-13	-109	43	129	1
objet	2977	-26	-108	42	128	1
objet	2978	-13	-108	43	128	1
objet	2979	-26	-108	42	129	1
objet	2980	-28	-119	58	126	1
objet	2981	-40	-92	83	126	1
objet	2982	-69	-176	92	138	1
objet	2983	-68	-170	91	138	1
objet	2984	-67	-173	90	137	1
objet	2985	-50	-75	68	42	1
objet	2986	2	-54	21	48	1
objet	2987	2	-53	20	42	1
objet	2988	-9	-65	35	70	1
objet	2989	-26	-37	54	51	1
objet	2990	-26	-35	54	49	1
objet	2991	-26	-37	54	51	1
objet	2992	-26	-48	54	62	1
objet	2993	-26	-35	54	49	1
objet	2994	-26	-35	55	49	1
objet	2995	-26	-35	55	49	1
objet	2996	-26	-35	55	49	1
objet	2997	-28	-38	76	51	1
objet	2998	-20	-47	64	62	1
objet	2999	-15	-8	31	13	1
objet	3000	-21	-43	40	52	1
objet	3001	3	-155	19	75	1
objet	3002	-45	-15	95	56	1
objet	3003	-57	-16	89	46	1
objet	3004	-35	-19	70	37	1
objet	3005	-36	-19	71	37	1
objet	3006	-32	-18	67	35	1
objet	3007	-57	-17	89	47	1
objet	3008	-269	-258	412	347	1
objet	3009	-108	-246	268	347	1
objet	3011	10	-53	31	57	1
objet	3012	-23	-59	37	62	1
objet	3013	-66	-44	108	71	1
objet	3014	-50	-24	80	48	1
objet	3015	-56	-27	86	51	1
objet	3016	-23	-133	76	148	1
objet	3017	-21	-87	60	105	1
objet	3018	-21	-51	44	67	1
objet	3019	-49	-68	95	90	1
objet	3020	-21	-44	51	55	1
objet	3021	-16	-45	35	53	1
objet	3022	-36	-73	78	85	1
objet	3023	-81	-105	140	133	1
objet	3024	-24	-70	53	81	1
objet	3025	-156	-47	302	68	1
objet	3026	-53	-289	164	317	1
objet	3027	-36	-78	49	95	1
objet	3028	-12	-108	42	128	1
objet	3029	-12	-108	42	128	1
objet	3030	-12	-109	42	129	1
objet	3031	-26	-108	42	129	1
objet	3032	-26	-108	42	128	1
objet	3033	-26	-108	42	129	1
objet	3034	-37	-131	57	144	1
objet	3035	-37	-131	57	144	1
objet	3036	-67	-124	81	138	1
objet	3037	-19	-131	57	144	1
objet	3038	-19	-131	57	144	1
objet	3039	-36	-63	48	82	1
objet	3040	-60	-70	63	76	1
objet	3041	-4	-72	38	68	1
objet	3042	-4	-71	38	67	1
objet	3043	-75	-146	153	188	1
objet	3044	-79	-165	156	180	1
objet	3045	-40	-114	86	126	1
objet	3046	-41	-120	86	131	1
objet	3047	-42	-119	86	132	1
objet	3048	-42	-114	86	126	1
objet	3049	-42	-113	86	126	1
objet	3050	-52	-126	109	138	1
objet	3051	-41	-120	88	131	1
objet	3052	-41	-120	88	132	1
objet	3053	-41	-119	87	132	1
objet	3054	-44	-114	91	126	1
objet	3055	-41	-120	86	131	1
objet	3056	-43	-66	86	79	1
objet	3057	-41	-45	85	57	1
objet	3058	-26	-37	53	50	1
objet	3059	-22	-72	81	87	1
objet	3060	-24	-68	81	84	1
objet	3061	-25	-70	83	87	1
objet	3062	-48	-73	87	85	1
objet	3063	-49	-73	87	86	1
objet	3064	-48	-71	86	83	1
objet	3065	-25	-35	54	46	1
objet	3066	-29	-20	57	34	1
objet	3067	-6	-33	20	29	1
objet	3068	-22	-23	52	37	1
objet	3069	-46	-43	98	59	1
objet	3070	-11	-12	21	19	1
objet	3071	-16	-20	38	28	1
objet	3072	-6	-18	37	22	1
objet	3073	-23	-25	37	24	1
objet	3074	-24	-19	37	28	1
objet	3075	-10	-18	38	29	1
objet	3076	-21	-10	38	22	1
objet	3077	-17	-22	37	22	1
objet	3078	-5	-8	20	14	1
objet	3079	10	-58	15	26	1
objet	3080	-18	-94	27	25	1
objet	3081	-17	-92	27	25	1
objet	3082	-17	-92	26	26	1
objet	3083	-17	-70	28	9	1
objet	3084	-16	-77	24	12	1
objet	3085	-293	-136	1012	447	1
objet	3086	-263	-74	521	208	1
objet	3087	-209	-218	433	263	1
objet	3088	-125	-242	167	352	1
objet	3089	-57	-30	113	59	1
objet	3090	-49	-24	76	42	1
objet	3091	-54	-194	111	223	1
objet	3093	-33	-196	59	211	1
objet	3094	-49	-188	165	246	1
objet	3095	-163	-343	357	428	1
objet	3096	-62	-151	141	186	1
objet	3097	-60	-139	132	174	1
objet	3098	-30	-62	58	80	1
objet	3099	-58	-41	92	66	1
objet	3100	-34	-96	61	114	1
objet	3101	-24	-39	52	55	1
objet	3102	-87	-258	172	300	1
objet	3103	-102	-253	136	260	1
objet	3104	-86	-101	156	133	1
objet	3105	-106	-254	221	314	1
objet	3106	-84	-244	177	284	1
objet	3107	-59	-212	143	221	1
objet	3108	-170	-341	358	428	1
objet	3109	-48	22	84	43	1
objet	3110	0	0	1	1	1
objet	3111	-46	-17	81	41	1
objet	3112	-66	-33	135	71	1
objet	3113	-170	-312	238	267	1
objet	3114	-301	-147	446	246	1
objet	3115	-57	-77	117	95	1
objet	3116	-156	-39	206	104	1
objet	3117	-53	-270	82	286	1
objet	3118	-46	-93	100	114	1
objet	3120	-28	-110	85	121	1
objet	3122	-242	-502	410	569	1
objet	3123	-92	-188	228	251	1
objet	3124	-220	-166	466	362	1
objet	3125	-194	-369	384	434	1
objet	3126	-28	-14	81	291	1
objet	3127	-28	-14	81	291	1
objet	3128	-28	-14	81	291	1
objet	3129	-53	-14	81	291	1
objet	3130	-110	-363	207	424	1
objet	3131	-53	-14	81	291	1
objet	3132	-53	-14	81	291	1
objet	3133	-30	-14	60	277	1
objet	3134	-53	-14	106	276	1
objet	3135	-25	-14	52	290	1
objet	3136	-53	-257	81	291	1
objet	3137	-53	-257	81	291	1
objet	3138	-53	-257	81	291	1
objet	3139	-28	-257	81	291	1
objet	3140	-28	-257	81	291	1
objet	3141	-28	-257	81	291	1
objet	3142	-54	-256	107	276	1
objet	3143	-24	-256	52	290	1
objet	3144	-30	-257	60	278	1
objet	3145	-29	-13	59	156	1
objet	3146	-29	-13	67	156	1
objet	3147	-29	-13	59	156	1
objet	3148	-29	-13	67	156	1
objet	3149	-29	-42	115	184	1
objet	3150	-27	-194	89	209	1
objet	3151	-68	-253	104	270	1
objet	3152	-84	-61	150	76	1
objet	3153	-65	-62	150	77	1
objet	3154	-30	-100	33	85	1
objet	3155	-2	-100	32	85	1
objet	3156	-20	-93	26	83	1
objet	3157	-1	-95	26	83	1
objet	3158	-19	-52	57	73	1
objet	3159	-174	-213	274	275	1
objet	3160	-157	-82	214	301	1
objet	3161	-14	-40	52	52	1
objet	3162	-21	-44	43	56	1
objet	3163	-23	-37	40	48	1
objet	3164	-20	-36	42	49	1
objet	3165	-29	-82	59	91	1
objet	3166	-17	-31	35	35	1
objet	3167	-27	-54	52	72	1
objet	3168	-16	-64	35	71	1
objet	3169	-21	-57	41	66	1
objet	3170	-15	-62	35	71	1
objet	3171	-18	-55	40	66	1
objet	3172	-16	-61	35	71	1
objet	3173	-19	-55	40	65	1
objet	3174	-16	-62	35	71	1
objet	3175	-19	-58	40	66	1
objet	3176	-37	-122	77	135	1
objet	3177	-26	-85	54	95	1
objet	3178	-36	-123	77	135	1
objet	3179	-26	-85	54	95	1
objet	3180	-36	-123	77	136	1
objet	3181	-26	-86	54	95	1
objet	3182	-35	-122	77	135	1
objet	3183	-25	-85	54	95	1
objet	3184	-30	-135	67	150	1
objet	3185	-24	-108	54	120	1
objet	3186	-30	-134	67	149	1
objet	3187	-24	-107	54	120	1
objet	3188	-30	-135	67	150	1
objet	3189	-24	-106	54	120	1
objet	3190	-30	-135	67	150	1
objet	3191	-23	-107	54	120	1
objet	3192	-43	-118	87	127	1
objet	3193	-29	-47	61	61	1
objet	3194	-24	-39	53	53	1
objet	3195	-17	-22	33	30	1
objet	3196	-28	-47	61	61	1
objet	3197	-23	-39	52	51	1
objet	3198	-17	-23	33	30	1
objet	3199	-29	-49	61	61	1
objet	3200	-22	-34	52	51	1
objet	3201	-16	-24	33	30	1
objet	3202	-28	-48	61	61	1
objet	3203	-24	-38	52	51	1
objet	3204	-18	-23	33	30	1
objet	3205	-29	-47	53	56	1
objet	3206	-24	-38	43	45	1
objet	3207	-32	-47	53	56	1
objet	3208	-50	-87	112	109	1
objet	3209	-29	-47	53	56	1
objet	3210	-23	-39	42	45	1
objet	3211	-30	-46	53	56	1
objet	3212	-24	-36	43	45	1
objet	3213	-29	-46	53	56	1
objet	3214	-24	-35	43	45	1
objet	3215	-27	-44	53	56	1
objet	3216	-23	-36	43	45	1
objet	3217	-47	-76	84	89	1
objet	3218	-45	-74	84	89	1
objet	3219	-47	-70	85	87	1
objet	3220	-29	-108	62	121	1
objet	3221	-30	-108	62	120	1
objet	3222	-30	-108	62	120	1
objet	3223	-29	-109	62	120	1
objet	3224	-30	-109	62	120	1
objet	3225	-23	-87	50	97	1
objet	3226	-30	-109	62	120	1
objet	3227	-23	-86	50	97	1
objet	3228	-30	-110	62	120	1
objet	3229	-22	-88	50	97	1
objet	3230	-24	-86	50	97	1
objet	3231	-24	-87	50	97	1
objet	3232	-23	-87	50	97	1
objet	3233	-23	-86	50	97	1
objet	3234	-30	-109	62	120	1
objet	3235	-23	-88	50	97	1
objet	3236	-30	-109	62	120	1
objet	3237	-15	-211	647	471	1
objet	3238	-93	-202	198	241	1
objet	3239	-63	-102	205	164	1
objet	3240	-66	-172	162	202	1
objet	3241	-128	-177	208	273	1
objet	3242	-131	-137	235	206	1
objet	3243	-150	-273	304	345	1
objet	3244	-279	-215	586	362	1
objet	3245	-181	-11	338	163	1
objet	3246	-27	-72	40	90	1
objet	3247	-44	-79	81	89	1
objet	3248	-36	-74	78	105	1
objet	3249	-49	-85	73	100	1
objet	3250	-32	-61	61	76	1
objet	3251	-31	-62	62	76	1
objet	3252	-30	-60	60	76	1
objet	3253	-29	-39	53	53	1
objet	3254	-27	-67	45	79	1
objet	3255	-36	-25	63	44	1
objet	3256	-74	-36	146	75	1
objet	3257	-83	-359	171	381	1
objet	3258	-100	-377	156	393	1
objet	3259	-20	-24	40	36	1
objet	3260	-20	-25	40	36	1
objet	3261	-20	-25	40	36	1
objet	3262	-20	-20	40	31	1
objet	3263	-20	-19	40	31	1
objet	3264	-20	-20	40	31	1
objet	3265	-20	-15	40	27	1
objet	3266	-20	-15	40	27	1
objet	3267	-20	-16	40	27	1
objet	3268	-20	-15	40	26	1
objet	3269	-20	-15	40	26	1
objet	3270	-20	-15	40	26	1
objet	3271	-23	-9	46	18	1
objet	3272	-23	-28	34	37	1
objet	3273	-22	-12	44	23	1
objet	3274	-18	-9	36	19	1
objet	3275	-21	-5	42	10	1
objet	3276	-36	-15	72	31	1
objet	3277	-91	-22	145	217	1
objet	3278	-45	-19	94	257	1
objet	3279	-93	-31	160	215	1
objet	3280	-37	-27	92	175	1
objet	3281	-40	-17	80	75	1
objet	3282	-53	-125	110	99	1
objet	3283	-16	-81	34	39	1
objet	3284	-23	-4	46	9	1
objet	3285	-30	-143	62	162	1
objet	3286	-58	-118	120	146	1
objet	3287	-17	-16	33	27	1
objet	3288	-18	-16	32	26	1
objet	3289	-17	-15	33	27	1
objet	3290	-26	-134	53	149	1
objet	3291	-12	-20	33	33	1
objet	3292	-20	-23	34	34	1
objet	3293	-20	-48	38	58	1
objet	3294	-24	-22	48	36	1
objet	3295	-21	-48	38	59	1
objet	3296	-20	-47	39	58	1
objet	3297	-19	-48	39	61	1
objet	3298	-21	-48	39	60	1
objet	3299	-20	-47	38	60	1
objet	3300	-21	-48	39	58	1
objet	3301	-21	-48	39	58	1
objet	3302	-22	-48	38	58	1
objet	3303	-18	-17	37	30	1
objet	3304	-16	-18	36	31	1
objet	3305	-15	-17	36	31	1
objet	3306	-22	-22	48	38	1
objet	3307	-23	-23	48	38	1
objet	3308	-23	-22	47	37	1
objet	3309	-47	-45	123	67	1
objet	3310	-41	-17	62	42	1
objet	3311	-36	-17	65	56	1
objet	3312	-31	-147	62	164	1
objet	3313	-30	-135	62	154	1
objet	3314	0	0	1	1	1
objet	3315	-26	-15	54	76	1
objet	3316	-26	-14	55	75	1
objet	3317	-26	-15	54	76	1
objet	3318	-13	-9	25	16	1
objet	3319	-13	-9	25	16	1
objet	3321	-29	-27	55	64	1
objet	3322	-56	-116	112	148	1
objet	3323	-25	-137	55	153	1
objet	3324	11	-34	15	45	1
objet	3327	-8	-43	36	45	1
objet	3328	-28	-23	54	78	1
objet	3329	-26	-20	52	49	1
objet	3330	-33	-68	68	58	1
objet	3331	-71	-30	143	57	1
objet	3332	-60	-128	114	147	1
objet	3333	-64	-112	121	156	1
objet	3334	-19	-12	37	23	1
objet	3335	-128	-70	280	168	1
objet	3336	-72	-37	187	96	1
objet	3337	-71	6	144	111	1
objet	3338	-74	-44	132	91	1
objet	3339	-164	-87	224	152	1
objet	3340	-81	-128	167	181	1
objet	3341	-81	-200	164	263	1
objet	3342	-97	-161	197	219	1
objet	3343	-51	-72	103	100	1
objet	3344	-56	-131	118	166	1
objet	3345	-52	-206	108	238	1
objet	3346	-37	-50	77	71	1
objet	3347	-53	-18	107	59	1
objet	3348	-42	-18	81	58	1
objet	3349	-91	-15	130	56	1
objet	3350	-47	-44	147	86	1
objet	3351	-41	-34	79	68	1
objet	3352	-46	-71	132	160	1
objet	3353	-131	-91	225	173	1
objet	3354	-133	-67	225	150	1
objet	3355	-104	-65	213	116	1
objet	3356	-61	-41	122	91	1
objet	3357	-29	-33	42	40	1
objet	3358	-15	-22	36	61	1
objet	3359	-34	-9	64	66	1
objet	3360	-66	-37	121	95	1
objet	3361	-145	-74	309	158	1
objet	3362	-149	-72	309	158	1
objet	3363	-85	-40	167	84	1
objet	3364	-81	-39	167	84	1
objet	3365	-84	-102	163	211	1
objet	3366	-27	-96	51	107	1
objet	3368	-31	-55	51	65	1
objet	3369	-27	-71	55	84	1
objet	3370	-57	-82	104	100	1
objet	3371	-49	-115	99	137	1
objet	3372	-50	-106	99	133	1
objet	3375	-22	-303	45	312	1
objet	3376	-24	-218	47	201	1
objet	3377	-42	-207	63	176	1
objet	3378	-115	-379	169	475	1
objet	3379	-81	-616	155	669	1
objet	3380	-6	-2	10	5	1
objet	3381	-3	-1	7	3	1
objet	3382	-8	-4	17	8	1
objet	3383	-52	-84	96	103	1
objet	3384	-25	-35	57	38	1
objet	3385	-33	-34	57	38	1
objet	3386	-10	-100	63	120	1
objet	3387	-9	-99	62	120	1
objet	3388	-10	-100	63	120	1
objet	3389	-14	-99	63	120	1
objet	3390	-22	-92	46	107	1
objet	3391	-49	-97	66	121	1
objet	3392	-46	-71	129	131	1
objet	3393	-14	-8	25	12	1
objet	3394	-49	-72	100	326	1
objet	3395	-127	-6	288	376	1
objet	3396	-28	-6	53	120	1
objet	3397	-30	-6	65	212	1
objet	3398	-19	-31	32	38	1
objet	3399	-27	-72	56	87	1
objet	3400	-22	-51	47	63	1
objet	3401	-24	-77	53	91	1
objet	3402	-22	-49	47	62	1
objet	3403	-28	-68	56	85	1
objet	3404	-24	-76	52	90	1
objet	3405	-26	-72	56	87	1
objet	3406	-22	-47	47	63	1
objet	3407	-25	-74	53	91	1
objet	3408	-22	-47	47	63	1
objet	3409	-27	-70	56	86	1
objet	3410	-25	-77	53	91	1
objet	3411	-37	-117	79	138	1
objet	3412	-39	-116	79	134	1
objet	3413	-39	-119	79	137	1
objet	3414	-39	-114	80	135	1
objet	3415	-77	-263	172	298	1
objet	3416	-41	-110	84	133	1
objet	3417	-16	-31	36	44	1
objet	3418	-16	-31	31	38	1
objet	3419	-13	-25	32	35	1
objet	3420	-13	-26	33	36	1
objet	3421	-12	-24	34	33	1
objet	3422	-23	-15	44	25	1
objet	3423	-19	-11	50	21	1
objet	3424	-16	-21	36	29	1
objet	3425	-22	-24	48	38	1
objet	3426	-112	-43	201	124	1
objet	3427	-97	-169	197	219	1
objet	3428	-47	-86	216	128	1
objet	3432	-91	-52	183	103	1
objet	3433	-52	-17	72	44	1
objet	3434	-38	-76	78	105	1
objet	3435	-24	-168	138	183	1
objet	3436	-114	-233	243	247	1
objet	3437	-73	-174	173	184	1
objet	3438	-26	-253	51	285	1
objet	3439	-22	-253	51	284	1
objet	3440	-166	-225	185	235	1
objet	3441	-15	-228	185	235	1
objet	3442	-20	-53	57	67	1
objet	3443	-21	-32	57	46	1
objet	3444	-22	-68	57	81	1
objet	3445	-48	-118	120	134	1
objet	3446	-23	-79	127	133	1
objet	3447	-24	-82	137	140	1
objet	3448	-24	-83	137	141	1
objet	3449	-24	-108	137	165	1
objet	3450	-25	-88	136	146	1
objet	3451	-24	-97	137	154	1
objet	3452	-9	-207	29	224	1
objet	3453	-20	-238	57	215	1
objet	3454	-5	-219	30	209	1
objet	3455	-6	-246	30	223	1
objet	3456	-4	-218	29	209	1
objet	3457	-29	-220	40	208	1
objet	3458	-400	-338	923	540	1
objet	3460	-231	-109	523	310	1
objet	3461	-16	-21	39	31	1
objet	3462	-401	-335	919	534	1
objet	3463	-14	-152	185	235	1
objet	3464	-180	-112	530	300	1
objet	3465	0	0	1	1	1
objet	3466	-21	-65	58	81	1
objet	3467	-52	-123	125	139	1
objet	3468	-21	-30	57	46	1
objet	3469	-22	-52	58	67	1
objet	3470	-12	-17	32	26	1
objet	3471	-84	-38	161	83	1
objet	3472	-41	-33	95	59	1
objet	3473	-39	-19	80	41	1
objet	3474	-81	-39	162	83	1
objet	3475	-42	-30	95	59	1
objet	3476	-34	-21	80	41	1
objet	3477	-55	-40	113	82	1
objet	3478	-33	-23	66	47	1
objet	3479	-29	-20	55	41	1
objet	3480	-31	-7	65	17	1
objet	3481	0	0	1	1	1
objet	3482	-59	-14	114	30	1
objet	3483	-100	-25	218	56	1
objet	3484	-51	-72	102	87	1
objet	3485	-27	-54	54	69	1
objet	3486	-28	-54	55	69	1
objet	3487	-28	-54	55	69	1
objet	3488	-27	-51	54	66	1
objet	3489	-50	-70	102	86	1
objet	3490	-25	-51	49	65	1
objet	3491	-20	-27	34	38	1
objet	3492	-47	-50	61	78	1
objet	3493	-47	-50	61	78	1
objet	3494	-10	-239	22	113	1
objet	3495	-20	-239	48	120	1
objet	3496	-10	-318	23	191	1
objet	3497	-25	-302	57	225	1
objet	3498	-7	-12	16	17	1
objet	3499	-7	-15	16	20	1
objet	3500	-10	-21	23	27	1
objet	3501	-53	-138	112	130	1
objet	3502	-47	28	112	130	1
objet	3503	-13	-36	38	53	1
objet	3504	-19	-57	62	82	1
objet	3505	-25	-18	54	36	1
objet	3506	-26	-20	54	38	1
objet	3507	-25	-16	54	38	1
objet	3508	-26	-19	55	39	1
objet	3509	-39	-106	122	127	1
objet	3510	-52	-12	102	87	1
objet	3511	-49	-10	102	86	1
objet	3512	-18	-138	40	149	1
objet	3513	-19	-138	40	149	1
objet	3514	-44	-120	94	140	1
objet	3515	-26	-137	54	154	1
objet	3516	-26	-138	54	153	1
objet	3517	-42	-123	84	131	1
objet	3518	-33	-33	42	52	1
objet	3519	-14	-95	68	61	1
objet	3520	-37	-17	73	37	1
objet	3521	-167	-87	334	177	1
objet	3522	-170	-86	342	171	1
objet	3523	-11	-21	24	30	1
objet	3524	-28	-39	111	81	1
objet	3525	-27	-38	65	54	1
objet	3526	26	-18	27	34	1
objet	3527	-13	-30	54	39	1
objet	3528	-20	-11	40	18	1
objet	3529	-16	-17	35	32	1
objet	3530	-16	-20	34	32	1
objet	3531	-22	-29	45	41	1
objet	3532	-51	-83	84	93	1
objet	3533	-34	-73	71	89	1
objet	3534	-31	-66	69	83	1
objet	3535	-47	-22	101	53	1
objet	3536	-55	-20	101	53	1
objet	3537	-21	-34	61	50	1
objet	3538	-19	-31	60	48	1
objet	3539	-20	-32	60	47	1
objet	3540	-26	-34	62	48	1
objet	3541	-23	-41	56	54	1
objet	3542	-22	-39	46	55	1
objet	3543	-17	-48	46	66	1
objet	3544	-25	-38	54	56	1
objet	3545	-25	-32	54	50	1
objet	3546	-25	-32	54	50	1
objet	3547	-25	-32	54	50	1
objet	3548	-25	-16	54	34	1
objet	3549	-25	-22	54	40	1
objet	3550	-32	-82	79	106	1
objet	3551	-11	-5	23	14	1
objet	3552	-14	-16	31	24	1
objet	3553	-15	-15	32	24	1
objet	3554	-10	-19	28	27	1
objet	3555	-11	-29	30	36	1
objet	3556	-12	-24	30	31	1
objet	3557	-22	-28	50	39	1
objet	3558	-22	-28	50	39	1
objet	3559	-33	-41	58	51	1
objet	3560	-30	-41	57	51	1
objet	3561	-29	-41	68	53	1
objet	3562	-30	-37	68	53	1
objet	3563	-12	-26	29	33	1
objet	3564	-59	-32	99	54	1
objet	3565	-65	-35	104	54	1
objet	3566	-59	-28	97	48	1
objet	3567	-66	-32	105	55	1
objet	3568	-87	-138	193	148	1
objet	3569	-64	-28	154	85	1
objet	3570	-214	-691	669	732	1
objet	3571	-634	-477	669	732	1
objet	3572	-152	-509	319	552	1
objet	3573	-31	-81	79	107	1
objet	3574	-25	-55	48	71	1
objet	3575	-60	-136	133	179	1
objet	3576	-452	-692	669	732	1
objet	3577	-32	-470	674	732	1
objet	3578	-17	-493	319	552	1
objet	3579	-57	-23	127	62	1
objet	3580	-39	-31	182	99	1
objet	3581	-121	-196	484	250	1
objet	3582	19	-187	322	159	1
objet	3583	-64	-167	363	199	1
objet	3584	25	-217	354	177	1
objet	3585	60	-234	354	180	1
objet	3586	0	0	1	1	1
objet	3587	-27	-136	54	153	1
objet	3588	-27	-137	54	154	1
objet	3589	-27	-136	54	153	1
objet	3590	-28	-53	54	70	1
objet	3591	-27	-51	55	65	1
objet	3592	-28	-55	55	69	1
objet	3593	-28	-55	55	69	1
objet	3594	-28	-26	55	38	1
objet	3595	-27	-26	55	38	1
objet	3596	-27	-25	55	38	1
objet	3597	-28	-23	55	35	1
objet	3598	-18	-138	74	171	1
objet	3599	-44	-137	83	181	1
objet	3600	-42	-125	85	132	1
objet	3601	-36	-103	61	101	1
objet	3602	-12	-81	37	32	1
objet	3603	-24	-301	54	223	1
objet	3604	-42	-125	89	104	1
objet	3605	-44	-120	93	141	1
objet	3606	-13	-96	68	73	1
objet	3607	-16	-105	69	83	1
objet	3608	-41	-105	123	127	1
objet	3609	-50	-45	102	87	1
objet	3610	-165	-87	333	177	1
objet	3611	-170	-85	342	172	1
objet	3612	-106	-108	141	125	1
objet	3613	-56	-81	93	101	1
objet	3614	-27	-61	68	81	1
objet	3615	-18	-139	39	149	1
objet	3616	-40	-104	123	126	1
objet	3617	-21	-144	55	223	1
objet	3618	-42	-109	69	83	1
objet	3619	-55	-103	96	142	1
objet	3620	-37	-100	68	73	1
objet	3621	-209	-124	446	249	1
objet	3623	-44	55	91	106	1
objet	3624	-52	-153	108	126	1
objet	3625	-142	-124	358	193	1
objet	3626	-39	-28	79	42	1
objet	3627	-29	-180	149	196	1
objet	3628	-29	-166	149	181	1
objet	3629	-21	-97	45	91	1
objet	3631	-52	-203	385	347	1
objet	3632	-98	-223	433	367	1
objet	3633	0	0	1	1	1
objet	3634	-23	-57	83	77	1
objet	3635	-47	-77	76	106	1
objet	3636	-28	-19	59	56	1
objet	3637	-139	-186	327	239	1
objet	3638	-15	-51	31	61	1
objet	3639	-16	-52	27	61	1
objet	3640	-60	-151	113	172	1
objet	3641	-83	-161	194	183	1
objet	3642	-82	-134	186	154	1
objet	3643	-44	-81	93	95	1
objet	3644	-38	-95	81	114	1
objet	3645	-88	-106	132	124	1
objet	3646	-42	-87	81	108	1
objet	3647	-49	-164	117	182	1
objet	3648	-65	-159	124	176	1
objet	3649	-32	-98	82	117	1
objet	3650	-39	-64	83	90	1
objet	3651	-39	-48	82	70	1
objet	3652	-37	-85	75	106	1
objet	3653	0	0	1	1	1
objet	3654	-36	-93	119	90	1
objet	3655	-163	-91	365	179	1
objet	3656	-21	-53	36	63	1
objet	3657	-12	-49	18	54	1
objet	3658	-88	-198	189	244	1
objet	3659	-197	-22	411	654	1
objet	3660	-152	-16	313	497	1
objet	3661	-329	-26	698	1111	1
objet	3662	-88	-11	184	295	1
objet	3663	0	0	1	1	1
objet	3664	-54	-21	90	153	1
objet	3665	0	0	1	1	1
objet	3666	0	0	1	1	1
objet	3667	0	0	1	1	1
objet	3668	0	0	1	1	1
objet	3669	0	0	1	1	1
objet	3670	-185	-231	455	911	1
objet	3671	-10	-201	38	223	1
objet	3672	-10	-203	38	224	1
objet	3673	-178	-213	560	885	1
objet	3674	-36	-41	61	54	1
objet	3675	-43	-211	52	217	1
objet	3676	-19	-56	41	64	1
objet	3677	-63	-57	93	73	1
objet	3678	-156	-208	470	880	1
objet	3679	-28	-162	25	61	1
objet	3680	-48	-54	131	73	1
objet	3681	-171	-315	421	993	1
objet	3682	-74	-166	118	180	1
objet	3683	-168	-361	476	1031	1
objet	3684	-160	-176	396	843	1
objet	3685	-165	-263	383	948	1
objet	3686	-160	-190	399	861	1
objet	3687	-157	-249	536	914	1
objet	3688	-164	-311	383	986	1
objet	3689	-161	-222	486	900	1
objet	3690	-152	-242	412	916	1
objet	3691	-41	-27	365	179	1
objet	3692	8	-65	18	74	1
objet	3693	-7	-39	34	74	1
objet	3694	-120	-72	250	132	1
objet	3695	-53	-103	106	205	1
objet	3696	-27	-80	60	95	1
objet	3697	-20	-59	44	71	1
objet	3698	-26	-64	55	75	1
objet	3699	-33	-79	62	91	1
objet	3700	-47	-124	113	144	1
objet	3701	-31	-75	71	91	1
objet	3702	-72	-96	124	113	1
objet	3703	-46	-61	76	68	1
objet	3704	-60	-158	142	180	1
objet	3705	-42	-178	95	191	1
objet	3706	-25	-108	58	118	1
objet	3707	-30	-135	56	152	1
objet	3708	-18	-84	35	95	1
objet	3709	-21	-27	37	37	1
objet	3710	-30	-38	57	56	1
objet	3711	-13	-14	29	20	1
objet	3712	-36	-50	80	68	1
objet	3713	-38	-49	80	68	1
objet	3714	-37	-51	80	68	1
objet	3715	-36	-28	70	41	1
objet	3716	-33	-29	70	41	1
objet	3717	-32	-28	70	41	1
objet	3718	-34	-17	68	30	1
objet	3719	-36	-20	68	30	1
objet	3720	-30	-20	68	30	1
objet	3721	-102	-167	176	188	1
objet	3722	-67	-77	135	95	1
objet	3723	-111	-114	209	155	1
objet	3724	-42	-42	157	66	1
objet	3725	-142	-172	226	205	1
objet	3726	-394	-570	714	634	1
objet	3727	-556	-376	706	421	1
objet	3728	-30	-140	66	155	1
objet	3729	-32	-141	66	155	1
objet	3730	-248	-356	424	487	1
objet	3731	-87	-172	317	215	1
objet	3732	-41	-201	168	224	1
objet	3733	-87	-200	106	219	1
objet	3734	-28	-59	71	87	1
objet	3735	-170	-72	420	215	1
objet	3736	-34	-118	37	144	1
objet	3737	-28	-103	55	142	1
objet	3738	-31	-94	33	120	1
objet	3739	-144	-46	287	101	1
objet	3740	-139	-44	246	94	1
objet	3741	-75	-131	158	160	1
objet	3742	-31	-62	67	74	1
objet	3743	-94	-78	192	112	1
objet	3744	-78	-84	152	133	1
objet	3745	-159	-36	305	122	1
objet	3746	-115	-36	257	122	1
objet	3747	-70	-114	132	150	1
objet	3748	-103	-163	195	223	1
objet	3749	-107	-109	227	151	1
objet	3750	-62	-66	134	90	1
objet	3751	-32	-24	69	43	1
objet	3752	-41	-38	85	54	1
objet	3753	-22	-23	41	27	1
objet	3754	-34	-71	66	88	1
objet	3755	-31	-68	66	88	1
objet	3756	-39	-34	77	49	1
objet	3757	-30	-23	55	42	1
objet	3758	-24	-33	50	47	1
objet	3759	-13	-10	26	20	1
objet	3760	-35	-51	69	65	1
objet	3761	-28	-29	65	44	1
objet	3762	-18	-17	32	30	1
objet	3763	-56	-35	134	76	1
objet	3764	-33	-21	71	42	1
objet	3765	-66	-36	132	75	1
objet	3766	-37	-25	81	47	1
objet	3767	-35	-20	81	47	1
objet	3768	-64	-39	132	84	1
objet	3769	-65	-37	132	75	1
objet	3770	-77	-173	147	205	1
objet	3771	-57	-125	108	151	1
objet	3772	-122	-271	230	323	1
objet	3773	-40	-107	170	162	1
objet	3774	-81	-130	210	173	1
objet	3775	-46	-39	71	67	1
objet	3776	-24	-45	48	63	1
objet	3777	-33	-82	64	92	1
objet	3778	-100	-89	192	112	1
objet	3779	-86	-80	174	113	1
objet	3780	-38	-77	76	94	1
objet	3781	-34	-117	74	129	1
objet	3782	-20	-25	33	35	1
objet	3783	-21	-37	39	47	1
objet	3784	-20	-26	39	39	1
objet	3785	-13	-19	25	26	1
objet	3786	-17	-29	31	40	1
objet	3787	-16	-23	30	35	1
objet	3788	-17	-26	35	38	1
objet	3789	-23	-38	41	51	1
objet	3790	-21	-26	39	39	1
objet	3791	-14	-20	26	29	1
objet	3792	-17	-31	34	40	1
objet	3793	-19	-26	34	35	1
objet	3794	-172	-351	538	498	1
objet	3799	-82	-221	197	280	1
objet	3800	-93	-119	170	145	1
objet	3801	-58	-101	125	123	1
objet	3802	-52	-109	167	135	1
objet	3803	-60	-77	93	97	1
objet	3804	-39	-65	69	90	1
objet	3805	-115	-24	286	185	1
objet	3806	-29	-53	48	70	1
objet	3807	-19	-38	36	53	1
objet	3808	-21	-37	42	52	1
objet	3809	-84	-9	179	171	1
objet	3810	-25	-44	48	63	1
objet	3811	-101	-33	224	275	1
objet	3812	-35	-57	60	78	1
objet	3813	-80	-29	153	64	1
objet	3814	-188	-24	383	259	1
objet	3815	-69	-36	134	72	1
objet	3816	-59	-29	119	58	1
objet	3817	-155	-7	240	225	1
objet	3818	-57	-23	129	48	1
objet	3819	-205	-13	306	195	1
objet	3820	-110	-236	211	301	1
objet	3821	-218	-15	517	331	1
objet	3822	-95	-75	192	112	1
objet	3823	-78	-73	173	114	1
objet	3824	-34	-43	77	58	1
objet	3825	-57	-38	127	66	1
objet	3826	-38	-33	83	39	1
objet	3827	-49	-29	105	36	1
objet	3828	-37	-64	79	111	1
objet	3829	-56	-40	124	92	1
objet	3830	-31	-35	127	69	1
objet	3831	-31	-12	40	39	1
objet	3832	-4	-21	10	28	1
objet	3833	-118	-227	242	300	1
objet	3834	-204	-118	384	259	1
objet	3835	-22	-44	44	80	1
objet	3836	-50	-3	91	47	1
objet	3837	-27	-8	138	122	1
objet	3838	-19	-4	85	61	1
objet	3839	-108	-192	221	265	1
objet	3840	-213	-404	411	654	1
objet	3841	-132	-349	267	365	1
objet	3842	-86	-345	644	600	1
objet	3843	-79	-111	693	413	1
objet	3844	171	-319	446	486	1
objet	3845	-388	-194	575	370	1
objet	3846	-426	-280	503	325	1
objet	3847	-327	-325	582	373	1
objet	3848	-34	-255	104	270	1
objet	3849	-62	-194	90	209	1
objet	3850	-25	-194	89	209	1
objet	3851	-69	-255	104	270	1
objet	3852	-22	-207	59	219	1
objet	3853	-31	-397	60	411	1
objet	3854	-43	-332	67	353	1
objet	3855	-153	-226	301	242	1
objet	3856	-71	-138	123	164	1
objet	3857	-162	-37	306	120	1
objet	3858	-162	-35	306	120	1
objet	3859	-47	-41	95	60	1
objet	3860	-162	-32	306	120	1
objet	3861	-11	-137	45	116	1
objet	3862	-28	-110	57	68	1
objet	3863	-26	-111	52	126	1
objet	3864	-26	-109	50	123	1
objet	3865	-25	-113	53	126	1
objet	3866	-24	-110	52	124	1
objet	3867	-22	-155	45	168	1
objet	3868	-28	-123	55	138	1
objet	3869	-221	-189	305	154	1
objet	3870	-45	-134	92	160	1
objet	3871	-115	-150	244	214	1
objet	3872	-77	1	181	163	1
objet	3873	-83	-65	166	95	1
objet	3874	-34	-49	144	148	1
objet	3875	-98	-208	213	431	1
objet	3876	-68	-219	147	257	1
objet	3877	-29	-144	239	218	1
objet	3878	-25	-47	52	59	1
objet	3879	-99	-145	213	431	1
objet	3880	-97	-185	212	431	1
objet	3881	-93	-130	211	192	1
objet	3882	-78	-140	105	155	1
objet	3883	-58	-92	108	143	1
objet	3884	-126	-348	291	410	1
objet	3885	-115	-117	320	200	1
objet	3886	-149	-107	254	226	1
objet	3888	-26	0	30	16	1
objet	3889	-90	-141	117	159	1
objet	3890	-85	-146	112	162	1
objet	3891	-18	-61	39	75	1
objet	3892	-43	-130	111	148	1
objet	3893	-78	-229	162	255	1
objet	3894	-80	-183	157	197	1
objet	3895	-158	-340	356	424	1
objet	3896	-47	-39	97	82	1
objet	3897	-29	-113	56	124	1
objet	3898	-19	-50	39	62	1
objet	3899	-48	-128	91	140	1
objet	3900	-51	-185	129	201	1
objet	3901	-54	-223	111	240	1
objet	3902	-94	-297	171	320	1
objet	3903	-19	-51	39	62	1
objet	3904	-48	-123	91	140	1
objet	3905	-53	-182	129	200	1
objet	3906	-53	-224	111	239	1
objet	3907	-95	-300	171	320	1
objet	3908	-19	-52	39	62	1
objet	3909	-48	-127	91	140	1
objet	3910	-53	-186	129	201	1
objet	3911	-53	-224	111	239	1
objet	3912	-95	-302	171	320	1
objet	3913	-101	-586	193	609	1
objet	3914	-98	-589	193	609	1
objet	3915	-160	-907	299	943	1
objet	3916	-89	-550	185	568	1
objet	3917	-89	-551	185	569	1
objet	3918	-144	-709	294	740	1
objet	3919	-69	-118	135	130	1
objet	3920	-67	-118	135	130	1
objet	3921	-68	-118	135	130	1
objet	3922	-69	-118	139	130	1
objet	3923	-70	-116	139	130	1
objet	3924	-71	-118	139	130	1
objet	3925	-44	-55	88	79	1
objet	3926	-46	-55	89	80	1
objet	3927	-45	-56	88	79	1
objet	3928	-46	-68	97	100	1
objet	3929	-49	-69	98	100	1
objet	3930	-48	-66	92	100	1
objet	3931	-52	-108	92	124	1
objet	3932	-40	-108	94	123	1
objet	3933	-51	-106	90	122	1
objet	3934	-38	-108	92	123	1
objet	3935	-52	-111	92	123	1
objet	3936	-36	-108	92	123	1
objet	3937	-47	-107	86	123	1
objet	3938	-40	-106	94	123	1
objet	3939	-64	-112	124	136	1
objet	3940	-33	-108	71	128	1
objet	3941	-48	-151	80	169	1
objet	3942	-92	-141	172	156	1
objet	3943	-64	-115	124	135	1
objet	3944	-41	-108	71	128	1
objet	3945	-32	-158	80	169	1
objet	3946	-86	-133	172	149	1
objet	3947	-64	-118	124	135	1
objet	3948	-33	-112	71	128	1
objet	3949	-28	-156	80	169	1
objet	3950	-83	-133	172	149	1
objet	3951	-22	-53	38	59	1
objet	3952	-25	-88	47	97	1
objet	3953	-30	-81	60	91	1
objet	3954	-16	-30	39	40	1
objet	3955	-27	-97	59	109	1
objet	3956	-41	-152	89	165	1
objet	3957	-20	-47	35	56	1
objet	3958	-37	-88	64	104	1
objet	3959	-12	-8	23	13	1
objet	3960	-10	-8	22	13	1
objet	3961	-15	-11	33	19	1
objet	3962	-16	-9	33	19	1
objet	3963	-22	-51	51	59	1
objet	3964	-19	-17	39	28	1
objet	3965	-19	-19	39	29	1
objet	3966	-21	-18	39	28	1
objet	3967	-18	-18	39	29	1
objet	3968	-17	-20	35	29	1
objet	3969	-14	-20	35	30	1
objet	3970	-18	-20	35	29	1
objet	3971	-13	-20	35	29	1
objet	3972	-17	-23	35	32	1
objet	3973	-105	-646	317	661	1
objet	3974	-23	-168	126	239	1
objet	3975	-23	-168	126	239	1
objet	3976	-106	-188	207	220	1
objet	3977	-105	-189	206	220	1
objet	3978	-18	-30	72	44	1
objet	3979	-7	-18	17	24	1
objet	3980	-77	-180	154	196	1
objet	3981	-72	-174	151	186	1
objet	3982	-96	-171	174	186	1
objet	3983	-80	-179	154	196	1
objet	3984	-90	-176	174	186	1
objet	3985	-81	-169	174	186	1
objet	3986	-54	-156	115	174	1
objet	3987	-95	-223	182	243	1
objet	3988	-96	-227	182	243	1
objet	3989	-55	-158	115	174	1
objet	3990	-112	-278	129	292	1
objet	3991	-129	-301	158	311	1
objet	3992	-136	-319	175	323	1
objet	3993	-213	-80	411	164	1
objet	3994	-223	-72	411	164	1
objet	3995	-228	-71	411	164	1
objet	3996	-104	-40	205	83	1
objet	3997	-62	-39	121	68	1
objet	3998	-46	-27	85	44	1
objet	3999	-57	-38	107	62	1
objet	4000	-83	-73	182	136	1
objet	4001	-38	-136	64	145	1
objet	4002	-47	-55	88	80	1
objet	4003	-19	-44	41	58	1
objet	4004	-18	-38	38	48	1
objet	4005	-18	-43	44	51	1
objet	4006	-15	-26	36	39	1
objet	4007	-18	-188	42	202	1
objet	4008	-17	-185	41	199	1
objet	4009	-18	-187	42	198	1
objet	4010	-13	-22	26	31	1
objet	4011	-13	-19	27	31	1
objet	4012	-13	-21	27	31	1
objet	4013	-12	-24	26	31	1
objet	4014	-14	-22	27	31	1
objet	4015	-12	-26	48	36	1
objet	4016	-28	-25	62	41	1
objet	4017	-15	-20	41	29	1
objet	4018	-19	-22	42	29	1
objet	4019	-17	-19	41	29	1
objet	4020	-19	-19	41	28	1
objet	4021	-17	-19	42	28	1
objet	4022	-12	-106	23	116	1
objet	4023	-12	-108	23	115	1
objet	4024	-9	-103	22	115	1
objet	4025	-17	-44	46	56	1
objet	4026	-20	-45	47	55	1
objet	4027	-19	-44	49	57	1
objet	4028	-18	-43	48	57	1
objet	4029	-25	-12	79	33	1
objet	4030	-27	-13	79	33	1
objet	4031	-19	-11	78	32	1
objet	4032	-21	-14	81	33	1
objet	4033	-59	-65	106	77	1
objet	4034	-56	-66	106	77	1
objet	4035	-55	-68	106	77	1
objet	4036	-64	-67	106	79	1
objet	4037	-60	-69	106	78	1
objet	4038	-57	-65	106	79	1
objet	4039	-63	-60	106	76	1
objet	4040	-64	-65	106	77	1
objet	4041	-63	-64	106	76	1
objet	4042	-58	-69	106	84	1
objet	4043	-60	-70	106	85	1
objet	4044	-59	-75	106	85	1
objet	4045	-29	-174	86	188	1
objet	4046	-31	-174	89	188	1
objet	4047	-31	-175	86	188	1
objet	4048	-57	-174	88	188	1
objet	4049	-81	-145	161	164	1
objet	4050	0	0	1	1	1
objet	4051	-54	-65	110	81	1
objet	4052	-54	-66	109	81	1
objet	4053	-54	-65	109	81	1
objet	4054	-25	-27	46	37	1
objet	4056	-50	-225	298	277	1
objet	4057	-26	-22	194	119	1
objet	4058	-47	-50	93	69	1
objet	4059	-21	-52	43	65	1
objet	4060	-26	-378	145	400	1
objet	4061	-150	-441	180	471	1
objet	4062	-7	-245	22	248	1
objet	4063	-135	-430	292	436	1
objet	4064	-132	-61	258	125	1
objet	4065	-61	-175	291	272	1
objet	4066	-73	-37	109	59	1
objet	4067	-22	-45	45	60	1
objet	4068	-62	-40	117	72	1
objet	4069	-31	-139	110	154	1
objet	4070	-32	-136	110	154	1
objet	4071	-135	-143	210	180	1
objet	4072	0	0	1	1	1
objet	4073	-125	-474	269	487	1
objet	4074	-218	-434	452	472	1
objet	4075	-188	-395	392	405	1
objet	4076	-13	-21	26	30	1
objet	4077	-21	-147	121	192	1
objet	4078	-71	-19	141	35	1
objet	4079	-74	-16	140	34	1
objet	4080	-159	-324	286	389	1
objet	4081	-69	-115	130	131	1
objet	4082	-85	-159	183	183	1
objet	4083	-88	-162	183	183	1
objet	4084	-139	-489	299	943	1
objet	4085	-136	-422	294	739	1
objet	4086	-52	-58	99	90	1
objet	4087	-61	-66	118	106	1
objet	4088	-13	-7	27	15	1
objet	4089	-6	-445	751	451	1
objet	4090	-60	-78	101	94	1
objet	4091	-57	-75	101	94	1
objet	4092	-34	-64	81	74	1
objet	4093	-34	-63	81	74	1
objet	4094	-32	-44	57	54	1
objet	4095	-32	-44	57	54	1
objet	4096	-57	-73	101	94	1
objet	4097	-45	-55	86	71	1
objet	4098	-35	-83	101	102	1
objet	4099	-20	-32	38	40	1
objet	4100	-18	-30	38	40	1
objet	4101	-29	-47	56	61	1
objet	4102	-29	-50	56	61	1
objet	4103	-33	-57	63	71	1
objet	4104	-56	-56	86	72	1
objet	4105	-59	-118	95	131	1
objet	4106	-58	-118	95	131	1
objet	4107	-63	-259	153	290	1
objet	4108	-62	-255	153	282	1
objet	4109	-46	-231	146	253	1
objet	4110	-85	-252	150	273	1
objet	4111	-86	-249	150	273	1
objet	4112	-110	-235	180	258	1
objet	4113	-51	-188	108	212	1
objet	4114	-61	-189	108	208	1
objet	4115	-67	-149	127	169	1
objet	4116	-72	-147	127	169	1
objet	4117	-72	-165	125	185	1
objet	4118	-51	-163	125	186	1
objet	4119	-57	-180	134	210	1
objet	4120	-56	-185	133	209	1
objet	4121	-22	-50	56	59	1
objet	4122	-33	-59	67	73	1
objet	4123	-36	-60	66	73	1
objet	4124	-36	-64	67	73	1
objet	4125	-35	-63	66	74	1
objet	4126	-34	-63	66	73	1
objet	4127	-35	-47	67	58	1
objet	4128	-30	-47	64	58	1
objet	4129	-33	-48	64	58	1
objet	4130	-32	-73	113	95	1
objet	4131	-30	-42	69	61	1
objet	4132	-34	-44	69	62	1
objet	4133	-36	-54	87	79	1
objet	4134	-39	-56	82	72	1
objet	4135	-86	-34	180	80	1
objet	4136	-69	-26	144	63	1
objet	4137	-47	-18	102	45	1
objet	4138	0	0	1	1	1
objet	4139	0	0	1	1	1
objet	4140	0	0	1	1	1
objet	4141	-45	-28	96	49	1
objet	4142	-33	-20	76	39	1
objet	4143	-16	-10	36	19	1
objet	4144	-58	-120	128	166	1
objet	4145	-73	-209	158	271	1
objet	4146	-65	-158	140	208	1
objet	4147	-51	-103	94	131	1
objet	4148	-34	-14	80	42	1
objet	4149	-12	-237	25	89	1
objet	4150	-10	-271	28	101	1
objet	4151	2	-277	25	101	1
objet	4152	-35	-320	74	177	1
objet	4153	-20	-18	36	35	1
objet	4154	-68	-38	138	69	1
objet	4155	1	-107	53	120	1
objet	4156	-51	-105	53	120	1
objet	4157	-58	-173	89	188	1
objet	4158	-22	-39	74	55	1
objet	4159	-21	-40	74	54	1
objet	4160	-19	-41	74	55	1
objet	4161	-24	-62	85	74	1
objet	4162	-18	-63	82	74	1
objet	4163	-14	-126	40	65	1
objet	4164	-16	-137	39	71	1
objet	4165	-15	-141	38	75	1
objet	4166	-18	-143	39	78	1
objet	4167	-15	-146	39	77	1
objet	4168	-18	-145	38	77	1
objet	4169	-16	-151	37	83	1
objet	4170	-8	-114	21	43	1
objet	4171	-7	-116	21	44	1
objet	4172	-7	-115	20	48	1
objet	4173	-5	-108	14	37	1
objet	4174	-153	-373	198	380	1
objet	4175	-62	-26	124	52	1
objet	4176	-8	-110	14	37	1
objet	4177	-28	1	57	32	1
objet	4178	2	-14	60	28	1
objet	4179	-62	-15	54	35	1
objet	4180	-29	-28	56	30	1
objet	4181	-22	-20	47	37	1
objet	4182	-101	-75	201	98	1
objet	4183	-10	-92	22	100	1
objet	4184	-113	-168	451	263	1
objet	4185	-95	-132	288	167	1
objet	4186	-103	-84	200	99	1
objet	4187	-98	-220	183	243	1
objet	4188	-16	-51	34	60	1
objet	4189	-14	-26	31	36	1
objet	4190	-33	-115	50	126	1
objet	4191	-71	-152	123	164	1
objet	4192	-67	-157	129	172	1
objet	4193	-13	-28	30	32	1
objet	4194	-15	-31	35	36	1
objet	4195	-18	-33	38	41	1
objet	4196	-21	-37	45	43	1
objet	4197	-75	-73	160	83	1
objet	4198	-38	-40	137	51	1
objet	4199	-34	-30	128	48	1
objet	4200	-59	-61	130	80	1
objet	4201	-75	-97	187	120	1
objet	4202	-78	-92	190	130	1
objet	4203	-56	-93	162	114	1
objet	4204	-83	-101	207	120	1
objet	4205	-102	-121	239	150	1
objet	4206	-54	-273	111	292	1
objet	4207	-72	-306	150	322	1
objet	4208	-61	-118	129	130	1
objet	4209	-102	-170	202	189	1
objet	4210	-46	-56	92	80	1
objet	4211	-65	-78	126	112	1
objet	4212	-96	-166	199	185	1
objet	4213	-70	-321	147	344	1
objet	4214	-150	-342	278	383	1
objet	4215	-74	-34	157	61	1
objet	4216	-131	-53	257	114	1
objet	4217	-89	-38	184	81	1
objet	4218	-75	-214	160	268	1
objet	4219	-192	-445	209	253	1
objet	4220	-8	-406	150	182	1
objet	4221	-33	-187	68	201	1
objet	4222	-54	-113	84	124	1
objet	4223	-63	-160	177	222	1
objet	4224	-18	-104	46	116	1
objet	4225	-26	-31	60	47	1
objet	4226	-40	-84	80	101	1
objet	4227	-20	-34	44	41	1
objet	4228	-16	-20	35	28	1
objet	4229	-13	-28	31	37	1
objet	4230	-9	-18	19	23	1
objet	4231	-90	-250	218	345	1
objet	4232	-40	-529	109	405	1
objet	4233	-186	-469	413	369	1
objet	4234	-74	-520	163	443	1
objet	4235	-40	-412	116	316	1
objet	4236	-27	-330	73	209	1
objet	4237	-28	-401	98	282	1
objet	4238	-24	-20	47	38	1
objet	4239	-14	-16	39	43	1
objet	4240	-11	-9	28	24	1
objet	4241	-33	-11	56	17	1
objet	4242	-34	-17	90	31	1
objet	4243	-12	-18	87	43	1
objet	4244	-22	-16	44	32	1
objet	4245	-35	-28	77	48	1
objet	4246	-44	-54	84	76	1
objet	4247	-117	-166	214	210	1
objet	4248	-29	-121	60	196	1
objet	4249	-66	-218	162	345	1
objet	4250	-21	-45	38	60	1
objet	4251	-11	-37	25	67	1
objet	4252	-21	-93	51	165	1
objet	4253	-23	-119	49	194	1
objet	4254	-31	-119	60	196	1
objet	4255	-31	-97	59	165	1
objet	4256	-47	-128	87	197	1
objet	4257	-40	-123	97	204	1
objet	4258	-60	-158	111	236	1
objet	4259	-87	-16	132	76	1
objet	4260	-70	-36	149	86	1
objet	4261	-94	-6	181	57	1
objet	4262	-84	-38	149	86	1
objet	4263	-55	-15	132	76	1
objet	4264	-55	-30	187	65	1
objet	4265	-103	-8	152	46	1
objet	4266	-131	-33	188	65	1
objet	4267	0	0	1	1	1
objet	4268	-146	-66	200	107	1
objet	4269	-115	-71	200	108	1
objet	4270	-38	-48	80	68	1
objet	4271	-21	-79	48	90	1
objet	4272	-27	-8	54	56	1
objet	4273	-65	-29	147	161	1
objet	4274	-39	-14	79	84	1
objet	4275	-43	-17	79	84	1
objet	4276	-54	-65	110	81	1
objet	4277	-54	-66	109	81	1
objet	4278	-54	-65	109	81	1
objet	4279	-790	-1043	1504	1057	1
objet	4280	-309	-478	416	519	1
objet	4281	-102	-110	303	137	1
objet	4282	-91	-360	199	382	1
objet	4283	-76	-256	133	271	1
objet	4284	-283	-1010	1504	1058	1
objet	4285	-317	-622	1504	1057	1
objet	4286	-1054	-593	1504	1057	1
objet	4287	-45	-105	101	129	1
objet	4288	-703	-933	1502	1062	1
objet	4289	-531	-875	755	1060	1
objet	4290	-89	-865	787	1036	1
objet	4291	-107	-91	302	136	1
objet	4292	-72	-213	134	240	1
objet	4293	-88	-350	202	382	1
objet	4294	-329	-485	435	509	1
objet	4295	-135	-47	262	105	1
objet	4296	-136	-52	261	105	1
objet	4297	-599	-562	1118	751	1
objet	4298	-865	-731	1118	751	1
objet	4299	-561	-395	1118	751	1
objet	4300	-398	-282	749	467	1
objet	4301	-323	-181	527	306	1
objet	4302	-450	-242	811	440	1
objet	4303	-182	-502	343	502	1
objet	4304	-182	-507	343	505	1
objet	4305	-139	-261	274	288	1
objet	4306	-188	-356	408	403	1
objet	4307	-221	-396	460	443	1
objet	4308	-84	-138	166	148	1
objet	4309	-30	-39	66	53	1
objet	4310	-54	-59	105	72	1
objet	4311	-54	-66	120	75	1
objet	4312	-42	-80	60	88	1
objet	4313	-24	-99	83	109	1
objet	4314	-47	-109	91	119	1
objet	4315	-28	-61	89	70	1
objet	4316	-24	-51	41	56	1
objet	4317	-23	-76	63	85	1
objet	4318	-17	-75	60	83	1
objet	4319	-43	-129	145	112	1
objet	4320	-31	-84	58	100	1
objet	4321	-61	-24	121	44	1
objet	4322	-44	-22	91	43	1
objet	4323	-220	-132	461	434	1
objet	4324	-189	-115	409	402	1
objet	4325	-139	-79	275	294	1
objet	4326	-63	-198	210	215	1
objet	4327	-54	-131	90	136	1
objet	4328	-50	-204	139	228	1
objet	4329	-46	-129	83	136	1
objet	4330	-31	-81	78	106	1
objet	4331	-28	-66	76	93	1
objet	4332	-16	-60	47	53	1
objet	4333	-17	-59	47	53	1
objet	4334	-86	-55	68	89	1
objet	4335	-83	-53	68	89	1
objet	4336	-26	-32	61	84	1
objet	4337	-25	-33	52	47	1
objet	4338	-83	-41	170	75	1
objet	4339	-55	-24	110	48	1
objet	4340	-43	-15	88	32	1
objet	4341	-59	-27	118	52	1
objet	4342	-31	-4	66	41	1
objet	4343	-1	-16	56	27	1
objet	4344	-10	-23	74	29	1
objet	4345	-53	-193	210	216	1
objet	4346	-49	-130	90	136	1
objet	4347	-51	-204	139	227	1
objet	4348	-51	-130	83	136	1
objet	4349	-25	-76	78	106	1
objet	4350	-18	-63	76	93	1
objet	4351	-77	-52	67	89	1
objet	4352	-82	-49	68	89	1
objet	4353	-16	-60	47	52	1
objet	4354	-15	-62	48	52	1
objet	4355	-27	-34	62	85	1
objet	4356	-26	-34	53	47	1
objet	4357	-54	-56	169	74	1
objet	4358	-56	-25	117	51	1
objet	4359	-40	-15	87	31	1
objet	4360	-55	-24	109	47	1
objet	4361	-28	-17	55	27	1
objet	4362	-39	-17	73	28	1
objet	4363	-34	-14	74	26	1
objet	4364	-161	-358	332	366	1
objet	4365	-49	-331	325	335	1
objet	4366	-59	-208	139	228	1
objet	4367	-45	-130	83	136	1
objet	4368	-58	-192	210	216	1
objet	4369	-46	-131	90	136	1
objet	4370	-17	-62	77	94	1
objet	4371	-22	-79	78	106	1
objet	4372	9	-51	67	89	1
objet	4373	8	-50	68	89	1
objet	4374	-36	-50	47	53	1
objet	4375	-39	-47	47	53	1
objet	4376	-33	-32	61	84	1
objet	4377	-30	-32	52	47	1
objet	4378	-53	-54	170	75	1
objet	4379	-33	-15	73	26	1
objet	4380	-31	-18	73	29	1
objet	4381	-27	-18	56	27	1
objet	4382	-61	-27	118	52	1
objet	4383	-53	-26	110	48	1
objet	4384	-45	-15	88	32	1
objet	4385	-93	-120	192	123	1
objet	4386	-156	-251	242	322	1
objet	4387	-30	-250	243	322	1
objet	4388	-57	-294	108	442	1
objet	4389	-137	-141	273	176	1
objet	4390	-157	-370	346	459	1
objet	4391	-191	-370	346	459	1
objet	4392	-81	-420	152	628	1
objet	4393	-186	-202	383	245	1
objet	4394	-171	-544	474	629	1
objet	4395	-270	-506	474	629	1
objet	4396	-106	-576	207	860	1
objet	4397	-16	-21	31	30	1
objet	4398	-18	-23	31	30	1
objet	4399	-51	-84	80	96	1
objet	4400	-20	-32	36	40	1
objet	4401	-29	-92	74	97	1
objet	4402	-58	-85	98	98	1
objet	4403	-19	-26	39	39	1
objet	4404	-47	-25	91	41	1
objet	4405	-23	-137	45	147	1
objet	4406	-17	-50	36	53	1
objet	4407	0	0	1	1	1
objet	4408	-36	-65	75	80	1
objet	4409	-33	-57	68	74	1
objet	4410	-37	-89	74	107	1
objet	4412	-36	-71	75	93	1
objet	4413	-47	-100	95	118	1
objet	4414	-34	-62	75	80	1
objet	4415	-66	-96	99	117	1
objet	4416	-22	-37	61	54	1
objet	4417	-24	-35	49	47	1
objet	4418	-43	-97	90	110	1
objet	4419	-22	-40	48	52	1
objet	4420	-35	-42	68	56	1
objet	4421	-27	-47	59	63	1
objet	4422	-33	-39	68	56	1
objet	4423	-28	-48	60	63	1
objet	4424	-35	-39	68	55	1
objet	4425	-27	-45	58	63	1
objet	4426	-37	-116	73	142	1
objet	4427	-39	-126	73	142	1
objet	4428	-21	-146	42	153	1
objet	4429	-20	-143	41	153	1
objet	4430	-21	-143	42	154	1
objet	4431	-22	-143	42	153	1
objet	4432	-20	-144	42	153	1
objet	4433	-22	-143	41	153	1
objet	4434	-21	-15	51	24	1
objet	4435	-20	-32	49	43	1
objet	4436	-54	-42	107	58	1
objet	4437	0	0	1	1	1
objet	4438	-12	-23	31	30	1
objet	4439	-11	-21	32	29	1
objet	4440	-13	-17	31	30	1
objet	4441	-13	-19	31	30	1
objet	4443	-37	-28	71	47	1
objet	4444	-61	-41	127	83	1
objet	4445	-37	-27	71	47	1
objet	4446	-55	-44	127	83	1
objet	4447	-37	-24	71	47	1
objet	4448	-60	-42	127	83	1
objet	4449	-94	-411	249	225	1
objet	4450	-67	-620	164	549	1
objet	4451	-49	-365	89	190	1
objet	4452	-4	-57	11	19	1
objet	4453	-25	-69	60	79	1
objet	4454	-10	-49	28	58	1
objet	4455	-53	-81	127	101	1
objet	4456	-55	-87	127	108	1
objet	4457	-55	-69	127	88	1
objet	4458	-55	-92	102	111	1
objet	4459	-38	-127	112	141	1
objet	4460	-57	-55	98	69	1
objet	4461	-40	-90	102	111	1
objet	4462	-72	-126	113	141	1
objet	4463	-80	-87	161	112	1
objet	4464	-45	-49	110	64	1
objet	4465	-47	-48	110	63	1
objet	4466	-48	-46	109	68	1
objet	4467	-19	-161	146	175	1
objet	4468	-20	-162	147	180	1
objet	4469	-20	-194	120	210	1
objet	4470	-76	-150	112	155	1
objet	4473	-68	-48	139	73	1
objet	4474	-59	-222	114	236	1
objet	4475	-59	-222	113	236	1
objet	4476	-54	-222	114	236	1
objet	4477	-55	-222	114	236	1
objet	4478	-71	-211	198	209	1
objet	4479	-58	-221	178	221	1
objet	4480	-35	-176	36	66	1
objet	4481	-20	-32	32	34	1
objet	4482	-22	-12	44	22	1
objet	4483	-35	-17	69	34	1
objet	4484	-115	-210	240	190	1
objet	4485	-13	-165	46	68	1
objet	4486	-32	-166	46	68	1
objet	4487	-51	-19	108	38	1
objet	4488	-106	-430	249	225	1
objet	4489	-13	-49	26	61	1
objet	4490	-59	-47	117	63	1
objet	4491	-36	-28	72	40	1
objet	4492	-88	-82	190	109	1
objet	4493	-90	-81	189	109	1
objet	4494	-53	-93	66	183	1
objet	4495	-5	-67	73	163	1
objet	4496	-44	-100	81	129	1
objet	4497	-40	-81	94	99	1
objet	4498	-55	-18	109	56	1
objet	4499	-34	-18	85	53	1
objet	4500	-49	-10	115	61	1
objet	4501	-21	-4	46	24	1
objet	4502	-38	-53	78	74	1
objet	4503	-37	-54	78	74	1
objet	4504	-50	-124	100	137	1
objet	4505	-280	-470	302	485	1
objet	4506	-429	-719	463	744	1
objet	4507	-18	-449	43	466	1
objet	4508	-31	-806	76	832	1
objet	4509	-50	-344	244	376	1
objet	4510	-30	-354	271	372	1
objet	4511	-30	-296	226	326	1
objet	4512	-28	-426	416	429	1
objet	4513	-134	-469	630	515	1
objet	4514	-26	-463	59	479	1
objet	4515	-17	-259	33	281	1
objet	4516	-33	-57	39	49	1
objet	4517	-203	-440	349	497	1
objet	4518	-40	-110	93	122	1
objet	4519	-29	-97	93	122	1
objet	4520	-135	-114	266	184	1
objet	4521	-28	-30	61	46	1
objet	4522	-27	-23	58	37	1
objet	4523	-223	-128	276	225	1
objet	4524	0	0	1	1	1
objet	4525	-112	-278	146	321	1
objet	4526	-83	-696	643	758	1
objet	4527	-82	-697	643	758	1
objet	4528	-70	-764	646	814	1
objet	4529	-63	-732	648	769	1
objet	4530	-452	-653	525	698	1
objet	4531	-286	-421	554	484	1
objet	4532	-150	-333	331	415	1
objet	4533	-112	-191	224	258	1
objet	4534	-123	-593	231	639	1
objet	4535	-11	-451	268	470	1
objet	4536	-76	-448	96	474	1
objet	4537	-238	-453	286	505	1
objet	4538	-118	-83	240	128	1
objet	4539	-82	-290	232	334	1
objet	4540	-85	-197	174	245	1
objet	4541	-109	-159	202	216	1
objet	4542	-95	-165	204	205	1
objet	4543	-69	-69	144	143	1
objet	4544	-104	-106	224	224	1
objet	4545	-66	-69	144	143	1
objet	4546	-102	-107	223	224	1
objet	4547	-65	-72	144	143	1
objet	4548	-102	-110	224	224	1
objet	4549	-49	-47	55	59	1
objet	4550	-29	-48	28	45	1
objet	4551	-28	-48	28	45	1
objet	4552	-83	-105	140	105	1
objet	4553	-77	-36	133	105	1
objet	4554	-29	-34	57	51	1
objet	4555	-38	-48	38	60	1
objet	4556	-29	-57	59	55	1
objet	4557	-2	-50	39	62	1
objet	4558	-10	-23	21	39	1
objet	4559	10	-28	21	33	1
objet	4560	-3	-52	18	45	1
objet	4561	-283	-479	703	587	1
objet	4562	-134	-213	508	323	1
objet	4563	-75	-138	192	190	1
objet	4564	-63	-120	190	189	1
objet	4565	-66	-78	133	96	1
objet	4566	-77	-321	180	416	1
objet	4567	-48	-68	111	103	1
objet	4568	-59	-72	129	119	1
objet	4569	-54	-78	129	119	1
objet	4570	-47	-64	110	101	1
objet	4571	-49	-63	113	104	1
objet	4572	-242	-151	433	378	1
objet	4573	-56	-39	166	95	1
objet	4574	-128	-224	232	260	1
objet	4575	-98	-204	189	239	1
objet	4576	-124	-224	232	260	1
objet	4577	-99	-203	188	239	1
objet	4578	-164	-245	287	339	1
objet	4579	-127	-274	298	344	1
objet	4580	-229	-322	457	469	1
objet	4581	-161	-150	249	235	1
objet	4582	-118	-101	254	183	1
objet	4583	-128	-46	340	91	1
objet	4584	-28	-60	62	75	1
objet	4585	0	0	1	1	1
objet	4586	-54	-52	84	70	1
objet	4587	-54	-47	85	61	1
objet	4588	-25	-34	31	48	1
objet	4589	-53	-44	84	61	1
objet	4590	-29	-91	68	109	1
objet	4591	-53	-94	69	38	1
objet	4592	-18	-80	51	41	1
objet	4593	-72	-108	102	56	1
objet	4594	-22	-83	71	56	1
objet	4595	-21	-51	38	55	1
objet	4596	-35	-55	87	71	1
objet	4597	-59	-80	86	94	1
objet	4598	-23	-15	22	24	1
objet	4599	-25	-93	37	100	1
objet	4600	-10	-63	28	68	1
objet	4601	-5	-142	107	156	1
objet	4602	-58	-109	116	125	1
objet	4603	-102	-143	108	157	1
objet	4604	-3	-86	27	63	1
objet	4605	-24	-87	28	62	1
objet	4606	3	-75	15	18	1
objet	4607	-17	-74	15	19	1
objet	4608	-24	-11	49	27	1
objet	4609	-21	-83	35	51	1
objet	4610	-15	-86	29	47	1
objet	4611	-22	-115	109	96	1
objet	4612	-27	-92	51	71	1
objet	4613	-17	-91	30	58	1
objet	4614	-56	-85	110	124	1
objet	4615	-28	-75	163	92	1
objet	4616	-19	-35	35	48	1
objet	4617	-29	-97	58	114	1
objet	4618	-31	-14	58	59	1
objet	4619	-26	-16	164	64	1
objet	4620	-26	-15	58	59	1
objet	4621	-27	-100	58	114	1
objet	4622	-62	-168	152	201	1
objet	4623	-94	-171	147	188	1
objet	4624	-22	-161	97	194	1
objet	4625	-43	-150	175	171	1
objet	4626	-35	-162	97	194	1
objet	4627	-58	-151	161	155	1
objet	4628	-50	-170	193	193	1
objet	4629	-53	-27	90	57	1
objet	4630	-51	-33	92	66	1
objet	4631	-52	-28	88	57	1
objet	4632	-27	-8	54	21	1
objet	4633	-25	-62	65	78	1
objet	4634	-28	-83	54	98	1
objet	4635	-18	-11	34	21	1
objet	4636	-15	-9	27	17	1
objet	4637	-16	-7	32	9	1
objet	4638	-40	-32	93	61	1
objet	4639	-84	-18	109	43	1
objet	4640	-44	-20	89	78	1
objet	4641	-80	-30	128	78	1
objet	4642	-15	-90	39	128	1
objet	4643	-36	-90	66	113	1
objet	4644	-33	-83	89	106	1
objet	4645	-38	-90	88	111	1
objet	4646	10	-129	31	30	1
objet	4647	-18	-13	37	23	1
objet	4648	-18	-12	36	23	1
objet	4649	-25	-111	75	134	1
objet	4650	-22	-120	85	141	1
objet	4651	-25	-113	74	124	1
objet	4652	-23	-114	75	124	1
objet	4653	-41	-112	102	134	1
objet	4654	-28	-112	86	129	1
objet	4655	-23	-113	75	134	1
objet	4656	-25	-116	102	130	1
objet	4657	-27	-117	75	130	1
objet	4658	-28	-144	75	155	1
objet	4659	-50	-107	101	132	1
objet	4660	-28	-110	75	125	1
objet	4661	-24	-66	49	83	1
objet	4662	-33	-132	46	143	1
objet	4663	-10	-54	27	59	1
objet	4664	-81	-38	151	69	1
objet	4665	-17	-11	37	23	1
objet	4666	-15	-15	25	20	1
objet	4667	-14	-13	28	22	1
objet	4668	-13	-9	27	22	1
objet	4669	-15	-13	28	22	1
objet	4670	-14	-11	28	23	1
objet	4671	-15	-12	30	19	1
objet	4672	-9	-12	32	24	1
objet	4673	-22	-11	43	24	1
objet	4674	-21	-12	37	24	1
objet	4675	-17	-7	32	17	1
objet	4676	-22	-47	54	59	1
objet	4677	-21	-32	47	42	1
objet	4678	-17	-18	32	25	1
objet	4679	-16	-17	31	24	1
objet	4680	-21	-24	32	29	1
objet	4681	-11	-9	25	13	1
objet	4682	-14	-8	25	14	1
objet	4683	-32	-33	37	43	1
objet	4684	-25	-19	30	31	1
objet	4685	-29	-16	57	34	1
objet	4686	-4	-18	30	31	1
objet	4687	-20	-159	44	171	1
objet	4688	-28	-123	55	136	1
objet	4689	-35	-129	71	142	1
objet	4690	-13	-26	28	34	1
objet	4691	-13	-26	28	33	1
objet	4692	-10	-17	21	24	1
objet	4693	-52	-102	101	139	1
objet	4694	-14	-5	33	21	1
objet	4695	-11	-57	18	59	1
objet	4696	-18	-7	35	17	1
objet	4697	-12	-10	31	19	1
objet	4698	-19	-8	44	20	1
objet	4699	-13	-12	27	21	1
objet	4700	-22	-14	34	21	1
objet	4701	0	-7	18	14	1
objet	4702	-60	-62	86	60	1
objet	4703	-56	-59	86	60	1
objet	4704	-16	-18	30	27	1
objet	4705	-15	-21	29	34	1
objet	4706	-19	-33	40	43	1
objet	4707	-20	-32	42	48	1
objet	4708	-59	-125	100	141	1
objet	4709	-60	-195	100	211	1
objet	4710	-59	-165	100	180	1
objet	4711	-59	-175	100	191	1
objet	4712	-43	-176	100	192	1
objet	4713	-41	-125	100	141	1
objet	4714	-42	-195	101	211	1
objet	4715	-41	-162	100	177	1
objet	4716	-62	-194	98	198	1
objet	4717	-30	-101	64	117	1
objet	4718	-18	-113	58	128	1
objet	4719	-31	-113	121	115	1
objet	4720	-67	-88	134	119	1
objet	4721	-37	-112	57	128	1
objet	4722	-33	-112	66	124	1
objet	4723	-59	-124	100	83	1
objet	4724	-41	-125	100	83	1
objet	4725	-25	-26	72	38	1
objet	4726	-26	-39	46	48	1
objet	4727	-23	-102	42	52	1
objet	4728	-3	-103	24	47	1
objet	4729	-17	-20	42	30	1
objet	4730	-16	-10	29	17	1
objet	4731	-15	-18	32	27	1
objet	4732	-62	-132	58	60	1
objet	4734	-61	-153	59	80	1
objet	4735	-60	-156	59	81	1
objet	4736	-36	-22	75	44	1
objet	4737	-35	-23	75	43	1
objet	4738	-37	-22	75	43	1
objet	4739	-44	-127	51	99	1
objet	4740	-35	-129	51	99	1
objet	4741	-45	-131	69	109	1
objet	4742	-31	-132	68	109	1
objet	4743	-48	-134	64	116	1
objet	4744	-27	-29	46	39	1
objet	4745	-27	-28	47	40	1
objet	4746	-26	-48	77	64	1
objet	4747	-20	-36	76	52	1
objet	4748	-75	-234	160	286	1
objet	4749	-59	-101	119	131	1
objet	4750	-28	-52	56	68	1
objet	4751	-249	-709	444	766	1
objet	4752	-147	-562	351	606	1
objet	4753	-50	-179	100	194	1
objet	4754	-40	-125	79	137	1
objet	4755	-17	-92	29	98	1
objet	4756	-70	-460	146	479	1
objet	4757	-32	-37	61	53	1
objet	4758	-35	-36	62	53	1
objet	4759	-28	-39	59	55	1
objet	4760	-32	-42	59	56	1
objet	4761	-30	-34	59	49	1
objet	4762	-30	-33	59	48	1
objet	4763	-46	-20	91	47	1
objet	4764	-69	-33	161	84	1
objet	4765	-77	-38	161	85	1
objet	4766	-24	-18	45	30	1
objet	4767	-29	-26	67	44	1
objet	4768	-23	-17	46	30	1
objet	4769	-33	-28	67	44	1
objet	4770	-16	-17	28	27	1
objet	4771	-12	-20	28	27	1
objet	4772	-32	-46	67	64	1
objet	4773	-31	-46	66	64	1
objet	4774	-38	-45	83	67	1
objet	4775	-47	-46	83	68	1
objet	4776	-26	-24	48	38	1
objet	4777	-23	-26	48	39	1
objet	4778	-47	-21	97	43	1
objet	4779	-17	-30	32	37	1
objet	4780	-14	-31	33	37	1
objet	4781	-12	-36	24	42	1
objet	4782	-16	-20	29	29	1
objet	4783	-7	-10	15	16	1
objet	4784	-14	-16	27	25	1
objet	4785	-14	-16	28	25	1
objet	4786	-5	-9	13	13	1
objet	4787	-9	-14	16	19	1
objet	4788	-10	-17	20	23	1
objet	4789	-9	-11	13	14	1
objet	4790	-6	-12	16	18	1
objet	4791	-8	-18	20	22	1
objet	4792	-143	-298	140	275	1
objet	4793	-131	-304	169	238	1
objet	4794	-45	-21	91	48	1
objet	4795	-82	-43	161	84	1
objet	4796	-76	-46	161	85	1
objet	4797	-63	-55	115	101	1
objet	4798	-66	-54	116	102	1
objet	4799	-48	-62	97	94	1
objet	4800	-53	-59	104	90	1
objet	4801	-49	-41	100	79	1
objet	4802	-51	-46	99	84	1
objet	4803	-41	-45	65	61	1
objet	4804	-42	-47	69	65	1
objet	4805	-53	-105	108	124	1
objet	4806	-49	-21	98	43	1
objet	4807	-103	-170	191	222	1
objet	4808	-43	-166	59	171	1
objet	4809	-96	-114	119	156	1
objet	4810	-28	-85	57	102	1
objet	4811	-142	-138	287	237	1
objet	4812	-163	-347	351	377	1
objet	4813	-26	-31	30	31	1
objet	4814	-3	-32	30	31	1
objet	4815	-28	-37	57	39	1
objet	4817	-90	-47	185	98	1
objet	4829	-13	-7	26	14	1
objet	4832	-190	-249	396	348	1
objet	4833	-396	-451	792	458	1
objet	4834	-402	-228	778	327	1
objet	4835	-55	-155	358	195	1
objet	4836	-371	-148	552	233	1
objet	4837	-27	-111	60	126	1
objet	4838	-58	-150	114	191	1
objet	4850	-19	-68	73	78	1
objet	4851	-2	-300	5	170	1
objet	4852	-20	-48	51	58	1
objet	4853	-196	-179	396	348	1
objet	4854	-343	-135	553	233	1
objet	4855	-80	-141	358	195	1
objet	4856	-246	-505	779	328	1
objet	6550	-58	-92	108	123	1
objet	6551	-56	121	170	253	1
objet	6552	-29	-90	68	101	1
objet	6553	-34	-53	63	63	1
objet	6554	0	-4	9	7	1
objet	6555	-42	-61	69	73	1
objet	6556	-58	-92	108	123	1
objet	6557	-20	-136	70	150	1
objet	6558	-60	-155	123	158	1
objet	6559	-139	-364	260	406	1
objet	6560	-30	-62	57	78	1
objet	6561	0	-56	34	66	1
objet	6562	-144	-364	265	406	1
objet	6563	-29	-90	68	101	1
objet	6564	-43	-96	78	133	1
objet	6565	-25	-14	52	30	1
objet	6566	-17	-9	1	1	1
objet	6567	-16	-46	37	55	1
objet	6568	-18	-39	37	49	1
objet	6569	-30	-59	55	71	1
objet	6570	-16	-46	37	55	1
objet	6571	-58	-93	107	144	1
objet	6572	-16	-46	37	55	1
objet	6573	-16	-46	37	55	1
objet	6574	-16	-46	37	55	1
objet	6575	-139	-403	279	439	1
objet	6576	-195	-281	351	395	1
objet	6580	-49	-116	97	138	1
objet	6581	-49	-116	97	138	1
objet	6582	-49	-117	97	138	1
objet	6700	-18	-51	35	60	1
objet	6701	-31	-63	44	73	1
objet	6702	4	-37	22	49	1
objet	6703	8	-49	25	61	1
objet	6704	-11	-48	34	65	1
objet	6705	-32	-41	33	46	1
objet	6706	-28	-45	54	57	1
objet	6707	-1	-45	32	61	1
objet	6708	-29	-44	28	59	1
objet	6709	-94	-138	116	150	1
objet	6710	13	-38	29	52	1
objet	6711	-34	-39	28	51	1
objet	6712	-10	-42	28	52	1
objet	6713	-21	-37	23	46	1
objet	6714	-42	-45	47	68	1
objet	6715	-20	-47	45	51	1
objet	6716	-29	-27	29	43	1
objet	6717	-42	-45	47	68	1
objet	6718	-20	-47	45	51	1
objet	6719	8	-39	29	57	1
objet	6720	-25	-36	24	49	1
objet	6721	-29	-34	27	50	1
objet	6722	-43	-43	56	68	1
objet	6723	-16	-45	27	52	1
objet	6724	-13	-50	29	58	1
objet	6725	-30	-42	28	55	1
objet	6726	-23	-39	28	52	1
objet	6727	197	-160	29	49	1
objet	6728	-31	-92	21	38	1
objet	6729	-36	-39	35	52	1
objet	6730	-40	-59	38	78	1
objet	6731	-36	-44	34	60	1
objet	6732	-25	-31	30	50	1
objet	6733	-11	-49	48	68	1
objet	6734	-3	-57	39	74	1
objet	6735	-35	-54	38	73	1
objet	6736	-20	-51	45	68	1
objet	6737	-25	-33	31	53	1
objet	6738	3	-40	47	67	1
objet	6739	2	-43	48	68	1
objet	6740	-13	-43	27	51	1
objet	6741	-10	-43	28	52	1
objet	6742	-16	-37	46	53	1
objet	6743	-10	-35	46	53	1
objet	6744	-25	-36	29	51	1
objet	6745	-11	-40	28	51	1
objet	6746	-6	-50	45	65	1
objet	6747	-32	-56	36	66	1
objet	6748	-21	-44	14	50	1
objet	6749	-9	-46	24	68	1
objet	6750	-21	-63	22	59	1
objet	6751	-32	-110	22	57	1
objet	6752	-25	-38	17	42	1
objet	6753	-20	-62	20	62	1
objet	6754	0	-79	26	77	1
objet	6755	-27	-51	42	61	1
objet	6756	-15	-48	43	61	1
objet	6757	-11	-54	42	61	1
objet	6758	-14	-51	41	62	1
objet	6759	-7	-53	27	50	1
objet	6760	10	-60	27	51	1
objet	6761	9	-58	27	50	1
objet	6762	-5	-58	27	50	1
objet	6763	-18	-33	36	44	1
objet	6764	-22	-75	56	90	1
objet	6765	-17	-58	31	54	1
objet	6766	-18	-70	35	83	1
objet	6767	-18	-33	36	44	1
objet	6768	-24	-59	31	55	1
objet	6769	4	-66	25	64	1
objet	6770	-1	-126	32	132	1
objet	6771	-3	-124	32	132	1
objet	6772	-30	-49	59	69	1
objet	6773	-2	-53	29	51	1
objet	6774	-3	-54	30	50	1
objet	6775	1	-52	26	52	1
objet	6776	-14	-63	72	78	1
objet	7000	-53	-80	93	102	1
objet	7001	-29	-125	59	140	1
objet	7002	-42	-138	90	154	1
objet	7003	-29	-88	78	100	1
objet	7004	-60	-102	100	116	1
objet	7005	-29	-88	78	100	1
objet	7006	-23	-29	73	54	1
objet	7007	-34	-88	83	102	1
objet	7008	-75	-58	84	72	1
objet	7009	-75	-58	84	72	1
objet	7010	-75	-58	84	72	1
objet	7011	-25	-55	73	63	1
objet	7012	-25	-55	51	64	1
objet	7013	-25	-41	73	54	1
objet	7014	-65	-55	90	84	1
objet	7015	-65	-55	90	84	1
objet	7016	-65	-55	90	84	1
objet	7017	-22	-41	42	54	1
objet	7018	-15	-41	57	45	1
objet	7019	-26	-93	56	108	1
objet	7020	-19	-28	33	33	1
objet	7021	-27	-63	55	78	1
objet	7022	-29	-98	81	110	1
objet	7023	-26	-98	78	110	1
objet	7024	-25	-85	52	100	1
objet	7025	-32	-58	56	71	1
objet	7026	-53	-80	93	102	1
objet	7027	-19	-28	33	33	1
objet	7028	-27	-69	70	78	1
objet	7029	-58	-83	102	106	1
objet	7030	-30	-86	60	100	1
objet	7031	-31	-87	61	101	1
objet	7032	-19	-28	33	33	1
objet	7033	-19	-28	33	33	1
objet	7034	-19	-28	33	33	1
objet	7035	-24	-52	51	60	1
objet	7036	-52	-57	75	83	1
objet	7037	-56	-43	83	71	1
objet	7038	-55	-32	76	57	1
objet	7039	-57	-48	83	74	1
objet	7040	-46	-123	120	146	1
objet	7041	-12	-35	28	43	1
objet	7042	-12	-35	28	43	1
objet	7043	-12	-35	28	43	1
objet	7044	-12	-35	28	43	1
objet	7045	-18	-50	25	33	1
objet	7046	-24	-68	49	61	1
objet	7350	-12	-23	26	31	1
objet	7351	-18	-24	46	36	1
objet	7352	-15	-41	33	49	1
objet	7353	-15	-22	34	32	1
objet	7500	-35	-97	69	107	1
objet	7501	-35	-97	69	107	1
objet	7502	-35	-97	69	107	1
objet	7503	-35	-97	69	107	1
objet	7504	-35	-97	69	107	1
objet	7505	-35	-97	69	107	1
objet	7506	-35	-97	69	107	1
objet	7507	-35	-97	69	107	1
objet	7508	-35	-97	69	107	1
objet	7509	-144	-372	298	384	1
objet	7510	-54	-31	102	62	1
objet	7511	-26	-56	56	73	1
objet	7512	-26	-59	56	73	1
objet	7513	-26	-54	56	73	1
objet	7514	-26	-54	56	73	1
objet	7515	-26	-54	56	73	1
objet	7516	-26	-54	56	73	1
objet	7517	-26	-54	56	73	1
objet	7518	-26	-54	56	73	1
objet	7519	-27	-79	43	90	1
objet	7520	-6	-69	34	73	1
objet	7521	-6	-69	34	73	1
objet	7522	-6	-69	34	73	1
objet	7523	-6	-69	34	73	1
objet	7524	-6	-69	34	73	1
objet	7525	-6	-69	34	73	1
objet	7526	-6	-69	34	73	1
objet	7527	-6	-69	34	73	1
objet	7528	-6	-69	34	73	1
objet	7529	-25	-4	48	27	1
objet	7530	-25	-4	48	27	1
objet	7531	-28	-2	52	23	1
objet	7532	-28	-2	52	23	1
objet	7533	-5	-18	11	17	1
objet	7534	-5	-18	11	17	1
objet	7535	-5	-18	11	17	1
objet	7536	-5	-18	11	17	1
objet	7537	-22	-4	49	26	1
objet	7538	-22	-4	49	26	1
objet	7539	-28	-5	54	24	1
objet	7540	-28	-5	54	24	1
objet	7541	-43	-100	82	104	1
objet	7542	-24	-144	62	148	1
objet	7543	-28	-5	54	24	1
objet	7544	-25	-4	48	27	1
objet	7546	-21	-121	67	132	1
objet	7547	-20	-131	66	141	1
objet	7548	-24	-73	78	90	1
objet	7549	-10	-11	19	16	1
objet	7550	-22	-23	47	41	1
objet	7551	-12	-20	25	24	1
objet	7552	-35	-401	91	411	1
objet	7553	-34	-85	43	89	1
objet	7554	-33	-85	42	89	1
objet	7555	-14	-81	57	71	1
objet	7556	-14	-81	57	71	1
objet	7557	-36	-105	86	114	1
objet	10000	-27	-21	54	36	1
objet	10001	-27	-14	54	29	1
objet	10002	-27	-14	54	28	1
selection	1	-26	-13	52	26	1
selection	2	-26	-20	52	33	1
selection	3	-26	-33	52	46	1
selection	4	-26	-33	52	46	1
selection	5	-26	-20	52	33	1
selection	6	-26	-20	52	33	1
selection	7	-26	-33	52	46	1
selection	8	-26	-33	52	46	1
selection	9	-23	-13	46	12	1
selection	10	-23	-19	46	18	1
selection	11	-26	-33	52	33	1
selection	12	-26	-33	52	33	1
selection	13	-23	-19	46	18	1
selection	14	-23	-19	46	13	1
selection	15	-26	-33	52	33	1
interaction	1	-27	-14	54	28	1
interaction	2	-27	-20	54	34	1
interaction	3	-27	-34	54	48	1
interaction	4	-27	-34	54	48	1
interaction	5	-26	-20	54	34	1
interaction	6	-27	-20	55	34	1
interaction	7	-26	-34	53	48	1
interaction	8	-26	-34	53	48	1
interaction	9	-26	-13	53	14	1
interaction	10	-27	-20	54	21	1
interaction	11	-26	-34	53	35	1
interaction	12	-26	-34	53	35	1
interaction	13	-26	-20	54	21	1
interaction	14	-26	-20	54	14	1
interaction	15	-26	-34	53	35	1
